{
	code: "bellow",
	class: "BlockTrapdoor",
	behaviors: [
		{name: "Lockable" }, 
		{
			name: "ExchangeOnInteract",
			properties: {
				exchangeStates: ["*-closed-*", "*-opened-*"],
				sound: "block/blower/blow",
				actionLangCode: "blockhelp-trapdoor-openclose"
			}
		},
		{
			name: "OmniRotatable",
			properties: {
				"rotateH": true,
				"rotateV": true,
				"rotateV4": true,
				"facing": "block"
			}
		}
	],
	attributes: {
		handbook: {
			groupBy: ["trapdoor-*"]
		}
	},
	variantgroups: [
		{ code: "state", states: ["closed", "opened"] },
		{ code: "v", states: ["up", "left", "down", "right"] },
		{ code: "rot", loadFromProperties: "abstract/horizontalorientation" }
	],
	shapeByType: {
		"*-up-north": { base: "block/medieval/bellow/bellow-{state}", rotateY: 0, rotateZ: 0 },
		"*-up-west": { base: "block/medieval/bellow/bellow-{state}", rotateY: 90, rotateX: 0 },
		"*-up-south": { base: "block/medieval/bellow/bellow-{state}", rotateY: 180, rotateZ: 0 },
		"*-up-east": { base: "block/medieval/bellow/bellow-{state}", rotateY: 270, rotateX: 0 },
		"*-left-north": { base: "block/medieval/bellow/bellow-{state}", rotateY: 0, rotateZ: 0 },
		"*-left-west": { base: "block/medieval/bellow/bellow-{state}", rotateY: 90, rotateX: 0 },
		"*-left-south": { base: "block/medieval/bellow/bellow-{state}", rotateY: 180, rotateZ: 0 },
		"*-left-east": { base: "block/medieval/bellow/bellow-{state}", rotateY: 270, rotateX: 0 },
		"*-down-north": { base: "block/medieval/bellow/bellow-{state}", rotateY: 0, rotateZ: 0 },
		"*-down-west": { base: "block/medieval/bellow/bellow-{state}", rotateY: 90, rotateX: 0 },
		"*-down-south": { base: "block/medieval/bellow/bellow-{state}", rotateY: 180, rotateZ: 0 },
		"*-down-east": { base: "block/medieval/bellow/bellow-{state}", rotateY: 270, rotateX: 0 },
		"*-right-north": { base: "block/medieval/bellow/bellow-{state}", rotateY: 0, rotateZ: 0 },
		"*-right-west": { base: "block/medieval/bellow/bellow-{state}", rotateY: 90, rotateX: 0 },
		"*-right-south": { base: "block/medieval/bellow/bellow-{state}", rotateY: 180, rotateZ: 0 },
		"*-right-east": { base: "block/medieval/bellow/bellow-{state}", rotateY: 270, rotateX: 0 }
	},
	creativeinventory: { "general": ["*-closed-up-south"], "decorative": ["*-closed-up-south"], "medieval": ["*-closed-up-south"] },
	drops: [{ code: "bellow-closed-up-south" }],
	blockmaterial: "Wood",
	texturesByType: {

		"*-{state}-*": { 
						
						"0": "block/wood/bellow/bellow1",
						"1": "block/wood/bellow/bellow2",
						"2": "block/wood/bellow/bellow3"
		}
	},
	replaceable: 900,
	lightAbsorption: 100,
	resistance: 3,
	sideopaque: { all: false },
	sidesolid: { all: false },
	emitsideao: { all: false },
	sideao: { all: true },
	collisionboxesByType: {
	"*-closed-*": [
		{ x1: 0.1875, y1: 0, z1: 0, x2: 0.8125, y2: 0.25, z2: 1,
			rotateYByType: {
				"*-east": 270,
				"*-west": 90,
				"*-south": 180,
				"*-north": 0

			}
		}
	],
		"*-opened-*-*": [{ x1: 0.1875, y1: 0, z1: 0, x2: 0.8125, y2: 0.25, z2: 1, 

				rotateYByType: {
				"*-up-north": 0,
				"*-down-north": 0,
				"*-east": 270,
				"*-up-south": 180,
				"*-down-south": 180,
				"*-west": 90,
				"*-left-south": 180,
				"*-right-south": 180,
				
			},
			rotateXByType: {
				"*-left-west": 0,
				"*-right-east": 0,
				"*-left-north": 0,
				"*-left-south": 0,
				"*-right-west": 0,
				"*-left-east": 0,
				"*-right-north": 0,
				"*-right-south": 0

			},
			rotateZByType: {
				"*-left-north": 0,
				"*-left-south": 0,
				"*-right-north": 0,
				"*-right-south": 0
			}
		}
	]
	},
	selectionboxesByType: {
		"*-closed-*": [
		{ x1: 0.1875, y1: 0, z1: 0, x2: 0.8125, y2: 0.25, z2: 1,
			rotateYByType: {
				"*-east": 270,
				"*-west": 90,
				"*-south": 180,
				"*-north": 0

			}
		}
	],
		"*-opened-*-*": [{ x1: 0.1875, y1: 0, z1: 0, x2: 0.8125, y2: 0.25, z2: 1,

				rotateYByType: {
				"*-up-north": 0,
				"*-down-north": 0,
				"*-east": 270,
				"*-up-south": 180,
				"*-down-south": 180,
				"*-west": 90,
				"*-left-south": 180,
				"*-right-south": 180,
				
			},
			rotateXByType: {
				"*-left-west": 0,
				"*-right-east": 0,
				"*-left-north": 0,
				"*-left-south": 0,
				"*-right-west": 0,
				"*-left-east": 0,
				"*-right-north": 0,
				"*-right-south": 0

			},
			rotateZByType: {
				"*-left-north": 0,
				"*-left-south": 0,
				"*-right-north": 0,
				"*-right-south": 0
			}
		}
	]
	},
	combustibleProps: {
		burnTemperature: 600,
		burnDuration: 15
	},
	sounds: {
		"place": "game:block/planks",
		"hit": "game:block/planks",
		"break": "game:block/planks",
		"walk": "game:walk/wood"
	},
		guiTransform: {
		origin: { x: 0.7, y: 0.125, z: 0.8 },
		scale: 1.68
	},
	tpHandTransform: {
		translation: { x: -1.5, y: -0.1, z: -1.07 },
		rotation: { x: 102, y: 7, z: 0 },
		origin: { x: 0.5, y: 0.1, z: 0.5 },
		scale: 0.4
	},
	fpHandTransform: {
		translation: { x: 0.1, y: 0, z: 0.33 },
		rotation: { x: 0, y: -50, z: 109 },
		origin: { x: 0.5, y: 0.13, z: 0.5 },
		scale: 1.37
	}
}
