{
	code: "anigate",
	class: "BlockGeneric",
	entityClass: "Generic",
	behaviors: [ 
		{ name: "Door" }, 
		{ name: "BlockEntityInteract" }, 
		{ name: "Lockable" }
	],
	entityBehaviors: [{ name: "Door" }],
	variantgroups: [
		{ code: "type", states: ["doorgate", "doorgateeng", "doorhalfgate", "doorhalfgateeng"] }
	],
	attributes: {
		widthByType: {
			"anigate-doorhalfgate": 2,
			"anigate-doorhalfgateeng": 2,
			"anigate-doorgate": 2,
			"anigate-doorgateeng": 2
		},
		heightByType: {
			"anigate-doorgate": 4,
			"anigate-doorgateeng": 4,
			"anigate-doorhalfgate": 2,
			"anigate-doorhalfgateeng": 2,
		},
		openSoundByType: {
			"anigate-doorhalfgate": "game:sounds/block/largedoor-open",
			"anigate-doorhalfgateeng": "game:sounds/block/largedoor-open",
			"anigate-doorgate": "game:sounds/block/largedoor-open",
			"anigate-doorgateeng": "game:sounds/block/largedoor-open"
		},
		closeSoundByType: {
			"anigate-doorhalfgate": "game:sounds/block/largedoor-close",
			"anigate-doorhalfgateeng": "game:sounds/block/largedoor-close",
			"anigate-doorgate": "game:sounds/block/largedoor-close",
			"anigate-doorgateeng": "game:sounds/block/largedoor-close"
		},
		easingSpeedByType: {
			"anigate-doorhalfgate": 2,
			"anigate-doorhalfgateeng": 2,
			"anigate-doorgate": 1,
			"anigate-doorgateeng": 1
		}
	},
	creativeinventoryByType: {
		"*": { "general": ["*"], "decorative": ["*"], "medieval": ["*"] },
	},
	shapeByType: {
		"anigate-doorhalfgate":{ base: "block/wood/door/gate/anihalfgate" },
		"anigate-doorhalfgateeng":{ base: "block/wood/door/gate/anihalfgateeng" },
		"anigate-doorgate":{ base: "block/wood/door/gate/anigate" },
		"anigate-doorgateeng":{ base: "block/wood/door/gate/anigateeng" }

	},
	"__comment": "Needs to be no cull pass because for double doors we flip x coords, but indices don't change so i believe that inverts the winding order, making the graphics card believe the face is facing the other direction",
	renderPass: "OpaqueNoCull",
	faceCullMode: "NeverCull",
	blockmaterial: "Wood",
	sideAo: { all: false },
	heldTpIdleAnimation: "holdunderarm",
	replaceable: 500,
	resistance: 3.5,
	lightAbsorption: 0,
	sidesolid: {
		all: false
	},
	sideopaque: {
		all: false
	},
	guiTransformByType: {
		"anigate-doorhalfgate": {
			origin: { x: 1, y: 1, z: 1 },
			scale: 0.93
		},
		"anigate-doorhalfgateeng": {
			origin: { x: 1, y: 1, z: 1 },
			scale: 0.93
		},
		"anigate-doorgate": {
			origin: { x: 1, y: 2, z: 1 },
			scale: 0.73
		},
		"anigate-doorgateeng": {
			origin: { x: 1, y: 2, z: 1 },
			scale: 0.73
		}
	},
	fpHandTransform: {
		translation: { x: -0.77, y: 0.18, z: 0.72 },
		rotation: { x: 98, y: 42, z: 0 },
		origin: { x: 0.5, y: 0.7, z: 1 },
		scale: 1.11
	},
	tpHandTransformByType: {
		"anigate-doorhalfgate": {
			translation: { x: -0.94, y: -1.42, z: -1.4 },
			rotation: { x: 13, y: 11, z: 59 },
			origin: { x: 1, y: 1, z: 1 },
			scale: 0.71
		},
		"anigate-doorhalfgateeng": {
			translation: { x: -0.94, y: -1.42, z: -1.4 },
			rotation: { x: 13, y: 11, z: 59 },
			origin: { x: 1, y: 1, z: 1 },
			scale: 0.71
		},
		"anigate-doorgate": {
				translation: { x: -0.84, y: -2.81, z: -1.46 },
			rotation: { x: 12, y: 11, z: 59 },
			origin: { x: 1, y: 2, z: 1 },
			scale: 0.71
		},
		"anigate-doorgateeng": {
				translation: { x: -0.84, y: -2.81, z: -1.46 },
			rotation: { x: 12, y: 11, z: 59 },
			origin: { x: 1, y: 2, z: 1 },
			scale: 0.71
		}
	},
	groundTransformByType: {
		"anigate-doorhalfgate": {
			translation: { x: 0, y: 0, z: 0 },
			rotation: { x: -90, y: 0, z: 0 },
			origin: { x: 1, y: 1, z: 0.85 },
			scale: 3
		},
		"anigate-doorhalfgateeng": {
			translation: { x: 0, y: 0, z: 0 },
			rotation: { x: -90, y: 0, z: 0 },
			origin: { x: 1, y: 1, z: 0.85 },
			scale: 3
		},
		"anigate-doorgate": {
			translation: { x: 0, y: 0, z: 0 },
			rotation: { x: -90, y: 0, z: 0 },
			origin: { x: 1, y: 2, z: 0.85 },
			scale: 3
		},
		"anigate-doorgateeng": {
			translation: { x: 0, y: 0, z: 0 },
			rotation: { x: -90, y: 0, z: 0 },
			origin: { x: 1, y: 2, z: 0.85 },
			scale: 3
		}
	},
	selectionbox: { 
		x1: 0, y1: 0, z1: 0.875, x2: 1, y2: 1, z2: 1
	},
	collisionbox: { 
		x1: 0, y1: 0, z1: 0.875, x2: 1, y2: 1, z2: 1
	},
	combustibleProps: {
		burnTemperature: 600,
		burnDuration: 25,
	},
	sounds: {
		"place": "block/planks",
		"hit": "block/planks",
		"break": "block/planks",
		"walk": "walk/wood"
	},
	materialDensity: 600
}