{
	code: "medievalfencegatefancy",
	class: "BlockFenceGate",
	behaviors: [ {name: "Lockable" } ],
	attributes: {
		isFence: true,
		handbook: {
			groupBy: ["woodenfencegate-*"]
		},
		triggerSound: "game:sounds/block/door"
	},
	variantgroups: [
		{ code: "material", states: ["acacia", "aged", "baldcypress", "birch", "ebony", "kapok", "larch", "maple", "oak", "pine", "purpleheart", "redwood", "walnut"] },
		{ code: "type", states: ["n", "w"] },
		{ code: "state", states: ["opened", "closed"] },
		{ code: "knobOrientation", states: ["left", "right"] },
		{ code: "cover", states: ["free", "snow"] }
	],
	creativeinventory: { "general": ["*-n-closed-left-free"], "decorative": ["*-n-closed-left-free"], "medieval": ["*-n-closed-left-free"] },
	shapebytype: {
		"*-n-opened-left-free": { base: "block/wood/medievalfencegatefancy/opened_left" },
		"*-w-opened-left-free": { base: "block/wood/medievalfencegatefancy/opened_left", rotateY: 90},
		"*-n-closed-left-free": { base: "block/wood/medievalfencegatefancy/closed_left"},
		"*-w-closed-left-free": { base: "block/wood/medievalfencegatefancy/closed_left" , rotateY: 90 },
		"*-n-opened-right-free": { base: "block/wood/medievalfencegatefancy/opened_right" },
		"*-w-opened-right-free": { base: "block/wood/medievalfencegatefancy/opened_right", rotateY: 90},
		"*-n-closed-right-free": { base: "block/wood/medievalfencegatefancy/closed_right"},
		"*-w-closed-right-free": { base: "block/wood/medievalfencegatefancy/closed_right" , rotateY: 90 },
		
		"*-n-opened-left-snow": { base: "block/wood/medievalfencegatefancy/snow-opened_left" },
		"*-w-opened-left-snow": { base: "block/wood/medievalfencegatefancy/snow-opened_left", rotateY: 90},
		"*-n-closed-left-snow": { base: "block/wood/medievalfencegatefancy/snow-closed_left"},
		"*-w-closed-left-snow": { base: "block/wood/medievalfencegatefancy/snow-closed_left" , rotateY: 90 },
		"*-n-opened-right-snow": { base: "block/wood/medievalfencegatefancy/snow-opened_right" },
		"*-w-opened-right-snow": { base: "block/wood/medievalfencegatefancy/snow-opened_right", rotateY: 90},
		"*-n-closed-right-snow": { base: "block/wood/medievalfencegatefancy/snow-closed_right"},
		"*-w-closed-right-snow": { base: "block/wood/medievalfencegatefancy/snow-closed_right" , rotateY: 90 }
	},
	drawtypeByType: {
		"*-free": "JSON",
		"*-snow": "JSONAndSnowLayer",
	},
	texturesByType: {

		"*-acacia-*": { 
						
						"normal1": {base: "block/snow/normal1"},
						"material": {base: "block/wood/debarked/acacia"}
		},
		"*-aged-*": { 
						
						"normal1": {base: "block/snow/normal1"},
						"material": {base: "block/wood/debarked/aged"}
		},
		"*-baldcypress-*": { 
						
						"normal1": {base: "block/snow/normal1"},
						"material": {base: "block/wood/debarked/baldcypress"}
		},
		"*-birch-*": { 
						
						"normal1": {base: "block/snow/normal1"},
						"material": {base: "block/wood/debarked/birch"}
		},
		"*-ebony-*": { 
						
						"normal1": {base: "block/snow/normal1"},
						"material": {base: "block/wood/debarked/ebony"}
		},
		"*-kapok-*": { 
						
						"normal1": {base: "block/snow/normal1"},
						"material": {base: "block/wood/debarked/kapok"}
		},
		"*-larch-*": { 
						
						"normal1": {base: "block/snow/normal1"},
						"material": {base: "block/wood/debarked/larch"}
		},
		"*-maple-*": { 
						
						"normal1": {base: "block/snow/normal1"},
						"material": {base: "block/wood/debarked/maple"}
		},
		"*-oak-*": { 
						
						"normal1": {base: "block/snow/normal1"},
						"material": {base: "block/wood/debarked/oak"}
		},
		"*-pine-*": { 
						
						"normal1": {base: "block/snow/normal1"},
						"material": {base: "block/wood/debarked/pine"}
		},
		"*-purpleheart-*": { 
						
						"normal1": {base: "block/snow/normal1"},
						"material": {base: "block/wood/debarked/purpleheart"}
		},
		"*-redwood-*": { 
						
						"normal1": {base: "block/snow/normal1"},
						"material": {base: "block/wood/debarked/redwood"}
		},
		"*-walnut-*": { 
						
						"normal1": {base: "block/snow/normal1"},
						"material": {base: "block/wood/debarked/walnut"}
		}
	},
	faceCullMode: "NeverCull",
	blockmaterial: "Wood",
	replaceable: 900,
	resistance: 1.5,
	lightAbsorption: 1,
	sidesolid: {
		all: false
	},
	sideopaque: { all: false },
	emitsideao: {
		all: false
	},
	collisionboxbytype: {
		"*-n-opened-left-*": null,
		"*-w-opened-left-*": null,
		"*-n-closed-left-*": { x1: 0, y1: 0, z1: 0.375, x2: 1, y2: 1.3125, z2: 0.6 },
		"*-w-closed-left-*": { x1: 0.375, y1: 0, z1: 0, x2: 0.625, y2: 1.3125, z2: 1 },
		"*-n-opened-right-*": null,
		"*-w-opened-right-*": null,
		"*-n-closed-right-*": { x1: 0, y1: 0, z1: 0.375, x2: 1, y2: 1.3125, z2: 0.6 },
		"*-w-closed-right-*": { x1: 0.375, y1: 0, z1: 0, x2: 0.625, y2: 1.3125, z2: 1 }
	},
	selectionboxesbytype: {
		"*-n-opened-left-*": [{ x1: 0, y1: 0, z1: 0.375, x2: 1, y2: 0.88, z2: 0.6 }, { x1: 0, y1: 0, z1: -0.03, x2: 0.2, y2: 0.88, z2: 0.6 }],
		"*-w-opened-left-*": [{ x1: 0.375, y1: 0, z1: 0, x2: 0.625, y2: 0.88, z2: 1 }, { x1: -0.03, y1: 0, z1: 0.8, x2: 0.625, y2: 0.88, z2: 1 }],
		"*-n-closed-left-*": [{ x1: 0, y1: 0, z1: 0.375, x2: 1, y2: 0.88, z2: 0.6 }],
		"*-w-closed-left-*": [{ x1: 0.375, y1: 0, z1: 0, x2: 0.625, y2: 0.88, z2: 1 }],
		"*-n-opened-right-*": [{ x1: 0, y1: 0, z1: 0.375, x2: 1, y2: 0.88, z2: 0.6 }, { x1: 0.8, y1: 0, z1: -0.03, x2: 1, y2: 0.88, z2: 0.6 }],
		"*-w-opened-right-*": [{ x1: 0.375, y1: 0, z1: 0, x2: 0.625, y2: 0.88, z2: 1 }, { x1: -0.03, y1: 0, z1: 0, x2: 0.625, y2: 0.88, z2: 0.2 }],
		"*-n-closed-right-*": [{ x1: 0, y1: 0, z1: 0.375, x2: 1, y2: 0.88, z2: 0.6 }],
		"*-w-closed-right-*": [{ x1: 0.375, y1: 0, z1: 0, x2: 0.625, y2: 0.88, z2: 1 }]
	},
	combustibleProps: {
		burnTemperature: 600,
		burnDuration: 10,
	},
	sounds: {
		"place": "game:block/planks",
		"hit": "game:block/planks",
		"break": "game:block/planks",
		"walk": "game:walk/wood"
	},
	materialDensity: 600,
	tpHandTransform: {
		translation: { x: -1.5, y: -1, z: -1.2 },
		rotation: { x: 5, y: -3, z: -96 },
		scale: 0.37
	},
	groundTransform: {
		translation: { x: 0, y: 0.05, z: 0 },
		rotation: { x: 90, y: -45, z: 0 },
		origin: { x: 0.5, y: 0, z: 0.5 },
		scale: 2.07
	}
}
