{
	"code": "sincortezalog",
	"class": "BlockLog",
	"behaviorsByType": {
		"*": [{"name": "Pillar"}]
	},
	"variantgroups": [
		{ "code": "wood", "states": ["aged"], "loadFromProperties": "game:block/wood" },
		{ "code": "rotation", "states": ["ud", "ns", "we"] }
	],
	"creativeinventory": { "general": ["sincortezalog-*-ud"], "construction": ["sincortezalog-*-ud"], "medieval": ["sincortezalog-*-ud"] },
	"drawtype": "cube",
	"blockmaterial": "Wood",
	"requiredMiningTier": 1,
	"texturesByType": {
		"*-ud": {
			"all": { "base": "medieval:block/wood/sincortezalog/debarked/{wood}" },
			"up": { "base": "medieval:block/wood/sincortezalog/treetrunk/{wood}" },
			"down": { "base": "medieval:block/wood/sincortezalog/treetrunk/{wood}" }
		},
		"*-ns": {
			"all": { "base": "medieval:block/wood/sincortezalog/debarked/{wood}" },
			"east": { "base": "medieval:block/wood/sincortezalog/debarked/{wood}", rotation: 90 },
			"west": { "base": "medieval:block/wood/sincortezalog/debarked/{wood}", rotation: 90 },
			"north": { "base": "medieval:block/wood/sincortezalog/treetrunk/{wood}" },
			"south": { "base": "medieval:block/wood/sincortezalog/treetrunk/{wood}" }
		},
		"*-we": {
			"all": { "base": "medieval:block/wood/sincortezalog/debarked/{wood}", rotation: 90 },
			"west": { "base": "medieval:block/wood/sincortezalog/treetrunk/{wood}" },
			"east": { "base": "medieval:block/wood/sincortezalog/treetrunk/{wood}" }


		},
	},
	"replaceable": 500,
	"resistance": 4.5,
	"sounds": {
		"place": "game:block/planks",
		"walk": "game:walk/wood",
		"hit": "game:block/planks",
		"break": "game:block/planks",
		"byTool": {
			"Axe": { "hit": "game:block/chop", "break": "game:block/planks" }
		}
	},
	"drops": [
		{ "type": "block", "code": "sincortezalog-{wood}-ud", "quantity": { "avg": 1 }  }
	],
	"combustiblePropsByType": {
		"sincortezalog-birch-*": {
			"burnTemperature": 800,
			"burnDuration": 78,
		},
		"sincortezalog-oak-*": {
			"burnTemperature": 800,
			"burnDuration": 98,
		},
		"sincortezalog-ebony-*": {
			"burnTemperature": 800,
			"burnDuration": 110,
		},
		"sincortezalog-pine-*": {
			"burnTemperature": 800,
			"burnDuration": 60,
		},
		"sincortezalog-acacia-*": {
			"burnTemperature": 800,
			"burnDuration": 89,
		},
		"sincortezalog-kapok-*": {
			"burnTemperature": 800,
			"burnDuration": 47,
		},
		"sincortezalog-maple-*": {
			"burnTemperature": 800,
			"burnDuration": 79,
		},
		"sincortezalog-redwood-*": {
			"burnTemperature": 800,
			"burnDuration": 72,
		},
		"sincortezalog-aged-*": {
			"burnTemperature": 700,
			"burnDuration": 40,
		},
		"sincortezalog-baldcypress-*": {
			"burnTemperature": 700,
			"burnDuration": 70,
		},
		"sincortezalog-larch-*": {
			"burnTemperature": 700,
			"burnDuration": 60,
		},
		"sincortezalog-larch-*": {
			"burnTemperature": 700,
			"burnDuration": 60,
		},
		"sincortezalog-purpleheart-*": {
			"burnTemperature": 700,
			"burnDuration": 60,
		},
		"sincortezalog-walnut-*": {
			"burnTemperature": 700,
			"burnDuration": 60,
		}
	},
	"maxStackSize": 64,
	"materialDensity": 700,
	"heldTpIdleAnimation": "holdbothhandslarge", "heldTpUseAnimation": "twohandplaceblock",
	"tpHandTransform": {
		"translation": { x: -1.2, y: -1.1, z: -0.8 },
		"rotation": { x: -2, y: 25, z: -78 },
		"scale": 0.37
	}
}
