{
	code: "tablew",
	class: "BlockFence",
	behaviors: [ {name: "CanAttach", properties: { sides: ["up", "down"] } } ],
	attributes: {
		"pieFormingSurface": true
	},
	variantgroups: [
		{ code: "material", states: ["acacia", "aged", "baldcypress", "birch", "ebony", "kapok", "larch", "maple", "oak", "pine", "purpleheart", "redwood", "walnut"] },
		{ code: "type", states: ["empty", "n", "e", "s", "w", "ne", "ns", "nw", "es", "ew", "sw", "nes", "new", "nsw", "esw", "nesw"] },
		{ code: "cover", states: ["snow"] }
	],
	creativeinventory: {  },	
	shapebytype: {
		"*-empty-snow": { base: "block/wood/tablew/snow-empty" },
		"*-n-snow": { base: "block/wood/tablew/snow-w", rotateY: 270 },
		"*-e-snow": { base: "block/wood/tablew/snow-w", rotateY: 180 },
		"*-s-snow": { base: "block/wood/tablew/snow-w", rotateY: 90 },
		"*-w-snow": { base: "block/wood/tablew/snow-w", rotateY: 0 },

		"*-ns-snow": { base: "block/wood/tablew/snow-ew", rotateY: 90 },
		"*-ew-snow": { base: "block/wood/tablew/snow-ew", rotateY: 0 },
		
		"*-ne-snow": { base: "block/wood/tablew/snow-sw", rotateY: 180 },
		"*-nw-snow": { base: "block/wood/tablew/snow-sw", rotateY: 270 },
		"*-es-snow": { base: "block/wood/tablew/snow-sw", rotateY: 90 },
		"*-sw-snow": { base: "block/wood/tablew/snow-sw", rotateY: 0 },
		
		"*-nes-snow": { base: "block/wood/tablew/snow-nsw", rotateY: 180 },
		"*-new-snow": { base: "block/wood/tablew/snow-nsw", rotateY: 270 },
		"*-nsw-snow": { base: "block/wood/tablew/snow-nsw", rotateY: 0 },
		"*-esw-snow": { base: "block/wood/tablew/snow-nsw", rotateY: 90 },
		
		"*-nesw-snow": { base: "block/wood/tablew/snow-nesw", rotateY: 0 }
	},
	drawtypeByType: {
		"*-free": "JSON",
		"*-snow": "JSONAndSnowLayer"
	},
	blockmaterial: "Wood",
	texturesByType: {

		"*-acacia-empty-snow": { 
						"normal1": {base: "block/snow/normal1"},
						"material": {base: "block/wood/door/doorplanks/acacia"},
						"top": {base: "block/wood/door/doorplanks/acacia", rotation: 0 }
		},
		"*-acacia-n-snow": { 
						"normal1": {base: "block/snow/normal1"},
						"material": {base: "block/wood/door/doorplanks/acacia"},
						"top": {base: "block/wood/door/doorplanks/acacia", rotation: 90 }
		},
		"*-acacia-e-snow": { 
						"normal1": {base: "block/snow/normal1"},
						"material": {base: "block/wood/door/doorplanks/acacia"},
						"top": {base: "block/wood/door/doorplanks/acacia", rotation: 180 }
		},
		"*-acacia-s-snow": { 
						"normal1": {base: "block/snow/normal1"},
						"material": {base: "block/wood/door/doorplanks/acacia"},
						"top": {base: "block/wood/door/doorplanks/acacia", rotation: 270 }
		},
		"*-acacia-w-snow": { 
						"normal1": {base: "block/snow/normal1"},
						"material": {base: "block/wood/door/doorplanks/acacia"},
						"top": {base: "block/wood/door/doorplanks/acacia", rotation: 0 }
		},
		"*-acacia-ns-snow": { 
						"normal1": {base: "block/snow/normal1"},
						"material": {base: "block/wood/door/doorplanks/acacia"},
						"top": {base: "block/wood/door/doorplanks/acacia", rotation: 270 }
		},
		"*-acacia-ew-snow": { 
						"normal1": {base: "block/snow/normal1"},
						"material": {base: "block/wood/door/doorplanks/acacia"},
						"top": {base: "block/wood/door/doorplanks/acacia", rotation: 0 }
		},
		"*-acacia-ne-snow": { 
						"normal1": {base: "block/snow/normal1"},
						"material": {base: "block/wood/door/doorplanks/acacia"},
						"top": {base: "block/wood/door/doorplanks/acacia", rotation: 180 }
		},
		"*-acacia-nw-snow": { 
						"normal1": {base: "block/snow/normal1"},
						"material": {base: "block/wood/door/doorplanks/acacia"},
						"top": {base: "block/wood/door/doorplanks/acacia", rotation: 90 }
		},
		"*-acacia-es-snow": { 
						"normal1": {base: "block/snow/normal1"},
						"material": {base: "block/wood/door/doorplanks/acacia"},
						"top": {base: "block/wood/door/doorplanks/acacia", rotation: 270 }
		},
		"*-acacia-sw-snow": { 
						"normal1": {base: "block/snow/normal1"},
						"material": {base: "block/wood/door/doorplanks/acacia"},
						"top": {base: "block/wood/door/doorplanks/acacia", rotation: 0 }
		},
		"*-acacia-nes-snow": { 
						"normal1": {base: "block/snow/normal1"},
						"material": {base: "block/wood/door/doorplanks/acacia"},
						"top": {base: "block/wood/door/doorplanks/acacia", rotation: 180 }
		},
		"*-acacia-new-snow": { 
						"normal1": {base: "block/snow/normal1"},
						"material": {base: "block/wood/door/doorplanks/acacia"},
						"top": {base: "block/wood/door/doorplanks/acacia", rotation: 90 }
		},
		"*-acacia-nsw-snow": { 
						"normal1": {base: "block/snow/normal1"},
						"material": {base: "block/wood/door/doorplanks/acacia"},
						"top": {base: "block/wood/door/doorplanks/acacia", rotation: 0 }
		},
		"*-acacia-esw-snow": { 
						"normal1": {base: "block/snow/normal1"},
						"material": {base: "block/wood/door/doorplanks/acacia"},
						"top": {base: "block/wood/door/doorplanks/acacia", rotation: 270 }
		},
		"*-acacia-nesw-snow": { 
						"normal1": {base: "block/snow/normal1"},
						"material": {base: "block/wood/door/doorplanks/acacia"},
						"top": {base: "block/wood/door/doorplanks/acacia", rotation: 0 }
		},





		"*-aged-empty-snow": { 
						"normal1": {base: "block/snow/normal1"},
						"material": {base: "block/wood/door/doorplanks/aged"},
						"top": {base: "block/wood/door/doorplanks/aged", rotation: 0 }
		},
		"*-aged-n-snow": { 
						"normal1": {base: "block/snow/normal1"},
						"material": {base: "block/wood/door/doorplanks/aged"},
						"top": {base: "block/wood/door/doorplanks/aged", rotation: 90 }
		},
		"*-aged-e-snow": { 
						"normal1": {base: "block/snow/normal1"},
						"material": {base: "block/wood/door/doorplanks/aged"},
						"top": {base: "block/wood/door/doorplanks/aged", rotation: 180 }
		},
		"*-aged-s-snow": { 
						"normal1": {base: "block/snow/normal1"},
						"material": {base: "block/wood/door/doorplanks/aged"},
						"top": {base: "block/wood/door/doorplanks/aged", rotation: 270 }
		},
		"*-aged-w-snow": { 
						"normal1": {base: "block/snow/normal1"},
						"material": {base: "block/wood/door/doorplanks/aged"},
						"top": {base: "block/wood/door/doorplanks/aged", rotation: 0 }
		},
		"*-aged-ns-snow": { 
						"normal1": {base: "block/snow/normal1"},
						"material": {base: "block/wood/door/doorplanks/aged"},
						"top": {base: "block/wood/door/doorplanks/aged", rotation: 270 }
		},
		"*-aged-ew-snow": { 
						"normal1": {base: "block/snow/normal1"},
						"material": {base: "block/wood/door/doorplanks/aged"},
						"top": {base: "block/wood/door/doorplanks/aged", rotation: 0 }
		},
		"*-aged-ne-snow": { 
						"normal1": {base: "block/snow/normal1"},
						"material": {base: "block/wood/door/doorplanks/aged"},
						"top": {base: "block/wood/door/doorplanks/aged", rotation: 180 }
		},
		"*-aged-nw-snow": { 
						"normal1": {base: "block/snow/normal1"},
						"material": {base: "block/wood/door/doorplanks/aged"},
						"top": {base: "block/wood/door/doorplanks/aged", rotation: 90 }
		},
		"*-aged-es-snow": { 
						"normal1": {base: "block/snow/normal1"},
						"material": {base: "block/wood/door/doorplanks/aged"},
						"top": {base: "block/wood/door/doorplanks/aged", rotation: 270 }
		},
		"*-aged-sw-snow": { 
						"normal1": {base: "block/snow/normal1"},
						"material": {base: "block/wood/door/doorplanks/aged"},
						"top": {base: "block/wood/door/doorplanks/aged", rotation: 0 }
		},
		"*-aged-nes-snow": { 
						"normal1": {base: "block/snow/normal1"},
						"material": {base: "block/wood/door/doorplanks/aged"},
						"top": {base: "block/wood/door/doorplanks/aged", rotation: 180 }
		},
		"*-aged-new-snow": { 
						"normal1": {base: "block/snow/normal1"},
						"material": {base: "block/wood/door/doorplanks/aged"},
						"top": {base: "block/wood/door/doorplanks/aged", rotation: 90 }
		},
		"*-aged-nsw-snow": { 
						"normal1": {base: "block/snow/normal1"},
						"material": {base: "block/wood/door/doorplanks/aged"},
						"top": {base: "block/wood/door/doorplanks/aged", rotation: 0 }
		},
		"*-aged-esw-snow": { 
						"normal1": {base: "block/snow/normal1"},
						"material": {base: "block/wood/door/doorplanks/aged"},
						"top": {base: "block/wood/door/doorplanks/aged", rotation: 270 }
		},
		"*-aged-nesw-snow": { 
						"normal1": {base: "block/snow/normal1"},
						"material": {base: "block/wood/door/doorplanks/aged"},
						"top": {base: "block/wood/door/doorplanks/aged", rotation: 0 }
		},





		"*-baldcypress-empty-snow": { 
						"normal1": {base: "block/snow/normal1"},
						"material": {base: "block/wood/door/doorplanks/baldcypress"},
						"top": {base: "block/wood/door/doorplanks/baldcypress", rotation: 0 }
		},
		"*-baldcypress-n-snow": { 
						"normal1": {base: "block/snow/normal1"},
						"material": {base: "block/wood/door/doorplanks/baldcypress"},
						"top": {base: "block/wood/door/doorplanks/baldcypress", rotation: 90 }
		},
		"*-baldcypress-e-snow": { 
						"normal1": {base: "block/snow/normal1"},
						"material": {base: "block/wood/door/doorplanks/baldcypress"},
						"top": {base: "block/wood/door/doorplanks/baldcypress", rotation: 180 }
		},
		"*-baldcypress-s-snow": { 
						"normal1": {base: "block/snow/normal1"},
						"material": {base: "block/wood/door/doorplanks/baldcypress"},
						"top": {base: "block/wood/door/doorplanks/baldcypress", rotation: 270 }
		},
		"*-baldcypress-w-snow": { 
						"normal1": {base: "block/snow/normal1"},
						"material": {base: "block/wood/door/doorplanks/baldcypress"},
						"top": {base: "block/wood/door/doorplanks/baldcypress", rotation: 0 }
		},
		"*-baldcypress-ns-snow": { 
						"normal1": {base: "block/snow/normal1"},
						"material": {base: "block/wood/door/doorplanks/baldcypress"},
						"top": {base: "block/wood/door/doorplanks/baldcypress", rotation: 270 }
		},
		"*-baldcypress-ew-snow": { 
						"normal1": {base: "block/snow/normal1"},
						"material": {base: "block/wood/door/doorplanks/baldcypress"},
						"top": {base: "block/wood/door/doorplanks/baldcypress", rotation: 0 }
		},
		"*-baldcypress-ne-snow": { 
						"normal1": {base: "block/snow/normal1"},
						"material": {base: "block/wood/door/doorplanks/baldcypress"},
						"top": {base: "block/wood/door/doorplanks/baldcypress", rotation: 180 }
		},
		"*-baldcypress-nw-snow": { 
						"normal1": {base: "block/snow/normal1"},
						"material": {base: "block/wood/door/doorplanks/baldcypress"},
						"top": {base: "block/wood/door/doorplanks/baldcypress", rotation: 90 }
		},
		"*-baldcypress-es-snow": { 
						"normal1": {base: "block/snow/normal1"},
						"material": {base: "block/wood/door/doorplanks/baldcypress"},
						"top": {base: "block/wood/door/doorplanks/baldcypress", rotation: 270 }
		},
		"*-baldcypress-sw-snow": { 
						"normal1": {base: "block/snow/normal1"},
						"material": {base: "block/wood/door/doorplanks/baldcypress"},
						"top": {base: "block/wood/door/doorplanks/baldcypress", rotation: 0 }
		},
		"*-baldcypress-nes-snow": { 
						"normal1": {base: "block/snow/normal1"},
						"material": {base: "block/wood/door/doorplanks/baldcypress"},
						"top": {base: "block/wood/door/doorplanks/baldcypress", rotation: 180 }
		},
		"*-baldcypress-new-snow": { 
						"normal1": {base: "block/snow/normal1"},
						"material": {base: "block/wood/door/doorplanks/baldcypress"},
						"top": {base: "block/wood/door/doorplanks/baldcypress", rotation: 90 }
		},
		"*-baldcypress-nsw-snow": { 
						"normal1": {base: "block/snow/normal1"},
						"material": {base: "block/wood/door/doorplanks/baldcypress"},
						"top": {base: "block/wood/door/doorplanks/baldcypress", rotation: 0 }
		},
		"*-baldcypress-esw-snow": { 
						"normal1": {base: "block/snow/normal1"},
						"material": {base: "block/wood/door/doorplanks/baldcypress"},
						"top": {base: "block/wood/door/doorplanks/baldcypress", rotation: 270 }
		},
		"*-baldcypress-nesw-snow": { 
						"normal1": {base: "block/snow/normal1"},
						"material": {base: "block/wood/door/doorplanks/baldcypress"},
						"top": {base: "block/wood/door/doorplanks/baldcypress", rotation: 0 }
		},





		"*-birch-empty-snow": { 
						"normal1": {base: "block/snow/normal1"},
						"material": {base: "block/wood/door/doorplanks/birch"},
						"top": {base: "block/wood/door/doorplanks/birch", rotation: 0 }
		},
		"*-birch-n-snow": { 
						"normal1": {base: "block/snow/normal1"},
						"material": {base: "block/wood/door/doorplanks/birch"},
						"top": {base: "block/wood/door/doorplanks/birch", rotation: 90 }
		},
		"*-birch-e-snow": { 
						"normal1": {base: "block/snow/normal1"},
						"material": {base: "block/wood/door/doorplanks/birch"},
						"top": {base: "block/wood/door/doorplanks/birch", rotation: 180 }
		},
		"*-birch-s-snow": { 
						"normal1": {base: "block/snow/normal1"},
						"material": {base: "block/wood/door/doorplanks/birch"},
						"top": {base: "block/wood/door/doorplanks/birch", rotation: 270 }
		},
		"*-birch-w-snow": { 
						"normal1": {base: "block/snow/normal1"},
						"material": {base: "block/wood/door/doorplanks/birch"},
						"top": {base: "block/wood/door/doorplanks/birch", rotation: 0 }
		},
		"*-birch-ns-snow": { 
						"normal1": {base: "block/snow/normal1"},
						"material": {base: "block/wood/door/doorplanks/birch"},
						"top": {base: "block/wood/door/doorplanks/birch", rotation: 270 }
		},
		"*-birch-ew-snow": { 
						"normal1": {base: "block/snow/normal1"},
						"material": {base: "block/wood/door/doorplanks/birch"},
						"top": {base: "block/wood/door/doorplanks/birch", rotation: 0 }
		},
		"*-birch-ne-snow": { 
						"normal1": {base: "block/snow/normal1"},
						"material": {base: "block/wood/door/doorplanks/birch"},
						"top": {base: "block/wood/door/doorplanks/birch", rotation: 180 }
		},
		"*-birch-nw-snow": { 
						"normal1": {base: "block/snow/normal1"},
						"material": {base: "block/wood/door/doorplanks/birch"},
						"top": {base: "block/wood/door/doorplanks/birch", rotation: 90 }
		},
		"*-birch-es-snow": { 
						"normal1": {base: "block/snow/normal1"},
						"material": {base: "block/wood/door/doorplanks/birch"},
						"top": {base: "block/wood/door/doorplanks/birch", rotation: 270 }
		},
		"*-birch-sw-snow": { 
						"normal1": {base: "block/snow/normal1"},
						"material": {base: "block/wood/door/doorplanks/birch"},
						"top": {base: "block/wood/door/doorplanks/birch", rotation: 0 }
		},
		"*-birch-nes-snow": { 
						"normal1": {base: "block/snow/normal1"},
						"material": {base: "block/wood/door/doorplanks/birch"},
						"top": {base: "block/wood/door/doorplanks/birch", rotation: 180 }
		},
		"*-birch-new-snow": { 
						"normal1": {base: "block/snow/normal1"},
						"material": {base: "block/wood/door/doorplanks/birch"},
						"top": {base: "block/wood/door/doorplanks/birch", rotation: 90 }
		},
		"*-birch-nsw-snow": { 
						"normal1": {base: "block/snow/normal1"},
						"material": {base: "block/wood/door/doorplanks/birch"},
						"top": {base: "block/wood/door/doorplanks/birch", rotation: 0 }
		},
		"*-birch-esw-snow": { 
						"normal1": {base: "block/snow/normal1"},
						"material": {base: "block/wood/door/doorplanks/birch"},
						"top": {base: "block/wood/door/doorplanks/birch", rotation: 270 }
		},
		"*-birch-nesw-snow": { 
						"normal1": {base: "block/snow/normal1"},
						"material": {base: "block/wood/door/doorplanks/birch"},
						"top": {base: "block/wood/door/doorplanks/birch", rotation: 0 }
		},





		"*-ebony-empty-snow": { 
						"normal1": {base: "block/snow/normal1"},
						"material": {base: "block/wood/door/doorplanks/ebony"},
						"top": {base: "block/wood/door/doorplanks/ebony", rotation: 0 }
		},
		"*-ebony-n-snow": { 
						"normal1": {base: "block/snow/normal1"},
						"material": {base: "block/wood/door/doorplanks/ebony"},
						"top": {base: "block/wood/door/doorplanks/ebony", rotation: 90 }
		},
		"*-ebony-e-snow": { 
						"normal1": {base: "block/snow/normal1"},
						"material": {base: "block/wood/door/doorplanks/ebony"},
						"top": {base: "block/wood/door/doorplanks/ebony", rotation: 180 }
		},
		"*-ebony-s-snow": { 
						"normal1": {base: "block/snow/normal1"},
						"material": {base: "block/wood/door/doorplanks/ebony"},
						"top": {base: "block/wood/door/doorplanks/ebony", rotation: 270 }
		},
		"*-ebony-w-snow": { 
						"normal1": {base: "block/snow/normal1"},
						"material": {base: "block/wood/door/doorplanks/ebony"},
						"top": {base: "block/wood/door/doorplanks/ebony", rotation: 0 }
		},
		"*-ebony-ns-snow": { 
						"normal1": {base: "block/snow/normal1"},
						"material": {base: "block/wood/door/doorplanks/ebony"},
						"top": {base: "block/wood/door/doorplanks/ebony", rotation: 270 }
		},
		"*-ebony-ew-snow": { 
						"normal1": {base: "block/snow/normal1"},
						"material": {base: "block/wood/door/doorplanks/ebony"},
						"top": {base: "block/wood/door/doorplanks/ebony", rotation: 0 }
		},
		"*-ebony-ne-snow": { 
						"normal1": {base: "block/snow/normal1"},
						"material": {base: "block/wood/door/doorplanks/ebony"},
						"top": {base: "block/wood/door/doorplanks/ebony", rotation: 180 }
		},
		"*-ebony-nw-snow": { 
						"normal1": {base: "block/snow/normal1"},
						"material": {base: "block/wood/door/doorplanks/ebony"},
						"top": {base: "block/wood/door/doorplanks/ebony", rotation: 90 }
		},
		"*-ebony-es-snow": { 
						"normal1": {base: "block/snow/normal1"},
						"material": {base: "block/wood/door/doorplanks/ebony"},
						"top": {base: "block/wood/door/doorplanks/ebony", rotation: 270 }
		},
		"*-ebony-sw-snow": { 
						"normal1": {base: "block/snow/normal1"},
						"material": {base: "block/wood/door/doorplanks/ebony"},
						"top": {base: "block/wood/door/doorplanks/ebony", rotation: 0 }
		},
		"*-ebony-nes-snow": { 
						"normal1": {base: "block/snow/normal1"},
						"material": {base: "block/wood/door/doorplanks/ebony"},
						"top": {base: "block/wood/door/doorplanks/ebony", rotation: 180 }
		},
		"*-ebony-new-snow": { 
						"normal1": {base: "block/snow/normal1"},
						"material": {base: "block/wood/door/doorplanks/ebony"},
						"top": {base: "block/wood/door/doorplanks/ebony", rotation: 90 }
		},
		"*-ebony-nsw-snow": { 
						"normal1": {base: "block/snow/normal1"},
						"material": {base: "block/wood/door/doorplanks/ebony"},
						"top": {base: "block/wood/door/doorplanks/ebony", rotation: 0 }
		},
		"*-ebony-esw-snow": { 
						"normal1": {base: "block/snow/normal1"},
						"material": {base: "block/wood/door/doorplanks/ebony"},
						"top": {base: "block/wood/door/doorplanks/ebony", rotation: 270 }
		},
		"*-ebony-nesw-snow": { 
						"normal1": {base: "block/snow/normal1"},
						"material": {base: "block/wood/door/doorplanks/ebony"},
						"top": {base: "block/wood/door/doorplanks/ebony", rotation: 0 }
		},





		"*-kapok-empty-snow": { 
						"normal1": {base: "block/snow/normal1"},
						"material": {base: "block/wood/door/doorplanks/kapok"},
						"top": {base: "block/wood/door/doorplanks/kapok", rotation: 0 }
		},
		"*-kapok-n-snow": { 
						"normal1": {base: "block/snow/normal1"},
						"material": {base: "block/wood/door/doorplanks/kapok"},
						"top": {base: "block/wood/door/doorplanks/kapok", rotation: 90 }
		},
		"*-kapok-e-snow": { 
						"normal1": {base: "block/snow/normal1"},
						"material": {base: "block/wood/door/doorplanks/kapok"},
						"top": {base: "block/wood/door/doorplanks/kapok", rotation: 180 }
		},
		"*-kapok-s-snow": { 
						"normal1": {base: "block/snow/normal1"},
						"material": {base: "block/wood/door/doorplanks/kapok"},
						"top": {base: "block/wood/door/doorplanks/kapok", rotation: 270 }
		},
		"*-kapok-w-snow": { 
						"normal1": {base: "block/snow/normal1"},
						"material": {base: "block/wood/door/doorplanks/kapok"},
						"top": {base: "block/wood/door/doorplanks/kapok", rotation: 0 }
		},
		"*-kapok-ns-snow": { 
						"normal1": {base: "block/snow/normal1"},
						"material": {base: "block/wood/door/doorplanks/kapok"},
						"top": {base: "block/wood/door/doorplanks/kapok", rotation: 270 }
		},
		"*-kapok-ew-snow": { 
						"normal1": {base: "block/snow/normal1"},
						"material": {base: "block/wood/door/doorplanks/kapok"},
						"top": {base: "block/wood/door/doorplanks/kapok", rotation: 0 }
		},
		"*-kapok-ne-snow": { 
						"normal1": {base: "block/snow/normal1"},
						"material": {base: "block/wood/door/doorplanks/kapok"},
						"top": {base: "block/wood/door/doorplanks/kapok", rotation: 180 }
		},
		"*-kapok-nw-snow": { 
						"normal1": {base: "block/snow/normal1"},
						"material": {base: "block/wood/door/doorplanks/kapok"},
						"top": {base: "block/wood/door/doorplanks/kapok", rotation: 90 }
		},
		"*-kapok-es-snow": { 
						"normal1": {base: "block/snow/normal1"},
						"material": {base: "block/wood/door/doorplanks/kapok"},
						"top": {base: "block/wood/door/doorplanks/kapok", rotation: 270 }
		},
		"*-kapok-sw-snow": { 
						"normal1": {base: "block/snow/normal1"},
						"material": {base: "block/wood/door/doorplanks/kapok"},
						"top": {base: "block/wood/door/doorplanks/kapok", rotation: 0 }
		},
		"*-kapok-nes-snow": { 
						"normal1": {base: "block/snow/normal1"},
						"material": {base: "block/wood/door/doorplanks/kapok"},
						"top": {base: "block/wood/door/doorplanks/kapok", rotation: 180 }
		},
		"*-kapok-new-snow": { 
						"normal1": {base: "block/snow/normal1"},
						"material": {base: "block/wood/door/doorplanks/kapok"},
						"top": {base: "block/wood/door/doorplanks/kapok", rotation: 90 }
		},
		"*-kapok-nsw-snow": { 
						"normal1": {base: "block/snow/normal1"},
						"material": {base: "block/wood/door/doorplanks/kapok"},
						"top": {base: "block/wood/door/doorplanks/kapok", rotation: 0 }
		},
		"*-kapok-esw-snow": { 
						"normal1": {base: "block/snow/normal1"},
						"material": {base: "block/wood/door/doorplanks/kapok"},
						"top": {base: "block/wood/door/doorplanks/kapok", rotation: 270 }
		},
		"*-kapok-nesw-snow": { 
						"normal1": {base: "block/snow/normal1"},
						"material": {base: "block/wood/door/doorplanks/kapok"},
						"top": {base: "block/wood/door/doorplanks/kapok", rotation: 0 }
		},





		"*-larch-empty-snow": { 
						"normal1": {base: "block/snow/normal1"},
						"material": {base: "block/wood/door/doorplanks/larch"},
						"top": {base: "block/wood/door/doorplanks/larch", rotation: 0 }
		},
		"*-larch-n-snow": { 
						"normal1": {base: "block/snow/normal1"},
						"material": {base: "block/wood/door/doorplanks/larch"},
						"top": {base: "block/wood/door/doorplanks/larch", rotation: 90 }
		},
		"*-larch-e-snow": { 
						"normal1": {base: "block/snow/normal1"},
						"material": {base: "block/wood/door/doorplanks/larch"},
						"top": {base: "block/wood/door/doorplanks/larch", rotation: 180 }
		},
		"*-larch-s-snow": { 
						"normal1": {base: "block/snow/normal1"},
						"material": {base: "block/wood/door/doorplanks/larch"},
						"top": {base: "block/wood/door/doorplanks/larch", rotation: 270 }
		},
		"*-larch-w-snow": { 
						"normal1": {base: "block/snow/normal1"},
						"material": {base: "block/wood/door/doorplanks/larch"},
						"top": {base: "block/wood/door/doorplanks/larch", rotation: 0 }
		},
		"*-larch-ns-snow": { 
						"normal1": {base: "block/snow/normal1"},
						"material": {base: "block/wood/door/doorplanks/larch"},
						"top": {base: "block/wood/door/doorplanks/larch", rotation: 270 }
		},
		"*-larch-ew-snow": { 
						"normal1": {base: "block/snow/normal1"},
						"material": {base: "block/wood/door/doorplanks/larch"},
						"top": {base: "block/wood/door/doorplanks/larch", rotation: 0 }
		},
		"*-larch-ne-snow": { 
						"normal1": {base: "block/snow/normal1"},
						"material": {base: "block/wood/door/doorplanks/larch"},
						"top": {base: "block/wood/door/doorplanks/larch", rotation: 180 }
		},
		"*-larch-nw-snow": { 
						"normal1": {base: "block/snow/normal1"},
						"material": {base: "block/wood/door/doorplanks/larch"},
						"top": {base: "block/wood/door/doorplanks/larch", rotation: 90 }
		},
		"*-larch-es-snow": { 
						"normal1": {base: "block/snow/normal1"},
						"material": {base: "block/wood/door/doorplanks/larch"},
						"top": {base: "block/wood/door/doorplanks/larch", rotation: 270 }
		},
		"*-larch-sw-snow": { 
						"normal1": {base: "block/snow/normal1"},
						"material": {base: "block/wood/door/doorplanks/larch"},
						"top": {base: "block/wood/door/doorplanks/larch", rotation: 0 }
		},
		"*-larch-nes-snow": { 
						"normal1": {base: "block/snow/normal1"},
						"material": {base: "block/wood/door/doorplanks/larch"},
						"top": {base: "block/wood/door/doorplanks/larch", rotation: 180 }
		},
		"*-larch-new-snow": { 
						"normal1": {base: "block/snow/normal1"},
						"material": {base: "block/wood/door/doorplanks/larch"},
						"top": {base: "block/wood/door/doorplanks/larch", rotation: 90 }
		},
		"*-larch-nsw-snow": { 
						"normal1": {base: "block/snow/normal1"},
						"material": {base: "block/wood/door/doorplanks/larch"},
						"top": {base: "block/wood/door/doorplanks/larch", rotation: 0 }
		},
		"*-larch-esw-snow": { 
						"normal1": {base: "block/snow/normal1"},
						"material": {base: "block/wood/door/doorplanks/larch"},
						"top": {base: "block/wood/door/doorplanks/larch", rotation: 270 }
		},
		"*-larch-nesw-snow": { 
						"normal1": {base: "block/snow/normal1"},
						"material": {base: "block/wood/door/doorplanks/larch"},
						"top": {base: "block/wood/door/doorplanks/larch", rotation: 0 }
		},





		"*-maple-empty-snow": { 
						"normal1": {base: "block/snow/normal1"},
						"material": {base: "block/wood/door/doorplanks/maple"},
						"top": {base: "block/wood/door/doorplanks/maple", rotation: 0 }
		},
		"*-maple-n-snow": { 
						"normal1": {base: "block/snow/normal1"},
						"material": {base: "block/wood/door/doorplanks/maple"},
						"top": {base: "block/wood/door/doorplanks/maple", rotation: 90 }
		},
		"*-maple-e-snow": { 
						"normal1": {base: "block/snow/normal1"},
						"material": {base: "block/wood/door/doorplanks/maple"},
						"top": {base: "block/wood/door/doorplanks/maple", rotation: 180 }
		},
		"*-maple-s-snow": { 
						"normal1": {base: "block/snow/normal1"},
						"material": {base: "block/wood/door/doorplanks/maple"},
						"top": {base: "block/wood/door/doorplanks/maple", rotation: 270 }
		},
		"*-maple-w-snow": { 
						"normal1": {base: "block/snow/normal1"},
						"material": {base: "block/wood/door/doorplanks/maple"},
						"top": {base: "block/wood/door/doorplanks/maple", rotation: 0 }
		},
		"*-maple-ns-snow": { 
						"normal1": {base: "block/snow/normal1"},
						"material": {base: "block/wood/door/doorplanks/maple"},
						"top": {base: "block/wood/door/doorplanks/maple", rotation: 270 }
		},
		"*-maple-ew-snow": { 
						"normal1": {base: "block/snow/normal1"},
						"material": {base: "block/wood/door/doorplanks/maple"},
						"top": {base: "block/wood/door/doorplanks/maple", rotation: 0 }
		},
		"*-maple-ne-snow": { 
						"normal1": {base: "block/snow/normal1"},
						"material": {base: "block/wood/door/doorplanks/maple"},
						"top": {base: "block/wood/door/doorplanks/maple", rotation: 180 }
		},
		"*-maple-nw-snow": { 
						"normal1": {base: "block/snow/normal1"},
						"material": {base: "block/wood/door/doorplanks/maple"},
						"top": {base: "block/wood/door/doorplanks/maple", rotation: 90 }
		},
		"*-maple-es-snow": { 
						"normal1": {base: "block/snow/normal1"},
						"material": {base: "block/wood/door/doorplanks/maple"},
						"top": {base: "block/wood/door/doorplanks/maple", rotation: 270 }
		},
		"*-maple-sw-snow": { 
						"normal1": {base: "block/snow/normal1"},
						"material": {base: "block/wood/door/doorplanks/maple"},
						"top": {base: "block/wood/door/doorplanks/maple", rotation: 0 }
		},
		"*-maple-nes-snow": { 
						"normal1": {base: "block/snow/normal1"},
						"material": {base: "block/wood/door/doorplanks/maple"},
						"top": {base: "block/wood/door/doorplanks/maple", rotation: 180 }
		},
		"*-maple-new-snow": { 
						"normal1": {base: "block/snow/normal1"},
						"material": {base: "block/wood/door/doorplanks/maple"},
						"top": {base: "block/wood/door/doorplanks/maple", rotation: 90 }
		},
		"*-maple-nsw-snow": { 
						"normal1": {base: "block/snow/normal1"},
						"material": {base: "block/wood/door/doorplanks/maple"},
						"top": {base: "block/wood/door/doorplanks/maple", rotation: 0 }
		},
		"*-maple-esw-snow": { 
						"normal1": {base: "block/snow/normal1"},
						"material": {base: "block/wood/door/doorplanks/maple"},
						"top": {base: "block/wood/door/doorplanks/maple", rotation: 270 }
		},
		"*-maple-nesw-snow": { 
						"normal1": {base: "block/snow/normal1"},
						"material": {base: "block/wood/door/doorplanks/maple"},
						"top": {base: "block/wood/door/doorplanks/maple", rotation: 0 }
		},





		"*-oak-empty-snow": { 
						"normal1": {base: "block/snow/normal1"},
						"material": {base: "block/wood/door/doorplanks/oak"},
						"top": {base: "block/wood/door/doorplanks/oak", rotation: 0 }
		},
		"*-oak-n-snow": { 
						"normal1": {base: "block/snow/normal1"},
						"material": {base: "block/wood/door/doorplanks/oak"},
						"top": {base: "block/wood/door/doorplanks/oak", rotation: 90 }
		},
		"*-oak-e-snow": { 
						"normal1": {base: "block/snow/normal1"},
						"material": {base: "block/wood/door/doorplanks/oak"},
						"top": {base: "block/wood/door/doorplanks/oak", rotation: 180 }
		},
		"*-oak-s-snow": { 
						"normal1": {base: "block/snow/normal1"},
						"material": {base: "block/wood/door/doorplanks/oak"},
						"top": {base: "block/wood/door/doorplanks/oak", rotation: 270 }
		},
		"*-oak-w-snow": { 
						"normal1": {base: "block/snow/normal1"},
						"material": {base: "block/wood/door/doorplanks/oak"},
						"top": {base: "block/wood/door/doorplanks/oak", rotation: 0 }
		},
		"*-oak-ns-snow": { 
						"normal1": {base: "block/snow/normal1"},
						"material": {base: "block/wood/door/doorplanks/oak"},
						"top": {base: "block/wood/door/doorplanks/oak", rotation: 270 }
		},
		"*-oak-ew-snow": { 
						"normal1": {base: "block/snow/normal1"},
						"material": {base: "block/wood/door/doorplanks/oak"},
						"top": {base: "block/wood/door/doorplanks/oak", rotation: 0 }
		},
		"*-oak-ne-snow": { 
						"normal1": {base: "block/snow/normal1"},
						"material": {base: "block/wood/door/doorplanks/oak"},
						"top": {base: "block/wood/door/doorplanks/oak", rotation: 180 }
		},
		"*-oak-nw-snow": { 
						"normal1": {base: "block/snow/normal1"},
						"material": {base: "block/wood/door/doorplanks/oak"},
						"top": {base: "block/wood/door/doorplanks/oak", rotation: 90 }
		},
		"*-oak-es-snow": { 
						"normal1": {base: "block/snow/normal1"},
						"material": {base: "block/wood/door/doorplanks/oak"},
						"top": {base: "block/wood/door/doorplanks/oak", rotation: 270 }
		},
		"*-oak-sw-snow": { 
						"normal1": {base: "block/snow/normal1"},
						"material": {base: "block/wood/door/doorplanks/oak"},
						"top": {base: "block/wood/door/doorplanks/oak", rotation: 0 }
		},
		"*-oak-nes-snow": { 
						"normal1": {base: "block/snow/normal1"},
						"material": {base: "block/wood/door/doorplanks/oak"},
						"top": {base: "block/wood/door/doorplanks/oak", rotation: 180 }
		},
		"*-oak-new-snow": { 
						"normal1": {base: "block/snow/normal1"},
						"material": {base: "block/wood/door/doorplanks/oak"},
						"top": {base: "block/wood/door/doorplanks/oak", rotation: 90 }
		},
		"*-oak-nsw-snow": { 
						"normal1": {base: "block/snow/normal1"},
						"material": {base: "block/wood/door/doorplanks/oak"},
						"top": {base: "block/wood/door/doorplanks/oak", rotation: 0 }
		},
		"*-oak-esw-snow": { 
						"normal1": {base: "block/snow/normal1"},
						"material": {base: "block/wood/door/doorplanks/oak"},
						"top": {base: "block/wood/door/doorplanks/oak", rotation: 270 }
		},
		"*-oak-nesw-snow": { 
						"normal1": {base: "block/snow/normal1"},
						"material": {base: "block/wood/door/doorplanks/oak"},
						"top": {base: "block/wood/door/doorplanks/oak", rotation: 0 }
		},





		"*-pine-empty-snow": { 
						"normal1": {base: "block/snow/normal1"},
						"material": {base: "block/wood/door/doorplanks/pine"},
						"top": {base: "block/wood/door/doorplanks/pine", rotation: 0 }
		},
		"*-pine-n-snow": { 
						"normal1": {base: "block/snow/normal1"},
						"material": {base: "block/wood/door/doorplanks/pine"},
						"top": {base: "block/wood/door/doorplanks/pine", rotation: 90 }
		},
		"*-pine-e-snow": { 
						"normal1": {base: "block/snow/normal1"},
						"material": {base: "block/wood/door/doorplanks/pine"},
						"top": {base: "block/wood/door/doorplanks/pine", rotation: 180 }
		},
		"*-pine-s-snow": { 
						"normal1": {base: "block/snow/normal1"},
						"material": {base: "block/wood/door/doorplanks/pine"},
						"top": {base: "block/wood/door/doorplanks/pine", rotation: 270 }
		},
		"*-pine-w-snow": { 
						"normal1": {base: "block/snow/normal1"},
						"material": {base: "block/wood/door/doorplanks/pine"},
						"top": {base: "block/wood/door/doorplanks/pine", rotation: 0 }
		},
		"*-pine-ns-snow": { 
						"normal1": {base: "block/snow/normal1"},
						"material": {base: "block/wood/door/doorplanks/pine"},
						"top": {base: "block/wood/door/doorplanks/pine", rotation: 270 }
		},
		"*-pine-ew-snow": { 
						"normal1": {base: "block/snow/normal1"},
						"material": {base: "block/wood/door/doorplanks/pine"},
						"top": {base: "block/wood/door/doorplanks/pine", rotation: 0 }
		},
		"*-pine-ne-snow": { 
						"normal1": {base: "block/snow/normal1"},
						"material": {base: "block/wood/door/doorplanks/pine"},
						"top": {base: "block/wood/door/doorplanks/pine", rotation: 180 }
		},
		"*-pine-nw-snow": { 
						"normal1": {base: "block/snow/normal1"},
						"material": {base: "block/wood/door/doorplanks/pine"},
						"top": {base: "block/wood/door/doorplanks/pine", rotation: 90 }
		},
		"*-pine-es-snow": { 
						"normal1": {base: "block/snow/normal1"},
						"material": {base: "block/wood/door/doorplanks/pine"},
						"top": {base: "block/wood/door/doorplanks/pine", rotation: 270 }
		},
		"*-pine-sw-snow": { 
						"normal1": {base: "block/snow/normal1"},
						"material": {base: "block/wood/door/doorplanks/pine"},
						"top": {base: "block/wood/door/doorplanks/pine", rotation: 0 }
		},
		"*-pine-nes-snow": { 
						"normal1": {base: "block/snow/normal1"},
						"material": {base: "block/wood/door/doorplanks/pine"},
						"top": {base: "block/wood/door/doorplanks/pine", rotation: 180 }
		},
		"*-pine-new-snow": { 
						"normal1": {base: "block/snow/normal1"},
						"material": {base: "block/wood/door/doorplanks/pine"},
						"top": {base: "block/wood/door/doorplanks/pine", rotation: 90 }
		},
		"*-pine-nsw-snow": { 
						"normal1": {base: "block/snow/normal1"},
						"material": {base: "block/wood/door/doorplanks/pine"},
						"top": {base: "block/wood/door/doorplanks/pine", rotation: 0 }
		},
		"*-pine-esw-snow": { 
						"normal1": {base: "block/snow/normal1"},
						"material": {base: "block/wood/door/doorplanks/pine"},
						"top": {base: "block/wood/door/doorplanks/pine", rotation: 270 }
		},
		"*-pine-nesw-snow": { 
						"normal1": {base: "block/snow/normal1"},
						"material": {base: "block/wood/door/doorplanks/pine"},
						"top": {base: "block/wood/door/doorplanks/pine", rotation: 0 }
		},





		"*-purpleheart-empty-snow": { 
						"normal1": {base: "block/snow/normal1"},
						"material": {base: "block/wood/door/doorplanks/purpleheart"},
						"top": {base: "block/wood/door/doorplanks/purpleheart", rotation: 0 }
		},
		"*-purpleheart-n-snow": { 
						"normal1": {base: "block/snow/normal1"},
						"material": {base: "block/wood/door/doorplanks/purpleheart"},
						"top": {base: "block/wood/door/doorplanks/purpleheart", rotation: 90 }
		},
		"*-purpleheart-e-snow": { 
						"normal1": {base: "block/snow/normal1"},
						"material": {base: "block/wood/door/doorplanks/purpleheart"},
						"top": {base: "block/wood/door/doorplanks/purpleheart", rotation: 180 }
		},
		"*-purpleheart-s-snow": { 
						"normal1": {base: "block/snow/normal1"},
						"material": {base: "block/wood/door/doorplanks/purpleheart"},
						"top": {base: "block/wood/door/doorplanks/purpleheart", rotation: 270 }
		},
		"*-purpleheart-w-snow": { 
						"normal1": {base: "block/snow/normal1"},
						"material": {base: "block/wood/door/doorplanks/purpleheart"},
						"top": {base: "block/wood/door/doorplanks/purpleheart", rotation: 0 }
		},
		"*-purpleheart-ns-snow": { 
						"normal1": {base: "block/snow/normal1"},
						"material": {base: "block/wood/door/doorplanks/purpleheart"},
						"top": {base: "block/wood/door/doorplanks/purpleheart", rotation: 270 }
		},
		"*-purpleheart-ew-snow": { 
						"normal1": {base: "block/snow/normal1"},
						"material": {base: "block/wood/door/doorplanks/purpleheart"},
						"top": {base: "block/wood/door/doorplanks/purpleheart", rotation: 0 }
		},
		"*-purpleheart-ne-snow": { 
						"normal1": {base: "block/snow/normal1"},
						"material": {base: "block/wood/door/doorplanks/purpleheart"},
						"top": {base: "block/wood/door/doorplanks/purpleheart", rotation: 180 }
		},
		"*-purpleheart-nw-snow": { 
						"normal1": {base: "block/snow/normal1"},
						"material": {base: "block/wood/door/doorplanks/purpleheart"},
						"top": {base: "block/wood/door/doorplanks/purpleheart", rotation: 90 }
		},
		"*-purpleheart-es-snow": { 
						"normal1": {base: "block/snow/normal1"},
						"material": {base: "block/wood/door/doorplanks/purpleheart"},
						"top": {base: "block/wood/door/doorplanks/purpleheart", rotation: 270 }
		},
		"*-purpleheart-sw-snow": { 
						"normal1": {base: "block/snow/normal1"},
						"material": {base: "block/wood/door/doorplanks/purpleheart"},
						"top": {base: "block/wood/door/doorplanks/purpleheart", rotation: 0 }
		},
		"*-purpleheart-nes-snow": { 
						"normal1": {base: "block/snow/normal1"},
						"material": {base: "block/wood/door/doorplanks/purpleheart"},
						"top": {base: "block/wood/door/doorplanks/purpleheart", rotation: 180 }
		},
		"*-purpleheart-new-snow": { 
						"normal1": {base: "block/snow/normal1"},
						"material": {base: "block/wood/door/doorplanks/purpleheart"},
						"top": {base: "block/wood/door/doorplanks/purpleheart", rotation: 90 }
		},
		"*-purpleheart-nsw-snow": { 
						"normal1": {base: "block/snow/normal1"},
						"material": {base: "block/wood/door/doorplanks/purpleheart"},
						"top": {base: "block/wood/door/doorplanks/purpleheart", rotation: 0 }
		},
		"*-purpleheart-esw-snow": { 
						"normal1": {base: "block/snow/normal1"},
						"material": {base: "block/wood/door/doorplanks/purpleheart"},
						"top": {base: "block/wood/door/doorplanks/purpleheart", rotation: 270 }
		},
		"*-purpleheart-nesw-snow": { 
						"normal1": {base: "block/snow/normal1"},
						"material": {base: "block/wood/door/doorplanks/purpleheart"},
						"top": {base: "block/wood/door/doorplanks/purpleheart", rotation: 0 }
		},





		"*-redwood-empty-snow": { 
						"normal1": {base: "block/snow/normal1"},
						"material": {base: "block/wood/door/doorplanks/redwood"},
						"top": {base: "block/wood/door/doorplanks/redwood", rotation: 0 }
		},
		"*-redwood-n-snow": { 
						"normal1": {base: "block/snow/normal1"},
						"material": {base: "block/wood/door/doorplanks/redwood"},
						"top": {base: "block/wood/door/doorplanks/redwood", rotation: 90 }
		},
		"*-redwood-e-snow": { 
						"normal1": {base: "block/snow/normal1"},
						"material": {base: "block/wood/door/doorplanks/redwood"},
						"top": {base: "block/wood/door/doorplanks/redwood", rotation: 180 }
		},
		"*-redwood-s-snow": { 
						"normal1": {base: "block/snow/normal1"},
						"material": {base: "block/wood/door/doorplanks/redwood"},
						"top": {base: "block/wood/door/doorplanks/redwood", rotation: 270 }
		},
		"*-redwood-w-snow": { 
						"normal1": {base: "block/snow/normal1"},
						"material": {base: "block/wood/door/doorplanks/redwood"},
						"top": {base: "block/wood/door/doorplanks/redwood", rotation: 0 }
		},
		"*-redwood-ns-snow": { 
						"normal1": {base: "block/snow/normal1"},
						"material": {base: "block/wood/door/doorplanks/redwood"},
						"top": {base: "block/wood/door/doorplanks/redwood", rotation: 270 }
		},
		"*-redwood-ew-snow": { 
						"normal1": {base: "block/snow/normal1"},
						"material": {base: "block/wood/door/doorplanks/redwood"},
						"top": {base: "block/wood/door/doorplanks/redwood", rotation: 0 }
		},
		"*-redwood-ne-snow": { 
						"normal1": {base: "block/snow/normal1"},
						"material": {base: "block/wood/door/doorplanks/redwood"},
						"top": {base: "block/wood/door/doorplanks/redwood", rotation: 180 }
		},
		"*-redwood-nw-snow": { 
						"normal1": {base: "block/snow/normal1"},
						"material": {base: "block/wood/door/doorplanks/redwood"},
						"top": {base: "block/wood/door/doorplanks/redwood", rotation: 90 }
		},
		"*-redwood-es-snow": { 
						"normal1": {base: "block/snow/normal1"},
						"material": {base: "block/wood/door/doorplanks/redwood"},
						"top": {base: "block/wood/door/doorplanks/redwood", rotation: 270 }
		},
		"*-redwood-sw-snow": { 
						"normal1": {base: "block/snow/normal1"},
						"material": {base: "block/wood/door/doorplanks/redwood"},
						"top": {base: "block/wood/door/doorplanks/redwood", rotation: 0 }
		},
		"*-redwood-nes-snow": { 
						"normal1": {base: "block/snow/normal1"},
						"material": {base: "block/wood/door/doorplanks/redwood"},
						"top": {base: "block/wood/door/doorplanks/redwood", rotation: 180 }
		},
		"*-redwood-new-snow": { 
						"normal1": {base: "block/snow/normal1"},
						"material": {base: "block/wood/door/doorplanks/redwood"},
						"top": {base: "block/wood/door/doorplanks/redwood", rotation: 90 }
		},
		"*-redwood-nsw-snow": { 
						"normal1": {base: "block/snow/normal1"},
						"material": {base: "block/wood/door/doorplanks/redwood"},
						"top": {base: "block/wood/door/doorplanks/redwood", rotation: 0 }
		},
		"*-redwood-esw-snow": { 
						"normal1": {base: "block/snow/normal1"},
						"material": {base: "block/wood/door/doorplanks/redwood"},
						"top": {base: "block/wood/door/doorplanks/redwood", rotation: 270 }
		},
		"*-redwood-nesw-snow": { 
						"normal1": {base: "block/snow/normal1"},
						"material": {base: "block/wood/door/doorplanks/redwood"},
						"top": {base: "block/wood/door/doorplanks/redwood", rotation: 0 }
		},





		"*-walnut-empty-snow": { 
						"normal1": {base: "block/snow/normal1"},
						"material": {base: "block/wood/door/doorplanks/walnut"},
						"top": {base: "block/wood/door/doorplanks/walnut", rotation: 0 }
		},
		"*-walnut-n-snow": { 
						"normal1": {base: "block/snow/normal1"},
						"material": {base: "block/wood/door/doorplanks/walnut"},
						"top": {base: "block/wood/door/doorplanks/walnut", rotation: 90 }
		},
		"*-walnut-e-snow": { 
						"normal1": {base: "block/snow/normal1"},
						"material": {base: "block/wood/door/doorplanks/walnut"},
						"top": {base: "block/wood/door/doorplanks/walnut", rotation: 180 }
		},
		"*-walnut-s-snow": { 
						"normal1": {base: "block/snow/normal1"},
						"material": {base: "block/wood/door/doorplanks/walnut"},
						"top": {base: "block/wood/door/doorplanks/walnut", rotation: 270 }
		},
		"*-walnut-w-snow": { 
						"normal1": {base: "block/snow/normal1"},
						"material": {base: "block/wood/door/doorplanks/walnut"},
						"top": {base: "block/wood/door/doorplanks/walnut", rotation: 0 }
		},
		"*-walnut-ns-snow": { 
						"normal1": {base: "block/snow/normal1"},
						"material": {base: "block/wood/door/doorplanks/walnut"},
						"top": {base: "block/wood/door/doorplanks/walnut", rotation: 270 }
		},
		"*-walnut-ew-snow": { 
						"normal1": {base: "block/snow/normal1"},
						"material": {base: "block/wood/door/doorplanks/walnut"},
						"top": {base: "block/wood/door/doorplanks/walnut", rotation: 0 }
		},
		"*-walnut-ne-snow": { 
						"normal1": {base: "block/snow/normal1"},
						"material": {base: "block/wood/door/doorplanks/walnut"},
						"top": {base: "block/wood/door/doorplanks/walnut", rotation: 180 }
		},
		"*-walnut-nw-snow": { 
						"normal1": {base: "block/snow/normal1"},
						"material": {base: "block/wood/door/doorplanks/walnut"},
						"top": {base: "block/wood/door/doorplanks/walnut", rotation: 90 }
		},
		"*-walnut-es-snow": { 
						"normal1": {base: "block/snow/normal1"},
						"material": {base: "block/wood/door/doorplanks/walnut"},
						"top": {base: "block/wood/door/doorplanks/walnut", rotation: 270 }
		},
		"*-walnut-sw-snow": { 
						"normal1": {base: "block/snow/normal1"},
						"material": {base: "block/wood/door/doorplanks/walnut"},
						"top": {base: "block/wood/door/doorplanks/walnut", rotation: 0 }
		},
		"*-walnut-nes-snow": { 
						"normal1": {base: "block/snow/normal1"},
						"material": {base: "block/wood/door/doorplanks/walnut"},
						"top": {base: "block/wood/door/doorplanks/walnut", rotation: 180 }
		},
		"*-walnut-new-snow": { 
						"normal1": {base: "block/snow/normal1"},
						"material": {base: "block/wood/door/doorplanks/walnut"},
						"top": {base: "block/wood/door/doorplanks/walnut", rotation: 90 }
		},
		"*-walnut-nsw-snow": { 
						"normal1": {base: "block/snow/normal1"},
						"material": {base: "block/wood/door/doorplanks/walnut"},
						"top": {base: "block/wood/door/doorplanks/walnut", rotation: 0 }
		},
		"*-walnut-esw-snow": { 
						"normal1": {base: "block/snow/normal1"},
						"material": {base: "block/wood/door/doorplanks/walnut"},
						"top": {base: "block/wood/door/doorplanks/walnut", rotation: 270 }
		},
		"*-walnut-nesw-snow": { 
						"normal1": {base: "block/snow/normal1"},
						"material": {base: "block/wood/door/doorplanks/walnut"},
						"top": {base: "block/wood/door/doorplanks/walnut", rotation: 0 }
		}
	},
	sidesolid: {
		up: true,
		all: false
	},
	sideopaque: { all: false },
	resistance: 3,
	lightAbsorption: 0,
	sounds: {
		"place": "game:block/planks",
		"hit": "game:block/planks",
		"break": "game:block/planks",
		"walk": "game:walk/wood"
	},
	selectionboxbytype: {
		"*": { x1: 0, y1: 0, z1: 0, x2: 1, y2: 1, z2: 1 }
	},
	selectionboxesbytype: {
		"*": [ { x1: 0, y1: 0, z1: 0, x2: 1, y2: 1, z2: 1 } ]
	},	
	collisionboxbytype: {
		"*": { x1: 0, y1: 0, z1: 0, x2: 1, y2: 1, z2: 1 }
	},
	collisionboxesbytype: {
		"*": [ { x1: 0, y1: 0, z1: 0, x2: 1, y2: 1, z2: 1 } ]
	},
	combustibleProps: {
		burnTemperature: 600,
		burnDuration: 10
	},
	materialDensity: 600,
	tpHandTransform: {
		translation: { x: -1.5, y: -1, z: -1.2 },
		rotation: { x: 5, y: -3, z: -96 },
		scale: 0.37
	},
	groundTransform: {
		translation: { x: 0, y: 0.05, z: 0 },
		rotation: { x: 90, y: -45, z: 0 },
		origin: { x: 0.5, y: 0, z: 0.5 },
		scale: 2.07
	}
}