{
	"editor": {
		"allAngles": false,
		"entityTextureMode": false
	},
	"textureWidth": 16,
	"textureHeight": 16,
	"textureSizes": {
	},
    "textures": {
        "side": "block/plant/cactus/saguaro-side",
        "top": "block/plant/cactus/saguaro-top"
    },
	"elements": [
		{
			"name": "Base",
			"from": [ 3.0, 0.0, 3.0 ], 
			"to": [ 13.0, 16.0, 13.0 ], 
			"faces": {
				"north": { "texture": "#side", "uv": [ 3.0, 0.0, 13.0, 16.0 ] },
				"east": { "texture": "#side", "uv": [ 3.0, 0.0, 13.0, 16.0 ] },
				"south": { "texture": "#side", "uv": [ 3.0, 0.0, 13.0, 16.0 ] },
				"west": { "texture": "#side", "uv": [ 3.0, 0.0, 13.0, 16.0 ] },
				"up": { "texture": "#top", "uv": [ 3.0, 6.0, 13.0, 16.0 ] },
				"down": { "texture": "#top", "uv": [ 3.0, 6.0, 13.0, 16.0 ] }
			}
		},
		{
			"name": "Branch",
			"from": [ 6.0, 4.0, 1.0 ], 
			"to": [ 9.0, 8.0, 3.0 ], 
			"faces": {
				"north": { "texture": "#side", "uv": [ 5.0, 0.0, 8.0, 4.0 ] },
				"east": { "texture": "#side", "uv": [ 11.0, 0.0, 13.0, 4.0 ] },
				"south": { "texture": "#null", "uv": [ 0.0, 0.0, 3.0, 4.0 ], "enabled": false },
				"west": { "texture": "#side", "uv": [ 3.0, 1.0, 5.0, 5.0 ] },
				"up": { "texture": "#side", "uv": [ 11.0, 0.0, 13.0, 3.0 ], "rotation": 270 },
				"down": { "texture": "#side", "uv": [ 3.0, 0.0, 5.0, 3.0 ], "rotation": 270 }
			}
		},
		{
			"name": "Cube",
			"from": [ 5.0, 9.0, 13.0 ], 
			"to": [ 8.0, 13.0, 15.0 ], 
			"faces": {
				"north": { "texture": "#null", "uv": [ 0.0, 0.0, 3.0, 4.0 ], "enabled": false },
				"east": { "texture": "#side", "uv": [ 11.0, 0.0, 13.0, 4.0 ] },
				"south": { "texture": "#side", "uv": [ 6.0, 0.0, 9.0, 4.0 ] },
				"west": { "texture": "#side", "uv": [ 3.0, 1.0, 5.0, 5.0 ] },
				"up": { "texture": "#side", "uv": [ 11.0, 0.0, 13.0, 3.0 ], "rotation": 270 },
				"down": { "texture": "#side", "uv": [ 3.0, 0.0, 5.0, 3.0 ], "rotation": 270 }
			}
		},
		{
			"name": "Base4",
			"from": [ 3.0, -0.05, 3.0 ], 
			"to": [ 13.0, 15.95, 13.0 ], 
			"rotationOrigin": [ 8.0, 0.0, 8.0 ],
			"rotationY": -45.0,
			"faces": {
				"north": { "texture": "#side", "uv": [ 3.0, 0.0, 13.0, 16.0 ] },
				"east": { "texture": "#side", "uv": [ 3.0, 0.0, 13.0, 16.0 ] },
				"south": { "texture": "#side", "uv": [ 3.0, 0.0, 13.0, 16.0 ] },
				"west": { "texture": "#side", "uv": [ 3.0, 0.0, 13.0, 16.0 ] },
				"up": { "texture": "#top", "uv": [ 3.0, 6.0, 13.0, 16.0 ] },
				"down": { "texture": "#top", "uv": [ 3.0, 6.0, 13.0, 16.0 ] }
			}
		}
	]}