{
	"editor": {
		"allAngles": false,
		"entityTextureMode": false
	},
	"textureWidth": 16,
	"textureHeight": 16,
	"textureSizes": {
	},
    "textures": {
        "side": "block/plant/cactus/saguaro-side",
        "top": "block/plant/cactus/saguaro-top"
    },
	"elements": [
		{
			"name": "Base",
			"from": [ 3.0, 0.0, 3.0 ], 
			"to": [ 13.0, 16.0, 13.0 ], 
			"faces": {
				"north": { "texture": "#side", "uv": [ 3.0, 0.0, 13.0, 16.0 ] },
				"east": { "texture": "#side", "uv": [ 3.0, 0.0, 13.0, 16.0 ] },
				"south": { "texture": "#side", "uv": [ 3.0, 0.0, 13.0, 16.0 ] },
				"west": { "texture": "#side", "uv": [ 3.0, 0.0, 13.0, 16.0 ] },
				"up": { "texture": "#top", "uv": [ 3.0, 6.0, 13.0, 16.0 ] },
				"down": { "texture": "#side", "uv": [ 3.0, 6.0, 13.0, 16.0 ] }
			}
		},
		{
			"name": "Base2",
			"from": [ 3.0, -0.05, 3.0 ], 
			"to": [ 13.0, 15.95, 13.0 ], 
			"rotationOrigin": [ 8.0, 0.0, 8.0 ],
			"rotationY": -45.0,
			"faces": {
				"north": { "texture": "#side", "uv": [ 3.0, 0.0, 13.0, 16.0 ] },
				"east": { "texture": "#side", "uv": [ 3.0, 0.0, 13.0, 16.0 ] },
				"south": { "texture": "#side", "uv": [ 3.0, 0.0, 13.0, 16.0 ] },
				"west": { "texture": "#side", "uv": [ 3.0, 0.0, 13.0, 16.0 ] },
				"up": { "texture": "#top", "uv": [ 3.0, 6.0, 13.0, 16.0 ] },
				"down": { "texture": "#side", "uv": [ 3.0, 6.0, 13.0, 16.0 ] }
			}
		}
	]}