{
	"editor": {
		"allAngles": false,
		"entityTextureMode": false
	},
	"textureWidth": 16,
	"textureHeight": 16,
	"textureSizes": {
	},
	"textures": {
		"0": "block/plant/cactus/saguaro-side",
		"1": "block/plant/cactus/saguaro-top",
		"2": "block/plant/cactus/saguaro-top-flower",
		"3": "block/plant/cactus/saguaro-flower"
	},
	"elements": [
		{
			"name": "Base",
			"from": [ 3.0, 0.0, 3.0 ], 
			"to": [ 13.0, 14.0, 13.0 ], 
			"faces": {
				"north": { "texture": "#0", "uv": [ 3.0, 0.0, 13.0, 14.0 ] },
				"east": { "texture": "#0", "uv": [ 3.0, 0.0, 13.0, 14.0 ] },
				"south": { "texture": "#0", "uv": [ 3.0, 0.0, 13.0, 14.0 ] },
				"west": { "texture": "#0", "uv": [ 3.0, 0.0, 13.0, 14.0 ] },
				"up": { "texture": "#1", "uv": [ 3.0, 6.0, 13.0, 16.0 ] },
				"down": { "texture": "#1", "uv": [ 3.0, 6.0, 13.0, 16.0 ] }
			}
		},
		{
			"name": "Cap",
			"from": [ 4.0, 14.0, 4.0 ], 
			"to": [ 12.0, 16.0, 12.0 ], 
			"faces": {
				"north": { "texture": "#0", "uv": [ 4.0, 0.0, 12.0, 2.0 ] },
				"east": { "texture": "#0", "uv": [ 4.0, 0.0, 12.0, 2.0 ] },
				"south": { "texture": "#0", "uv": [ 4.0, 0.0, 12.0, 2.0 ] },
				"west": { "texture": "#0", "uv": [ 4.0, 0.0, 12.0, 2.0 ] },
				"up": { "texture": "#2", "uv": [ 4.0, 7.0, 12.0, 15.0 ] },
				"down": { "texture": "#null", "uv": [ 0.0, 0.0, 8.0, 8.0 ], "enabled": false }
			}
		},
		{
			"name": "FlowerN",
			"from": [ 3.0, 16.0, 8.0 ], 
			"to": [ 13.0, 24.0, 8.0 ], 
			"shade": false,
			"renderPass": 2,
			"rotationOrigin": [ 8.0, 8.0, 8.0 ],
			"rotationY": -45.0,
			"faces": {
				"north": { "texture": "#3", "uv": [ 3.0, 8.0, 13.0, 16.0 ], "enabled": false },
				"east": { "texture": "#-1", "uv": [ 0.0, 0.0, 0.0, 8.0 ], "enabled": false },
				"south": { "texture": "#3", "uv": [ 3.0, 8.0, 13.0, 16.0 ] },
				"west": { "texture": "#-1", "uv": [ 0.0, 0.0, 0.0, 8.0 ], "enabled": false },
				"up": { "texture": "#-1", "uv": [ 0.0, 0.0, 10.0, 0.0 ], "enabled": false },
				"down": { "texture": "#-1", "uv": [ 0.0, 0.0, 10.0, 0.0 ], "enabled": false }
			}
		},
		{
			"name": "FlowerS",
			"from": [ 3.0, 16.0, 8.0 ], 
			"to": [ 13.0, 24.0, 8.0 ], 
			"shade": false,
			"renderPass": 2,
			"rotationOrigin": [ 8.0, 8.0, 8.0 ],
			"rotationY": 45.0,
			"faces": {
				"north": { "texture": "#3", "uv": [ 3.0, 8.0, 13.0, 16.0 ], "enabled": false },
				"east": { "texture": "#-1", "uv": [ 0.0, 0.0, 0.0, 8.0 ], "enabled": false },
				"south": { "texture": "#3", "uv": [ 3.0, 8.0, 13.0, 16.0 ] },
				"west": { "texture": "#-1", "uv": [ 0.0, 0.0, 0.0, 8.0 ], "enabled": false },
				"up": { "texture": "#-1", "uv": [ 0.0, 0.0, 10.0, 0.0 ], "enabled": false },
				"down": { "texture": "#-1", "uv": [ 0.0, 0.0, 10.0, 0.0 ], "enabled": false }
			}
		},
		{
			"name": "Base5",
			"from": [ 3.0, -0.05, 3.0 ], 
			"to": [ 13.0, 13.95, 13.0 ], 
			"rotationOrigin": [ 8.0, 0.0, 8.0 ],
			"rotationY": -45.0,
			"faces": {
				"north": { "texture": "#0", "uv": [ 3.0, 0.0, 13.0, 14.0 ] },
				"east": { "texture": "#0", "uv": [ 3.0, 0.0, 13.0, 14.0 ] },
				"south": { "texture": "#0", "uv": [ 3.0, 0.0, 13.0, 14.0 ] },
				"west": { "texture": "#0", "uv": [ 3.0, 0.0, 13.0, 14.0 ] },
				"up": { "texture": "#1", "uv": [ 3.0, 6.0, 13.0, 16.0 ] },
				"down": { "texture": "#1", "uv": [ 3.0, 6.0, 13.0, 16.0 ] }
			}
		}
	]}