{
	code: "coin",
	variantgroups: [
		{ code: "value", states: ["gold", "silver", "stainlesssteel" ] },
	],
	maxstacksizeByType: {
		"coin-gold": 1000,
		"coin-silver": 1000,
		"coin-stainlesssteel": 1000
	},
	dimensions: { width: 0.0625, height: 0.0625, length: 0.0625 },
	attributesByType: {
		"*coin-gold": {
			currency: {
				value: 1
			},
			displaycaseable: true, 
			shelvable: true,
			onDisplayTransform: {
				translation: { x: 0.1, y: 0, z: 0 },
				rotation: { x: 0, y: 0, z: 2 },
				origin: { x: 0.5, y: 0, z: 0.5 },
				scale: 0.85
			}
		},
		"coin-silver": {
			currency: {
				value: 1
			},
			displaycaseable: true, 
			shelvable: true,
			onDisplayTransform: {
				translation: { x: 0.1, y: 0, z: 0 },
				rotation: { x: 0, y: 0, z: 2 },
				origin: { x: 0.5, y: 0, z: 0.5 },
				scale: 0.85
			}
		},
		"coin-stainlesssteel": {
			currency: {
				value: 1
			},
			displaycaseable: true, 
			shelvable: true,
			onDisplayTransform: {
				translation: { x: 0.1, y: 0, z: 0 },
				rotation: { x: 0, y: 0, z: 2 },
				origin: { x: 0.5, y: 0, z: 0.5 },
				scale: 0.85
			}
		}
	},
	storageFlags: 4,
	shape: { base: "item/coin-{value}" },
	creativeinventory: { "general": ["*"], "items": ["*"], "medieval": ["*"] },
	combustiblePropsByType: {
		"*-gold": {
			meltingPoint: 1063,
			meltingDuration: 30,
			smeltedRatio: 10,
			smeltedStack: { type: "item", code: "game:ingot-gold", }
		},
		"*-silver": {
			meltingPoint: 961,
			meltingDuration: 30,
			smeltedRatio: 10,
			smeltedStack: { type: "item", code: "game:ingot-silver" }
		},
		"*-stainlesssteel": {
			meltingPoint: 1510,
			meltingDuration: 30,
			smeltedRatio: 10,
			smeltedStack: { type: "item", code: "game:ingot-stainlesssteel" }
		}
	},
	materialDensity: 4000,
	glowLevelByType: {
		"coin-gold": 255,
		"coin-silver": 255,
		"coin-stainlesssteel": 255
	},
	vertexFlags: {
		glowLevel: 255,
	},
		guiTransform: {
		translation: { x: 3, y: -3, z: 0 },
		rotation: { x: 145, y: -12, z: 0 },
		origin: { x: 0.5, y: 0.0625, z: 0.5 },
		scale: 4
	},
	fpHandTransform: {
		translation: { x: 0, y: 0.2, z: 0 },
		rotation: { x: 15, y: 0, z: 0 },
		origin: { x: 0.5, y: 0, z: 0.5 },
		scale: 1.8
	},
		tpHandTransform: {
		translation: { x: -1.03, y: -0.04, z: -0.79 },
		origin: { x: 0.5, y: 0.0625, z: 0.5 },
		scale: 0.6
	},
	groundTransform: {
		translation: { x: 0, y: 0, z: 0 },
		rotation: { x: 0, y: 0, z: 0 },
		origin: { x: 0.39, y: 0, z: 0.47 },
		scale: 2.5
	}
}