{
	code: "rusty",
	behaviors: [ {name: "Decor", properties: {sides: ["north", "east", "south", "west"], notFullFace:true, thickness: 0.0 }} ],
	variantgroups: [
		{ code:"type", states: ["rust"] }
	],
	renderPass: "Transparent",
	drawtype: "surfacelayer",
	randomizeRotations: true,
	shapeInventory: {
		base: "game:block/basic/layers/0voxel", rotateX: 90
	},
	doNotRenderAtLod2: true,
	sidesolid: { all: false },
	sideopaque: { all: false },
	blockmaterial: "Plant",
	creativeinventory: { "general": ["*"], "decorative": ["*"], "medieval": ["*"] },
	replaceable: 5500,
	resistance: 0,
	lightAbsorption: 0,
	texturesByType: {
		"*-rust": { all: {  base: "game:block/overlay/rust/segment-*" } }
	},
	dropsByType: {

		"*-rust": [ { type: "block", code: "rusty-rust" } ],


	},
	guiTransform: {
		origin: { x: 0.5, y: 0.5, z: 0 }
	},
	materialDensity: 400
}
