{
	"editor": {
		"allAngles": false,
		"entityTextureMode": false
	},
	"textureWidth": 16,
	"textureHeight": 16,
	"textureSizes": {
	},
	"textures": {
		"chimney": "block/clay/bloomery/chimney"
	},
	"elements": [
		{
			"name": "W top",
			"from": [ 2.0, 4.5, 2.0 ], 
			"to": [ 5.0, 9.0, 14.0 ], 
			"rotationOrigin": [ 0.0, -0.5, 0.0 ],
			"faces": {
				"north": { "texture": "#chimney", "uv": [ 10.0, 7.5, 13.0, 12.0 ] },
				"east": { "texture": "#chimney", "uv": [ 4.0, 7.5, 16.0, 12.0 ] },
				"south": { "texture": "#chimney", "uv": [ 3.0, 7.5, 6.0, 12.0 ] },
				"west": { "texture": "#chimney", "uv": [ 2.0, 11.5, 14.0, 16.0 ] },
				"up": { "texture": "#chimney", "uv": [ 8.0, 3.5, 11.0, 15.5 ] },
				"down": { "texture": "#chimney", "uv": [ 11.0, 2.0, 14.0, 14.0 ] }
			}
		},
		{
			"name": "S top",
			"from": [ 5.0, 4.5, 11.0 ], 
			"to": [ 11.0, 9.0, 14.0 ], 
			"rotationOrigin": [ 0.0, -0.5, 0.0 ],
			"faces": {
				"north": { "texture": "#chimney", "uv": [ 5.0, 11.5, 11.0, 16.0 ] },
				"east": { "texture": "#chimney", "uv": [ 13.0, 11.0, 16.0, 15.5 ], "enabled": false },
				"south": { "texture": "#chimney", "uv": [ 5.0, 11.5, 11.0, 16.0 ] },
				"west": { "texture": "#chimney", "uv": [ 13.0, 11.0, 16.0, 15.5 ], "enabled": false },
				"up": { "texture": "#chimney", "uv": [ 9.0, 4.5, 15.0, 7.5 ] },
				"down": { "texture": "#chimney", "uv": [ 0.5, 4.5, 6.5, 7.5 ] }
			}
		},
		{
			"name": "E top",
			"from": [ 11.0, 4.5, 2.0 ], 
			"to": [ 14.0, 9.0, 14.0 ], 
			"rotationOrigin": [ 0.0, -0.5, 0.0 ],
			"faces": {
				"north": { "texture": "#chimney", "uv": [ 3.0, 7.5, 6.0, 12.0 ] },
				"east": { "texture": "#chimney", "uv": [ 2.0, 11.5, 14.0, 16.0 ] },
				"south": { "texture": "#chimney", "uv": [ 10.0, 7.5, 13.0, 12.0 ] },
				"west": { "texture": "#chimney", "uv": [ 2.0, 11.5, 14.0, 16.0 ] },
				"up": { "texture": "#chimney", "uv": [ 4.5, 3.5, 7.5, 15.5 ] },
				"down": { "texture": "#chimney", "uv": [ 4.5, 4.0, 7.5, 16.0 ] }
			}
		},
		{
			"name": "N top",
			"from": [ 5.0, 4.5, 2.0 ], 
			"to": [ 11.0, 9.0, 5.0 ], 
			"rotationOrigin": [ 0.0, -0.5, 0.0 ],
			"faces": {
				"north": { "texture": "#chimney", "uv": [ 5.0, 7.5, 11.0, 12.0 ] },
				"east": { "texture": "#chimney", "uv": [ 13.0, 11.0, 16.0, 15.5 ], "enabled": false },
				"south": { "texture": "#chimney", "uv": [ 5.0, 7.5, 11.0, 12.0 ] },
				"west": { "texture": "#chimney", "uv": [ 13.0, 11.0, 16.0, 15.5 ], "enabled": false },
				"up": { "texture": "#chimney", "uv": [ 6.0, 7.5, 12.0, 10.5 ] },
				"down": { "texture": "#chimney", "uv": [ 7.0, 13.0, 13.0, 16.0 ] }
			}
		},
		{
			"name": "S base",
			"from": [ 4.0, 0.0, 12.0 ], 
			"to": [ 12.0, 4.5, 15.0 ], 
			"faces": {
				"north": { "texture": "#chimney", "uv": [ 4.0, 11.5, 12.0, 16.0 ] },
				"east": { "texture": "#chimney", "uv": [ 0.0, 0.0, 3.0, 4.5 ], "enabled": false },
				"south": { "texture": "#chimney", "uv": [ 4.0, 11.5, 12.0, 16.0 ] },
				"west": { "texture": "#chimney", "uv": [ 0.0, 0.0, 3.0, 4.5 ], "enabled": false },
				"up": { "texture": "#chimney", "uv": [ 4.0, 9.0, 12.0, 12.0 ] },
				"down": { "texture": "#chimney", "uv": [ 4.0, 9.0, 12.0, 12.0 ] }
			}
		},
		{
			"name": "N base",
			"from": [ 4.0, 0.0, 1.0 ], 
			"to": [ 12.0, 4.5, 4.0 ], 
			"faces": {
				"north": { "texture": "#chimney", "uv": [ 4.0, 11.5, 12.0, 16.0 ] },
				"east": { "texture": "#chimney", "uv": [ 0.0, 0.0, 3.0, 4.5 ], "enabled": false },
				"south": { "texture": "#chimney", "uv": [ 4.0, 11.5, 12.0, 16.0 ] },
				"west": { "texture": "#chimney", "uv": [ 0.0, 0.0, 3.0, 4.5 ], "enabled": false },
				"up": { "texture": "#chimney", "uv": [ 4.0, 7.5, 12.0, 10.5 ] },
				"down": { "texture": "#chimney", "uv": [ 4.0, 7.5, 12.0, 10.5 ] }
			}
		},
		{
			"name": "W base",
			"from": [ 1.0, 0.0, 1.0 ], 
			"to": [ 4.0, 4.5, 15.0 ], 
			"faces": {
				"north": { "texture": "#chimney", "uv": [ 12.0, 11.5, 15.0, 16.0 ] },
				"east": { "texture": "#chimney", "uv": [ 1.0, 11.5, 15.0, 16.0 ] },
				"south": { "texture": "#chimney", "uv": [ 1.0, 11.5, 4.0, 16.0 ] },
				"west": { "texture": "#chimney", "uv": [ 1.0, 11.5, 15.0, 16.0 ] },
				"up": { "texture": "#chimney", "uv": [ 1.0, 12.0, 15.0, 15.0 ], "rotation": 90 },
				"down": { "texture": "#chimney", "uv": [ 1.0, 12.0, 15.0, 15.0 ], "rotation": 90 }
			}
		},
		{
			"name": "E base",
			"from": [ 12.0, 0.0, 1.0 ], 
			"to": [ 15.0, 4.5, 15.0 ], 
			"faces": {
				"north": { "texture": "#chimney", "uv": [ 1.0, 11.5, 4.0, 16.0 ] },
				"east": { "texture": "#chimney", "uv": [ 1.0, 11.5, 15.0, 16.0 ] },
				"south": { "texture": "#chimney", "uv": [ 12.0, 11.5, 15.0, 16.0 ] },
				"west": { "texture": "#chimney", "uv": [ 1.0, 11.5, 15.0, 15.5 ], "autoUv": false },
				"up": { "texture": "#chimney", "uv": [ 1.0, 12.5, 15.0, 15.5 ], "rotation": 90 },
				"down": { "texture": "#chimney", "uv": [ 1.0, 12.0, 15.0, 15.0 ], "rotation": 90 }
			}
		}
	]}