[
   {
    "op": "add",
    "path": "/game:block-debarkedlog-douglasfir-*",
    "value": "Debarked Douglas Fir Log",
    "file": "lang/en.json"
  },
  {
    "op": "add",
    "path": "/game:block-debarkedlog-willow-*",
    "value": "Debarked Willow Log",
    "file": "lang/en.json"
  },
  {
    "op": "add",
    "path": "/game:block-debarkedlog-honeylocust-*",
    "value": "Debarked Honey Locust Log",
    "file": "lang/en.json"
  },
  {
    "op": "add",
    "path": "/game:block-debarkedlog-bearnut-*",
    "value": "Debarked Bearnut Log",
    "file": "lang/en.json"
  },
  {
    "op": "add",
    "path": "/game:block-debarkedlog-blackpoplar-*",
    "value": "Debarked Black Poplar Log",
    "file": "lang/en.json"
  },
  {
    "op": "add",
    "path": "/game:block-debarkedlog-pyramidalpoplar-*",
    "value": "Debarked Pyramidal Poplar Log",
    "file": "lang/en.json"
  },
  {
    "op": "add",
    "path": "/game:block-debarkedlog-catalpa-*",
    "value": "Debarked Catalpa Log",
    "file": "lang/en.json"
  },
  {
    "op": "add",
    "path": "/game:block-debarkedlog-mahogany-*",
    "value": "Debarked Mahogany Log",
    "file": "lang/en.json"
  },
  {
    "op": "add",
    "path": "/game:block-debarkedlog-sal-*",
    "value": "Debarked Sal Log",
    "file": "lang/en.json"
  },
  {
    "op": "add",
    "path": "/game:block-debarkedlog-saxaul-*",
    "value": "Debarked Saxaul Log",
    "file": "lang/en.json"
  },
  {
    "op": "add",
    "path": "/game:block-debarkedlog-spruce-*",
    "value": "Debarked Spruce Log",
    "file": "lang/en.json"
  },
  {
    "op": "add",
    "path": "/game:block-debarkedlog-sycamore-*",
    "value": "Debarked Sycamore Log",
    "file": "lang/en.json"
  },
  {
    "op": "add",
    "path": "/game:block-debarkedlog-beech-*",
    "value": "Debarked Beech Log",
    "file": "lang/en.json"
  },
  {
    "op": "add",
    "path": "/game:block-debarkedlog-eucalyptus-*",
    "value": "Debarked Eucalyptus Log",
    "file": "lang/en.json"
  },
  {
    "op": "add",
    "path": "/game:block-debarkedlog-cedar-*",
    "value": "Debarked Cedar Log",
    "file": "lang/en.json"
  },
  {
    "op": "add",
    "path": "/game:block-supportbeam-douglasfir",
    "value": "Douglas Support Beam",
    "file": "lang/en.json"
  },
  {
    "op": "add",
    "path": "/game:block-supportbeam-willow",
    "value": "Willow Support Beam",
    "file": "lang/en.json"
  },
  {
    "op": "add",
    "path": "/game:block-supportbeam-honeylocust",
    "value": "Honey Locust Support Beam",
    "file": "lang/en.json"
  },
  {
    "op": "add",
    "path": "/game:block-supportbeam-bearnut",
    "value": "Bearnut Support Beam",
    "file": "lang/en.json"
  },
  {
    "op": "add",
    "path": "/game:block-supportbeam-blackpoplar",
    "value": "Black Poplar Support Beam",
    "file": "lang/en.json"
  },
  {
    "op": "add",
    "path": "/game:block-supportbeam-pyramidalpoplar",
    "value": "Pyramidal Poplar Support Beam",
    "file": "lang/en.json"
  },
  {
    "op": "add",
    "path": "/game:block-supportbeam-catalpa",
    "value": "Catalpa Support Beam",
    "file": "lang/en.json"
  },
  {
    "op": "add",
    "path": "/game:block-supportbeam-mahogany",
    "value": "Mahogany Support Beam",
    "file": "lang/en.json"
  },
  {
    "op": "add",
    "path": "/game:block-supportbeam-sal",
    "value": "Sal Support Beam",
    "file": "lang/en.json"
  },
  {
    "op": "add",
    "path": "/game:block-supportbeam-saxaul",
    "value": "Saxaul Support Beam",
    "file": "lang/en.json"
  },
  {
    "op": "add",
    "path": "/game:block-supportbeam-spruce",
    "value": "Spruce Support Beam",
    "file": "lang/en.json"
  },
  {
    "op": "add",
    "path": "/game:block-supportbeam-sycamore",
    "value": "Sycamore Support Beam",
    "file": "lang/en.json"
  },
  {
    "op": "add",
    "path": "/game:block-supportbeam-beech",
    "value": "Beech Support Beam",
    "file": "lang/en.json"
  },
  {
    "op": "add",
    "path": "/game:block-supportbeam-eucalyptus",
    "value": "Eucalyptus Support Beam",
    "file": "lang/en.json"
  },
  {
    "op": "add",
    "path": "/game:block-supportbeam-cedar",
    "value": "Cedar Support Beam",
    "file": "lang/en.json"
  },
  {
    "op": "add",
    "path": "/block-plankslab-catalpa-*",
    "value": "Catalpa Slab",
    "file": "lang/en.json"
  },
  {
    "op": "add",
    "path": "/block-plankslab-mahogany-*",
    "value": "Mahogany Slab",
    "file": "lang/en.json"
  },
  {
    "op": "add",
    "path": "/block-plankslab-sal-*",
    "value": "Sal Slab",
    "file": "lang/en.json"
  },
  {
    "op": "add",
    "path": "/block-plankslab-saxaul-*",
    "value": "Saxaul Slab",
    "file": "lang/en.json"
  },
  {
    "op": "add",
    "path": "/block-plankslab-spruce-*",
    "value": "Spruce Slab",
    "file": "lang/en.json"
  },
  {
    "op": "add",
    "path": "/block-plankslab-sycamore-*",
    "value": "Sycamore Slab",
    "file": "lang/en.json"
  },
  {
    "op": "add",
    "path": "/block-plankslab-elm-*",
    "value": "Elm Slab",
    "file": "lang/en.json"
  },
  {
    "op": "add",
    "path": "/block-plankslab-beech-*",
    "value": "Beech Slab",
    "file": "lang/en.json"
  },
  {
    "op": "add",
    "path": "/block-plankslab-eucalyptus-*",
    "value": "Eucalyptus Slab",
    "file": "lang/en.json"
  },
  {
    "op": "add",
    "path": "/block-plankslab-cedar-*",
    "value": "Cedar Slab",
    "file": "lang/en.json"
  }
]