[
	{
	"ingredientPattern": "BS",
	"ingredients": {
                "S": { "type": "item", "code": "game:shovel-*", "isTool": true },
                "B": { "type": "block", "code": "bricklayers:barrelplanter-*", "name": "color" }
        },
        "width": 2,
        "height": 1,
	"recipeGroup": 2,
        "output": { "type": "block", "code": "game:barrel" }
	},
	{
	"ingredientPattern": "BS",
	"ingredients": {
                "S": { "type": "item", "code": "game:shovel-*", "isTool": true },
                "B": { "type": "block", "code": "bricklayers:barrelplanter-*", "name": "color" }
        },
        "width": 2,
        "height": 1,
	"recipeGroup": 2,
        "output": { "type": "block", "code": "game:barrel" }
	},
	{
	"ingredientPattern": "BS",
	"ingredients": {
                "S": { "type": "item", "code": "game:shovel-*", "isTool": true },
                "B": { "type": "block", "code": "bricklayers:barrelplanter-*", "name": "color" }
        },
        "width": 2,
        "height": 1,
	"recipeGroup": 2,
        "output": { "type": "block", "code": "game:barrel" }
	}
]
