{
	code: "medievaltongs",
	storageFlags: 257,
	attributes: {
		toolrackTransform: {
			translation: { x: 0, y: 0.65, z: 0 },
			rotation: { x: 0, y: 1, z: -1 },
			scale: 1.3
		},
		
		groundStorageTransform: {
			translation: { x: 0, y: 0.05, z: -0.05 },
			rotation: { x: 26, y: 88, z: -87 },
			scale: 0.85
		},
		heatResistant: true,
		rackable: true,
	},
	variantgroups: [
		{ code: "metal", states: ["molybdochalkos" ] },
	],
	behaviors: [{ 
		name: "GroundStorable",
		properties: {
			layout: 'WallHalves',
			wallOffY: 1,
			sprintKey: true,
			selectionBox: { x1: 0, y1: 0, z1: 0, x2: 1, y2: 0.1, z2: 1 },
			collisionBox: { x1: 0, y1: 0, z1: 0, x2: 0, y2: 0, z2: 0 },
		}
	}],
	shape: { base: "medieval:item/tool/medievaltongs" },
	texturesByType: {
		"*": {
			"metal": { base: "block/metal/ingot/molybdochalkos" },
			"1": { base: "item/resource/plate/lead" }
		}
	},
	creativeinventory: { "general": ["*"], "items": ["*"], "tools": ["*"], "medieval": ["*"] },
		fpHandTransform: {
		translation: { x: -0.5532, y: -0.2, z: 0 },
		rotation: { x: -33, y: 7, z: 90 },
		scale: 2.75
	},
		guiTransform: {
		translation: { x: 3, y: 0, z: 0 },
		rotation: { x: -77, y: 46, z: 8 },
		origin: { x: 0.6099, y: 0.25, z: 0.5 },
		scale: 2
	},
		groundTransform: {
		translation: { x: 0, y: 0.39, z: 0 },
		rotation: { x: 0, y: 0, z: 0 },
		origin: { x: 0.5, y: 0.45, z: 0.5 },
		scale: 4.5
	},
		tpHandTransform: {
		translation: { x: -0.89, y: -0.55, z: -0.11 },
		rotation: { x: 90, y: 1, z: 0 },
		scale: 0.85
	},
		tpOffHandTransform: {
		translation: { x: -0.85, y: -0.57, z: -0.12 },
		rotation: { x: 90, y: 1, z: 0 },
		scale: 0.85
	}
}