{
	code: "shears",
	class: "ItemShears",
	damagedby: ["blockbreaking", "attacking"],
	tool: "shears",
	attributes: {
		handbook: {
			groupBy: ["shears-*"]
		},
		toolrackTransform: {
			translation: { y: 0.7 },
			rotation: { y: 180 },
			scale: 1.5
		},
		groundStorageTransform: {
			translation: { x: 0, y: -0.005, z: 0.035 },
			rotation: { x: 26, y: 88, z: -87 },
			scale: 0.88
		}
	},
	behaviors: [{ 
		name: "GroundStorable",
		properties: {
			layout: 'WallHalves',
			wallOffY: 1,
			sprintKey: true,
			selectionBox: { x1: 0, y1: 0, z1: 0, x2: 1, y2: 0.1, z2: 1 },
			collisionBox: { x1: 0, y1: 0, z1: 0, x2: 0, y2: 0, z2: 0 },
		}
	}],
	variantgroups: [
		{ code: "metal", states: ["copper", "tinbronze", "bismuthbronze", "blackbronze", "gold", "silver", "iron", "meteoriciron", "steel", "stainlesssteel", "titanium" ] },
	],
	shape: { base: "item/tool/medievalshears" },
	heldTpHitAnimation: "shears",
	textures: {
		"metal": { base: "block/metal/ingot/{metal}" }
	},
	attackpowerbytype: {
		"shears-copper": 1,
		"shears-gold": 1,
		"shears-silver": 1,
		"shears-bismuthbronze": 1,
		"shears-tinbronze": 1.5,
		"shears-blackbronze": 2.5,
		"shears-iron": 3,
		"shears-meteoriciron": 3.25,
		"shears-steel": 3.5,
		"shears-stainlesssteel": 4,
		"shears-titanium": 4.5
	},
	durabilitybytype: {
		"shears-gold": 1125,
		"shears-silver": 1125,
		"shears-copper": 1500,
		"shears-tinbronze": 2650,
		"shears-bismuthbronze": 3000,
		"shears-blackbronze": 3375,
		"shears-iron": 5700,
		"shears-meteoriciron": 6750,
		"shears-steel": 9000,
		"shears-stainlesssteel": 12500,
		"shears-titanium": 15000
	},
	creativeinventory: { "general": ["*"], "items": ["*"], "tools": ["*"], "medieval": ["*"] },
	guiTransform: {
		translation: { x: 0.5, y: 0, z: 0 },
		rotation: { x: -89, y: 45, z: 33 },
		origin: { x: 0.85, y: 0.4, z: 0.48 },
		scale: 2.5
	},
	fpHandTransform: {
		translation: { x: -0.24, y: 0.1, z: 0.1 },
		rotation: { x: -35, y: 15, z: 90 },
		scale: 2.45
	},
	groundTransform: {
		translation: { x: 0, y: 0, z: 0 },
		rotation: { x: 0, y: 0, z: 0 },
		origin: { x: 0.5, y: 0, z: 0.5 },
		scale: 3.6
	},
	tpHandTransform: {
		translation: { x: -0.9, y: -0.11, z: -0.35 },
		rotation: { x: -10, y: 0, z: -25 },
		origin: { x: 0.68, y: 0, z: 0.42 },
		scale: 1
	}
}