{
	"editor": {
		"allAngles": false,
		"entityTextureMode": false
	},
	"textureWidth": 16,
	"textureHeight": 16,
	"textureSizes": {
	},
	"textures": {
		"wood": "game:/block/wood/planks/pine1"
	},
	"elements": [
		{
			"name": "Cube1",
			"from": [ 0.0, 0.0, 6.0 ], 
			"to": [ 16.0, 1.0, 10.0 ], 
			"rotationOrigin": [ 8.0, 0.0, 8.0 ],
			"faces": {
				"north": { "texture": "#wood", "uv": [ 0.0, 10.0, 16.0, 8.5 ], "autoUv": false },
				"east": { "texture": "#wood", "uv": [ 2.0, 4.5, 6.0, 5.5 ] },
				"south": { "texture": "#wood", "uv": [ 0.0, 3.5, 16.0, 5.5 ], "autoUv": false },
				"west": { "texture": "#wood", "uv": [ 3.0, 5.0, 7.0, 6.0 ] },
				"up": { "texture": "#wood", "uv": [ 0.0, 1.5, 16.0, 5.5 ], "autoUv": false },
				"down": { "texture": "#wood", "uv": [ 0.0, 6.0, 16.0, 10.5 ], "autoUv": false }
			}
		}
	]}