{
	"editor": {
		"allAngles": false,
		"entityTextureMode": false
	},
	"textureWidth": 16,
	"textureHeight": 16,
	"textureSizes": {
	},
	"textures": {
	},
	"elements": [
		{
			"name": "Cube1",
			"from": [ 0.5, 0.0, 14.5 ], 
			"to": [ 15.5, 0.4, 15.5 ], 
			"rotationOrigin": [ 0.5, 0.0, 14.5 ],
			"faces": {
				"north": { "texture": "#null", "uv": [ 0.0, 0.0, 15.0, 0.5 ] },
				"east": { "texture": "#null", "uv": [ 0.0, 0.0, 1.0, 0.5 ] },
				"south": { "texture": "#null", "uv": [ 0.0, 0.0, 15.0, 0.5 ] },
				"west": { "texture": "#null", "uv": [ 0.0, 0.0, 1.0, 0.5 ] },
				"up": { "texture": "#null", "uv": [ 0.0, 0.0, 15.0, 1.0 ] },
				"down": { "texture": "#null", "uv": [ 0.0, 0.0, 15.0, 1.0 ] }
			},
			"children": [
				{
					"name": "Cube2",
					"from": [ 0.0, 0.0, -4.5 ], 
					"to": [ 15.0, 0.4, -3.5 ], 
					"rotationOrigin": [ 0.0, 0.0, -4.5 ],
					"faces": {
						"north": { "texture": "#null", "uv": [ 0.0, 0.0, 15.0, 0.5 ] },
						"east": { "texture": "#null", "uv": [ 0.0, 0.0, 1.0, 0.5 ] },
						"south": { "texture": "#null", "uv": [ 0.0, 0.0, 15.0, 0.5 ] },
						"west": { "texture": "#null", "uv": [ 0.0, 0.0, 1.0, 0.5 ] },
						"up": { "texture": "#null", "uv": [ 0.0, 0.0, 15.0, 1.0 ] },
						"down": { "texture": "#null", "uv": [ 0.0, 0.0, 15.0, 1.0 ] }
					}
				},
				{
					"name": "Cube3",
					"from": [ 0.0, 0.0, -9.5 ], 
					"to": [ 15.0, 0.4, -8.5 ], 
					"rotationOrigin": [ 0.0, 0.0, -9.5 ],
					"faces": {
						"north": { "texture": "#null", "uv": [ 0.0, 0.0, 15.0, 0.5 ] },
						"east": { "texture": "#null", "uv": [ 0.0, 0.0, 1.0, 0.5 ] },
						"south": { "texture": "#null", "uv": [ 0.0, 0.0, 15.0, 0.5 ] },
						"west": { "texture": "#null", "uv": [ 0.0, 0.0, 1.0, 0.5 ] },
						"up": { "texture": "#null", "uv": [ 0.0, 0.0, 15.0, 1.0 ] },
						"down": { "texture": "#null", "uv": [ 0.0, 0.0, 15.0, 1.0 ] }
					}
				},
				{
					"name": "Cube4",
					"from": [ 0.0, 0.0, -14.0 ], 
					"to": [ 15.0, 0.4, -13.0 ], 
					"rotationOrigin": [ 0.0, 0.0, -14.0 ],
					"faces": {
						"north": { "texture": "#null", "uv": [ 0.0, 0.0, 15.0, 0.5 ] },
						"east": { "texture": "#null", "uv": [ 0.0, 0.0, 1.0, 0.5 ] },
						"south": { "texture": "#null", "uv": [ 0.0, 0.0, 15.0, 0.5 ] },
						"west": { "texture": "#null", "uv": [ 0.0, 0.0, 1.0, 0.5 ] },
						"up": { "texture": "#null", "uv": [ 0.0, 0.0, 15.0, 1.0 ] },
						"down": { "texture": "#null", "uv": [ 0.0, 0.0, 15.0, 1.0 ] }
					}
				}
			]
		},
		{
			"name": "Cube5",
			"from": [ 0.2, 0.4, 0.0 ], 
			"to": [ 3.8, 4.0, 16.0 ], 
			"rotationOrigin": [ 0.2, 0.4, 0.0 ],
			"faces": {
				"north": { "texture": "#null", "uv": [ 0.0, 0.0, 3.5, 3.5 ] },
				"east": { "texture": "#null", "uv": [ 0.0, 0.0, 16.0, 3.5 ] },
				"south": { "texture": "#null", "uv": [ 0.0, 0.0, 3.5, 3.5 ] },
				"west": { "texture": "#null", "uv": [ 0.0, 0.0, 16.0, 3.5 ] },
				"up": { "texture": "#null", "uv": [ 0.0, 0.0, 3.5, 16.0 ] },
				"down": { "texture": "#null", "uv": [ 0.0, 0.0, 3.5, 16.0 ] }
			},
			"children": [
				{
					"name": "Cube6",
					"from": [ 4.0, 0.0, 0.0 ], 
					"to": [ 7.6, 3.6, 16.0 ], 
					"rotationOrigin": [ 4.0, 0.0, 0.0 ],
					"faces": {
						"north": { "texture": "#null", "uv": [ 0.0, 0.0, 3.5, 3.5 ] },
						"east": { "texture": "#null", "uv": [ 0.0, 0.0, 16.0, 3.5 ] },
						"south": { "texture": "#null", "uv": [ 0.0, 0.0, 3.5, 3.5 ] },
						"west": { "texture": "#null", "uv": [ 0.0, 0.0, 16.0, 3.5 ] },
						"up": { "texture": "#null", "uv": [ 0.0, 0.0, 3.5, 16.0 ] },
						"down": { "texture": "#null", "uv": [ 0.0, 0.0, 3.5, 16.0 ] }
					}
				},
				{
					"name": "Cube7",
					"from": [ 7.9, 0.0, 0.0 ], 
					"to": [ 11.5, 3.6, 16.0 ], 
					"rotationOrigin": [ 7.9, 0.0, 0.0 ],
					"faces": {
						"north": { "texture": "#null", "uv": [ 0.0, 0.0, 3.5, 3.5 ] },
						"east": { "texture": "#null", "uv": [ 0.0, 0.0, 16.0, 3.5 ] },
						"south": { "texture": "#null", "uv": [ 0.0, 0.0, 3.5, 3.5 ] },
						"west": { "texture": "#null", "uv": [ 0.0, 0.0, 16.0, 3.5 ] },
						"up": { "texture": "#null", "uv": [ 0.0, 0.0, 3.5, 16.0 ] },
						"down": { "texture": "#null", "uv": [ 0.0, 0.0, 3.5, 16.0 ] }
					}
				},
				{
					"name": "Cube8",
					"from": [ 11.9, 0.0, 0.0 ], 
					"to": [ 15.5, 3.6, 16.0 ], 
					"rotationOrigin": [ 11.9, 0.0, 0.0 ],
					"faces": {
						"north": { "texture": "#null", "uv": [ 0.0, 0.0, 3.5, 3.5 ] },
						"east": { "texture": "#null", "uv": [ 0.0, 0.0, 16.0, 3.5 ] },
						"south": { "texture": "#null", "uv": [ 0.0, 0.0, 3.5, 3.5 ] },
						"west": { "texture": "#null", "uv": [ 0.0, 0.0, 16.0, 3.5 ] },
						"up": { "texture": "#null", "uv": [ 0.0, 0.0, 3.5, 16.0 ] },
						"down": { "texture": "#null", "uv": [ 0.0, 0.0, 3.5, 16.0 ] }
					}
				}
			]
		},
		{
			"name": "Cube9",
			"from": [ 0.5, 4.0, 14.5 ], 
			"to": [ 15.5, 4.4, 15.5 ], 
			"rotationOrigin": [ 0.5, 4.0, 14.5 ],
			"faces": {
				"north": { "texture": "#null", "uv": [ 0.0, 0.0, 15.0, 0.5 ] },
				"east": { "texture": "#null", "uv": [ 0.0, 0.0, 1.0, 0.5 ] },
				"south": { "texture": "#null", "uv": [ 0.0, 0.0, 15.0, 0.5 ] },
				"west": { "texture": "#null", "uv": [ 0.0, 0.0, 1.0, 0.5 ] },
				"up": { "texture": "#null", "uv": [ 0.0, 0.0, 15.0, 1.0 ] },
				"down": { "texture": "#null", "uv": [ 0.0, 0.0, 15.0, 1.0 ] }
			},
			"children": [
				{
					"name": "Cube10",
					"from": [ 0.0, 0.0, -4.5 ], 
					"to": [ 15.0, 0.4, -3.5 ], 
					"rotationOrigin": [ 0.0, 0.0, -4.5 ],
					"faces": {
						"north": { "texture": "#null", "uv": [ 0.0, 0.0, 15.0, 0.5 ] },
						"east": { "texture": "#null", "uv": [ 0.0, 0.0, 1.0, 0.5 ] },
						"south": { "texture": "#null", "uv": [ 0.0, 0.0, 15.0, 0.5 ] },
						"west": { "texture": "#null", "uv": [ 0.0, 0.0, 1.0, 0.5 ] },
						"up": { "texture": "#null", "uv": [ 0.0, 0.0, 15.0, 1.0 ] },
						"down": { "texture": "#null", "uv": [ 0.0, 0.0, 15.0, 1.0 ] }
					}
				},
				{
					"name": "Cube11",
					"from": [ 0.0, 0.0, -9.5 ], 
					"to": [ 15.0, 0.4, -8.5 ], 
					"rotationOrigin": [ 0.0, 0.0, -9.5 ],
					"faces": {
						"north": { "texture": "#null", "uv": [ 0.0, 0.0, 15.0, 0.5 ] },
						"east": { "texture": "#null", "uv": [ 0.0, 0.0, 1.0, 0.5 ] },
						"south": { "texture": "#null", "uv": [ 0.0, 0.0, 15.0, 0.5 ] },
						"west": { "texture": "#null", "uv": [ 0.0, 0.0, 1.0, 0.5 ] },
						"up": { "texture": "#null", "uv": [ 0.0, 0.0, 15.0, 1.0 ] },
						"down": { "texture": "#null", "uv": [ 0.0, 0.0, 15.0, 1.0 ] }
					}
				},
				{
					"name": "Cube12",
					"from": [ 0.0, 0.0, -14.0 ], 
					"to": [ 15.0, 0.4, -13.0 ], 
					"rotationOrigin": [ 0.0, 0.0, -14.0 ],
					"faces": {
						"north": { "texture": "#null", "uv": [ 0.0, 0.0, 15.0, 0.5 ] },
						"east": { "texture": "#null", "uv": [ 0.0, 0.0, 1.0, 0.5 ] },
						"south": { "texture": "#null", "uv": [ 0.0, 0.0, 15.0, 0.5 ] },
						"west": { "texture": "#null", "uv": [ 0.0, 0.0, 1.0, 0.5 ] },
						"up": { "texture": "#null", "uv": [ 0.0, 0.0, 15.0, 1.0 ] },
						"down": { "texture": "#null", "uv": [ 0.0, 0.0, 15.0, 1.0 ] }
					}
				}
			]
		},
		{
			"name": "Cube13",
			"from": [ 0.2, 4.4, 0.0 ], 
			"to": [ 3.8, 8.0, 16.0 ], 
			"rotationOrigin": [ 0.2, 4.4, 0.0 ],
			"faces": {
				"north": { "texture": "#null", "uv": [ 0.0, 0.0, 3.5, 3.5 ] },
				"east": { "texture": "#null", "uv": [ 0.0, 0.0, 16.0, 3.5 ] },
				"south": { "texture": "#null", "uv": [ 0.0, 0.0, 3.5, 3.5 ] },
				"west": { "texture": "#null", "uv": [ 0.0, 0.0, 16.0, 3.5 ] },
				"up": { "texture": "#null", "uv": [ 0.0, 0.0, 3.5, 16.0 ] },
				"down": { "texture": "#null", "uv": [ 0.0, 0.0, 3.5, 16.0 ] }
			},
			"children": [
				{
					"name": "Cube14",
					"from": [ 4.0, 0.0, 0.0 ], 
					"to": [ 7.6, 3.6, 16.0 ], 
					"rotationOrigin": [ 4.0, 0.0, 0.0 ],
					"faces": {
						"north": { "texture": "#null", "uv": [ 0.0, 0.0, 3.5, 3.5 ] },
						"east": { "texture": "#null", "uv": [ 0.0, 0.0, 16.0, 3.5 ] },
						"south": { "texture": "#null", "uv": [ 0.0, 0.0, 3.5, 3.5 ] },
						"west": { "texture": "#null", "uv": [ 0.0, 0.0, 16.0, 3.5 ] },
						"up": { "texture": "#null", "uv": [ 0.0, 0.0, 3.5, 16.0 ] },
						"down": { "texture": "#null", "uv": [ 0.0, 0.0, 3.5, 16.0 ] }
					}
				},
				{
					"name": "Cube15",
					"from": [ 7.9, 0.0, 0.0 ], 
					"to": [ 11.5, 3.6, 16.0 ], 
					"rotationOrigin": [ 7.9, 0.0, 0.0 ],
					"faces": {
						"north": { "texture": "#null", "uv": [ 0.0, 0.0, 3.5, 3.5 ] },
						"east": { "texture": "#null", "uv": [ 0.0, 0.0, 16.0, 3.5 ] },
						"south": { "texture": "#null", "uv": [ 0.0, 0.0, 3.5, 3.5 ] },
						"west": { "texture": "#null", "uv": [ 0.0, 0.0, 16.0, 3.5 ] },
						"up": { "texture": "#null", "uv": [ 0.0, 0.0, 3.5, 16.0 ] },
						"down": { "texture": "#null", "uv": [ 0.0, 0.0, 3.5, 16.0 ] }
					}
				},
				{
					"name": "Cube16",
					"from": [ 11.9, 0.0, 0.0 ], 
					"to": [ 15.5, 3.6, 16.0 ], 
					"rotationOrigin": [ 11.9, 0.0, 0.0 ],
					"faces": {
						"north": { "texture": "#null", "uv": [ 0.0, 0.0, 3.5, 3.5 ] },
						"east": { "texture": "#null", "uv": [ 0.0, 0.0, 16.0, 3.5 ] },
						"south": { "texture": "#null", "uv": [ 0.0, 0.0, 3.5, 3.5 ] },
						"west": { "texture": "#null", "uv": [ 0.0, 0.0, 16.0, 3.5 ] },
						"up": { "texture": "#null", "uv": [ 0.0, 0.0, 3.5, 16.0 ] },
						"down": { "texture": "#null", "uv": [ 0.0, 0.0, 3.5, 16.0 ] }
					}
				}
			]
		},
		{
			"name": "Cube17",
			"from": [ 0.5, 8.0, 14.5 ], 
			"to": [ 15.5, 8.4, 15.5 ], 
			"rotationOrigin": [ 0.5, 8.0, 14.5 ],
			"faces": {
				"north": { "texture": "#null", "uv": [ 0.0, 0.0, 15.0, 0.5 ] },
				"east": { "texture": "#null", "uv": [ 0.0, 0.0, 1.0, 0.5 ] },
				"south": { "texture": "#null", "uv": [ 0.0, 0.0, 15.0, 0.5 ] },
				"west": { "texture": "#null", "uv": [ 0.0, 0.0, 1.0, 0.5 ] },
				"up": { "texture": "#null", "uv": [ 0.0, 0.0, 15.0, 1.0 ] },
				"down": { "texture": "#null", "uv": [ 0.0, 0.0, 15.0, 1.0 ] }
			},
			"children": [
				{
					"name": "Cube18",
					"from": [ 0.0, 0.0, -4.5 ], 
					"to": [ 15.0, 0.4, -3.5 ], 
					"rotationOrigin": [ 0.0, 0.0, -4.5 ],
					"faces": {
						"north": { "texture": "#null", "uv": [ 0.0, 0.0, 15.0, 0.5 ] },
						"east": { "texture": "#null", "uv": [ 0.0, 0.0, 1.0, 0.5 ] },
						"south": { "texture": "#null", "uv": [ 0.0, 0.0, 15.0, 0.5 ] },
						"west": { "texture": "#null", "uv": [ 0.0, 0.0, 1.0, 0.5 ] },
						"up": { "texture": "#null", "uv": [ 0.0, 0.0, 15.0, 1.0 ] },
						"down": { "texture": "#null", "uv": [ 0.0, 0.0, 15.0, 1.0 ] }
					}
				},
				{
					"name": "Cube19",
					"from": [ 0.0, 0.0, -9.5 ], 
					"to": [ 15.0, 0.4, -8.5 ], 
					"rotationOrigin": [ 0.0, 0.0, -9.5 ],
					"faces": {
						"north": { "texture": "#null", "uv": [ 0.0, 0.0, 15.0, 0.5 ] },
						"east": { "texture": "#null", "uv": [ 0.0, 0.0, 1.0, 0.5 ] },
						"south": { "texture": "#null", "uv": [ 0.0, 0.0, 15.0, 0.5 ] },
						"west": { "texture": "#null", "uv": [ 0.0, 0.0, 1.0, 0.5 ] },
						"up": { "texture": "#null", "uv": [ 0.0, 0.0, 15.0, 1.0 ] },
						"down": { "texture": "#null", "uv": [ 0.0, 0.0, 15.0, 1.0 ] }
					}
				},
				{
					"name": "Cube20",
					"from": [ 0.0, 0.0, -14.0 ], 
					"to": [ 15.0, 0.4, -13.0 ], 
					"rotationOrigin": [ 0.0, 0.0, -14.0 ],
					"faces": {
						"north": { "texture": "#null", "uv": [ 0.0, 0.0, 15.0, 0.5 ] },
						"east": { "texture": "#null", "uv": [ 0.0, 0.0, 1.0, 0.5 ] },
						"south": { "texture": "#null", "uv": [ 0.0, 0.0, 15.0, 0.5 ] },
						"west": { "texture": "#null", "uv": [ 0.0, 0.0, 1.0, 0.5 ] },
						"up": { "texture": "#null", "uv": [ 0.0, 0.0, 15.0, 1.0 ] },
						"down": { "texture": "#null", "uv": [ 0.0, 0.0, 15.0, 1.0 ] }
					}
				}
			]
		},
		{
			"name": "Cube21",
			"from": [ 0.2, 8.4, 0.0 ], 
			"to": [ 3.8, 12.0, 16.0 ], 
			"rotationOrigin": [ 0.2, 8.4, 0.0 ],
			"faces": {
				"north": { "texture": "#null", "uv": [ 0.0, 0.0, 3.5, 3.5 ] },
				"east": { "texture": "#null", "uv": [ 0.0, 0.0, 16.0, 3.5 ] },
				"south": { "texture": "#null", "uv": [ 0.0, 0.0, 3.5, 3.5 ] },
				"west": { "texture": "#null", "uv": [ 0.0, 0.0, 16.0, 3.5 ] },
				"up": { "texture": "#null", "uv": [ 0.0, 0.0, 3.5, 16.0 ] },
				"down": { "texture": "#null", "uv": [ 0.0, 0.0, 3.5, 16.0 ] }
			},
			"children": [
				{
					"name": "Cube22",
					"from": [ 4.0, 0.0, 0.0 ], 
					"to": [ 7.6, 3.6, 16.0 ], 
					"rotationOrigin": [ 4.0, 0.0, 0.0 ],
					"faces": {
						"north": { "texture": "#null", "uv": [ 0.0, 0.0, 3.5, 3.5 ] },
						"east": { "texture": "#null", "uv": [ 0.0, 0.0, 16.0, 3.5 ] },
						"south": { "texture": "#null", "uv": [ 0.0, 0.0, 3.5, 3.5 ] },
						"west": { "texture": "#null", "uv": [ 0.0, 0.0, 16.0, 3.5 ] },
						"up": { "texture": "#null", "uv": [ 0.0, 0.0, 3.5, 16.0 ] },
						"down": { "texture": "#null", "uv": [ 0.0, 0.0, 3.5, 16.0 ] }
					}
				},
				{
					"name": "Cube23",
					"from": [ 7.9, 0.0, 0.0 ], 
					"to": [ 11.5, 3.6, 16.0 ], 
					"rotationOrigin": [ 7.9, 0.0, 0.0 ],
					"faces": {
						"north": { "texture": "#null", "uv": [ 0.0, 0.0, 3.5, 3.5 ] },
						"east": { "texture": "#null", "uv": [ 0.0, 0.0, 16.0, 3.5 ] },
						"south": { "texture": "#null", "uv": [ 0.0, 0.0, 3.5, 3.5 ] },
						"west": { "texture": "#null", "uv": [ 0.0, 0.0, 16.0, 3.5 ] },
						"up": { "texture": "#null", "uv": [ 0.0, 0.0, 3.5, 16.0 ] },
						"down": { "texture": "#null", "uv": [ 0.0, 0.0, 3.5, 16.0 ] }
					}
				},
				{
					"name": "Cube24",
					"from": [ 11.9, 0.0, 0.0 ], 
					"to": [ 15.5, 3.6, 16.0 ], 
					"rotationOrigin": [ 11.9, 0.0, 0.0 ],
					"faces": {
						"north": { "texture": "#null", "uv": [ 0.0, 0.0, 3.5, 3.5 ] },
						"east": { "texture": "#null", "uv": [ 0.0, 0.0, 16.0, 3.5 ] },
						"south": { "texture": "#null", "uv": [ 0.0, 0.0, 3.5, 3.5 ] },
						"west": { "texture": "#null", "uv": [ 0.0, 0.0, 16.0, 3.5 ] },
						"up": { "texture": "#null", "uv": [ 0.0, 0.0, 3.5, 16.0 ] },
						"down": { "texture": "#null", "uv": [ 0.0, 0.0, 3.5, 16.0 ] }
					}
				}
			]
		},
		{
			"name": "Cube25",
			"from": [ 0.5, 12.0, 14.5 ], 
			"to": [ 15.5, 12.4, 15.5 ], 
			"rotationOrigin": [ 0.5, 12.0, 14.5 ],
			"faces": {
				"north": { "texture": "#null", "uv": [ 0.0, 0.0, 15.0, 0.5 ] },
				"east": { "texture": "#null", "uv": [ 0.0, 0.0, 1.0, 0.5 ] },
				"south": { "texture": "#null", "uv": [ 0.0, 0.0, 15.0, 0.5 ] },
				"west": { "texture": "#null", "uv": [ 0.0, 0.0, 1.0, 0.5 ] },
				"up": { "texture": "#null", "uv": [ 0.0, 0.0, 15.0, 1.0 ] },
				"down": { "texture": "#null", "uv": [ 0.0, 0.0, 15.0, 1.0 ] }
			},
			"children": [
				{
					"name": "Cube26",
					"from": [ 0.0, 0.0, -4.5 ], 
					"to": [ 15.0, 0.4, -3.5 ], 
					"rotationOrigin": [ 0.0, 0.0, -4.5 ],
					"faces": {
						"north": { "texture": "#null", "uv": [ 0.0, 0.0, 15.0, 0.5 ] },
						"east": { "texture": "#null", "uv": [ 0.0, 0.0, 1.0, 0.5 ] },
						"south": { "texture": "#null", "uv": [ 0.0, 0.0, 15.0, 0.5 ] },
						"west": { "texture": "#null", "uv": [ 0.0, 0.0, 1.0, 0.5 ] },
						"up": { "texture": "#null", "uv": [ 0.0, 0.0, 15.0, 1.0 ] },
						"down": { "texture": "#null", "uv": [ 0.0, 0.0, 15.0, 1.0 ] }
					}
				},
				{
					"name": "Cube27",
					"from": [ 0.0, 0.0, -9.5 ], 
					"to": [ 15.0, 0.4, -8.5 ], 
					"rotationOrigin": [ 0.0, 0.0, -9.5 ],
					"faces": {
						"north": { "texture": "#null", "uv": [ 0.0, 0.0, 15.0, 0.5 ] },
						"east": { "texture": "#null", "uv": [ 0.0, 0.0, 1.0, 0.5 ] },
						"south": { "texture": "#null", "uv": [ 0.0, 0.0, 15.0, 0.5 ] },
						"west": { "texture": "#null", "uv": [ 0.0, 0.0, 1.0, 0.5 ] },
						"up": { "texture": "#null", "uv": [ 0.0, 0.0, 15.0, 1.0 ] },
						"down": { "texture": "#null", "uv": [ 0.0, 0.0, 15.0, 1.0 ] }
					}
				},
				{
					"name": "Cube28",
					"from": [ 0.0, 0.0, -14.0 ], 
					"to": [ 15.0, 0.4, -13.0 ], 
					"rotationOrigin": [ 0.0, 0.0, -14.0 ],
					"faces": {
						"north": { "texture": "#null", "uv": [ 0.0, 0.0, 15.0, 0.5 ] },
						"east": { "texture": "#null", "uv": [ 0.0, 0.0, 1.0, 0.5 ] },
						"south": { "texture": "#null", "uv": [ 0.0, 0.0, 15.0, 0.5 ] },
						"west": { "texture": "#null", "uv": [ 0.0, 0.0, 1.0, 0.5 ] },
						"up": { "texture": "#null", "uv": [ 0.0, 0.0, 15.0, 1.0 ] },
						"down": { "texture": "#null", "uv": [ 0.0, 0.0, 15.0, 1.0 ] }
					}
				}
			]
		},
		{
			"name": "Cube29",
			"from": [ 0.2, 12.4, 0.0 ], 
			"to": [ 3.8, 16.0, 16.0 ], 
			"rotationOrigin": [ 0.2, 12.4, 0.0 ],
			"faces": {
				"north": { "texture": "#null", "uv": [ 0.0, 0.0, 3.5, 3.5 ] },
				"east": { "texture": "#null", "uv": [ 0.0, 0.0, 16.0, 3.5 ] },
				"south": { "texture": "#null", "uv": [ 0.0, 0.0, 3.5, 3.5 ] },
				"west": { "texture": "#null", "uv": [ 0.0, 0.0, 16.0, 3.5 ] },
				"up": { "texture": "#null", "uv": [ 0.0, 0.0, 3.5, 16.0 ] },
				"down": { "texture": "#null", "uv": [ 0.0, 0.0, 3.5, 16.0 ] }
			},
			"children": [
				{
					"name": "Cube30",
					"from": [ 4.0, 0.0, 0.0 ], 
					"to": [ 7.6, 3.6, 16.0 ], 
					"rotationOrigin": [ 4.0, 0.0, 0.0 ],
					"faces": {
						"north": { "texture": "#null", "uv": [ 0.0, 0.0, 3.5, 3.5 ] },
						"east": { "texture": "#null", "uv": [ 0.0, 0.0, 16.0, 3.5 ] },
						"south": { "texture": "#null", "uv": [ 0.0, 0.0, 3.5, 3.5 ] },
						"west": { "texture": "#null", "uv": [ 0.0, 0.0, 16.0, 3.5 ] },
						"up": { "texture": "#null", "uv": [ 0.0, 0.0, 3.5, 16.0 ] },
						"down": { "texture": "#null", "uv": [ 0.0, 0.0, 3.5, 16.0 ] }
					}
				},
				{
					"name": "Cube31",
					"from": [ 7.9, 0.0, 0.0 ], 
					"to": [ 11.5, 3.6, 16.0 ], 
					"rotationOrigin": [ 7.9, 0.0, 0.0 ],
					"faces": {
						"north": { "texture": "#null", "uv": [ 0.0, 0.0, 3.5, 3.5 ] },
						"east": { "texture": "#null", "uv": [ 0.0, 0.0, 16.0, 3.5 ] },
						"south": { "texture": "#null", "uv": [ 0.0, 0.0, 3.5, 3.5 ] },
						"west": { "texture": "#null", "uv": [ 0.0, 0.0, 16.0, 3.5 ] },
						"up": { "texture": "#null", "uv": [ 0.0, 0.0, 3.5, 16.0 ] },
						"down": { "texture": "#null", "uv": [ 0.0, 0.0, 3.5, 16.0 ] }
					}
				},
				{
					"name": "Cube32",
					"from": [ 11.9, 0.0, 0.0 ], 
					"to": [ 15.5, 3.6, 16.0 ], 
					"rotationOrigin": [ 11.9, 0.0, 0.0 ],
					"faces": {
						"north": { "texture": "#null", "uv": [ 0.0, 0.0, 3.5, 3.5 ] },
						"east": { "texture": "#null", "uv": [ 0.0, 0.0, 16.0, 3.5 ] },
						"south": { "texture": "#null", "uv": [ 0.0, 0.0, 3.5, 3.5 ] },
						"west": { "texture": "#null", "uv": [ 0.0, 0.0, 16.0, 3.5 ] },
						"up": { "texture": "#null", "uv": [ 0.0, 0.0, 3.5, 16.0 ] },
						"down": { "texture": "#null", "uv": [ 0.0, 0.0, 3.5, 16.0 ] }
					}
				}
			]
		}
	]}