{
	"editor": {
		"allAngles": false,
		"entityTextureMode": false
	},
	"textureWidth": 16,
	"textureHeight": 16,
	"textureSizes": {
	},
	"textures": {
		"trunk": "game:block/wood/treetrunk/birch",
		"bark": "game:block/wood/bark/birch",
		"support": "game:block/wood/planks/oak1",
		"crossbrace": "game:block/wood/planks/aged1"
	},
	"elements": [
		{
			"name": "Cube1",
			"from": [ 0.0, 0.0, 14.0 ], 
			"to": [ 2.0, 22.0, 14.97 ], 
			"rotationOrigin": [ 0.0, 0.0, 15.0 ],
			"rotationZ": -45.0,
			"faces": {
				"north": { "texture": "#support", "uv": [ 0.0, 7.5, 16.0, 9.5 ], "rotation": 90, "autoUv": false },
				"east": { "texture": "#support", "uv": [ 0.0, 0.0, 16.0, 0.5 ], "rotation": 90, "autoUv": false },
				"south": { "texture": "#support", "uv": [ 0.0, 7.5, 16.0, 9.5 ], "rotation": 90, "autoUv": false },
				"west": { "texture": "#support", "uv": [ 0.0, 8.0, 15.5, 9.0 ], "rotation": 90, "autoUv": false },
				"up": { "texture": "#support", "uv": [ 0.0, 8.0, 3.0, 9.5 ], "autoUv": false },
				"down": { "texture": "#support", "uv": [ 0.0, 7.5, 3.0, 9.0 ], "autoUv": false }
			},
			"children": [
				{
					"name": "Cube2",
					"from": [ 11.3137, 9.8995, -0.01 ], 
					"to": [ 13.3137, 31.8995, 0.98 ], 
					"rotationOrigin": [ 11.3137, 9.8995, 1.0 ],
					"rotationZ": 89.99999164334537,
					"faces": {
						"north": { "texture": "#support", "uv": [ 0.0, 8.0, 15.5, 9.5 ], "rotation": 90, "autoUv": false },
						"east": { "texture": "#support", "uv": [ 0.0, 8.0, 15.5, 10.0 ], "rotation": 90, "autoUv": false },
						"south": { "texture": "#support", "uv": [ 0.0, 7.5, 16.0, 5.5 ], "rotation": 90, "autoUv": false },
						"west": { "texture": "#support", "uv": [ 0.0, 7.5, 16.0, 9.5 ], "rotation": 90, "autoUv": false },
						"up": { "texture": "#support", "uv": [ 0.0, 8.0, 3.5, 9.5 ], "autoUv": false },
						"down": { "texture": "#support", "uv": [ 0.5, 7.5, 4.0, 9.0 ], "autoUv": false }
					}
				}
			]
		},
		{
			"name": "Cube3",
			"from": [ 0.0, 0.0, 1.0 ], 
			"to": [ 2.0, 22.0, 1.97 ], 
			"rotationOrigin": [ 0.0, 0.0, 2.0 ],
			"rotationZ": -45.0,
			"faces": {
				"north": { "texture": "#support", "uv": [ 0.0, 7.5, 16.0, 9.5 ], "rotation": 90, "autoUv": false },
				"east": { "texture": "#support", "uv": [ 0.0, 8.0, 15.5, 10.0 ], "rotation": 90, "autoUv": false },
				"south": { "texture": "#support", "uv": [ 0.0, 7.5, 15.5, 9.5 ], "rotation": 90, "autoUv": false },
				"west": { "texture": "#support", "uv": [ 0.0, 7.5, 15.5, 9.5 ], "autoUv": false },
				"up": { "texture": "#support", "uv": [ 0.0, 7.5, 4.0, 9.5 ], "autoUv": false },
				"down": { "texture": "#support", "uv": [ 0.0, 7.5, 3.5, 9.5 ], "autoUv": false }
			},
			"children": [
				{
					"name": "Cube4",
					"from": [ 11.3137, 9.8995, -0.01 ], 
					"to": [ 13.3137, 31.8995, 0.98 ], 
					"rotationOrigin": [ 11.3137, 9.8995, 1.0 ],
					"rotationZ": 89.99999164334537,
					"faces": {
						"north": { "texture": "#support", "uv": [ 0.0, 8.0, 16.0, 10.0 ], "rotation": 90, "autoUv": false },
						"east": { "texture": "#support", "uv": [ 0.0, 7.5, 15.5, 10.0 ], "rotation": 90, "autoUv": false },
						"south": { "texture": "#support", "uv": [ 0.0, 7.0, 16.0, 9.5 ], "rotation": 90, "autoUv": false },
						"west": { "texture": "#support", "uv": [ 0.0, 7.0, 15.5, 9.5 ], "rotation": 90, "autoUv": false },
						"up": { "texture": "#support", "uv": [ 0.0, 7.5, 3.5, 9.5 ], "autoUv": false },
						"down": { "texture": "#support", "uv": [ 0.0, 7.5, 3.5, 9.5 ], "autoUv": false }
					}
				}
			]
		},
		{
			"name": "Cube5",
			"from": [ 7.5, 6.5, 0.0 ], 
			"to": [ 9.5, 7.5, 16.0 ], 
			"rotationOrigin": [ 7.5, 5.5, 0.0 ],
			"faces": {
				"north": { "texture": "#crossbrace", "uv": [ 0.0, 7.0, 3.5, 9.0 ], "autoUv": false },
				"east": { "texture": "#crossbrace", "uv": [ 0.0, 7.5, 16.0, 9.5 ], "autoUv": false },
				"south": { "texture": "#crossbrace", "uv": [ 0.0, 7.5, 3.5, 9.5 ], "autoUv": false },
				"west": { "texture": "#crossbrace", "uv": [ 0.0, 7.5, 16.0, 8.5 ] },
				"up": { "texture": "#crossbrace", "uv": [ 0.0, 7.0, 15.5, 9.5 ], "rotation": 90, "autoUv": false },
				"down": { "texture": "#crossbrace", "uv": [ 0.0, 7.5, 15.5, 10.0 ], "rotation": 90, "autoUv": false }
			}
		},
		{
			"name": "Cube6",
			"from": [ 8.5, 8.7, -2.0 ], 
			"to": [ 19.5, 19.7, 18.0 ], 
			"rotationOrigin": [ 8.5, 8.7, -2.0 ],
			"rotationZ": 45.0,
			"faces": {
				"north": { "texture": "#trunk", "uv": [ 0.0, 0.0, 16.0, 16.0 ], "enabled": false, "autoUv": false },
				"east": { "texture": "#bark", "uv": [ 0.0, 0.0, 16.0, 16.0 ], "rotation": 90, "enabled": false, "autoUv": false },
				"south": { "texture": "#trunk", "uv": [ 0.0, 0.0, 16.0, 16.0 ], "enabled": false, "autoUv": false },
				"west": { "texture": "#bark", "uv": [ 0.0, 0.0, 16.0, 16.0 ], "rotation": 90, "enabled": false, "autoUv": false },
				"up": { "texture": "#bark", "uv": [ 0.0, 0.0, 16.0, 16.0 ], "enabled": false, "autoUv": false },
				"down": { "texture": "#bark", "uv": [ 0.0, 0.0, 16.0, 16.0 ], "enabled": false, "autoUv": false }
			}
		}
	]}