{
  "editor": {
    "allAngles": true,
    "entityTextureMode": false
  },
  "textureWidth": 16,
  "textureHeight": 16,
  "textureSizes": {},
  "textures": {},
  "elements": [
    {
      "name": "Origin",
      "from": [7.0, 0.0, 8.0],
      "to": [7.0, 0.0, 8.0],
      "rotationOrigin": [7.0, 0.0, 8.0],
      "faces": {
        "north": { "texture": "#baitmaterial", "uv": [0.0, 0.0, 0.5, 0.5] },
        "east": { "texture": "#baitmaterial", "uv": [0.0, 0.0, 0.5, 0.5] },
        "south": { "texture": "#baitmaterial", "uv": [0.0, 0.0, 0.5, 0.5] },
        "west": { "texture": "#baitmaterial", "uv": [0.0, 0.0, 0.5, 0.5] },
        "up": { "texture": "#baitmaterial", "uv": [0.0, 0.0, 0.5, 0.5] },
        "down": { "texture": "#baitmaterial", "uv": [0.0, 0.0, 0.5, 0.5] }
      },
      "children": [
        {
          "name": "Bait1",
          "from": [2.0, 0.0, 0.0],
          "to": [3.0, 1.0, 1.0],
          "rotationOrigin": [2.0, 2.0, -3.0],
          "rotationX": 3.0,
          "rotationY": 8.0,
          "faces": {
            "north": { "texture": "#baitmaterial", "uv": [0.0, 0.0, 1.0, 1.0] },
            "east": { "texture": "#baitmaterial", "uv": [0.0, 0.0, 1.0, 1.0] },
            "south": { "texture": "#baitmaterial", "uv": [0.0, 0.0, 1.0, 1.0] },
            "west": { "texture": "#baitmaterial", "uv": [0.0, 0.0, 1.0, 1.0] },
            "up": { "texture": "#baitmaterial", "uv": [0.0, 0.0, 1.0, 1.0] },
            "down": { "texture": "#baitmaterial", "uv": [0.0, 0.0, 1.0, 1.0] }
          }
        },
        {
          "name": "Bait2",
          "from": [2.0, -1.0, 3.0],
          "to": [3.0, 0.0, 4.0],
          "rotationOrigin": [0.0, -1.0, 0.0],
          "rotationX": 4.4639200085089914e-7,
          "rotationY": 16.99999641530578,
          "rotationZ": 16.99999671214028,
          "faces": {
            "north": { "texture": "#baitmaterial", "uv": [0.0, 0.0, 1.0, 1.0] },
            "east": { "texture": "#baitmaterial", "uv": [0.0, 0.0, 1.0, 1.0] },
            "south": { "texture": "#baitmaterial", "uv": [0.0, 0.0, 1.0, 1.0] },
            "west": { "texture": "#baitmaterial", "uv": [0.0, 0.0, 1.0, 1.0] },
            "up": { "texture": "#baitmaterial", "uv": [0.0, 0.0, 1.0, 1.0] },
            "down": { "texture": "#baitmaterial", "uv": [0.0, 0.0, 1.0, 1.0] }
          }
        },
        {
          "name": "Bait3",
          "from": [1.0, -1.0, -1.0],
          "to": [2.0, 0.0, 0.0],
          "rotationOrigin": [1.0, 1.0, -4.0],
          "rotationX": -8.0,
          "rotationY": 6.0,
          "faces": {
            "north": { "texture": "#baitmaterial", "uv": [0.0, 0.0, 1.0, 1.0] },
            "east": { "texture": "#baitmaterial", "uv": [0.0, 0.0, 1.0, 1.0] },
            "south": { "texture": "#baitmaterial", "uv": [0.0, 0.0, 1.0, 1.0] },
            "west": { "texture": "#baitmaterial", "uv": [0.0, 0.0, 1.0, 1.0] },
            "up": { "texture": "#baitmaterial", "uv": [0.0, 0.0, 1.0, 1.0] },
            "down": { "texture": "#baitmaterial", "uv": [0.0, 0.0, 1.0, 1.0] }
          }
        },
        {
          "name": "Bait4",
          "from": [1.0, 0.0, 2.0],
          "to": [2.0, 1.0, 3.0],
          "rotationOrigin": [1.0, 1.0, 2.0],
          "rotationX": 3.0,
          "rotationY": 6.0,
          "rotationZ": -8.0,
          "faces": {
            "north": { "texture": "#baitmaterial", "uv": [0.0, 0.0, 1.0, 1.0] },
            "east": { "texture": "#baitmaterial", "uv": [0.0, 0.0, 1.0, 1.0] },
            "south": { "texture": "#baitmaterial", "uv": [0.0, 0.0, 1.0, 1.0] },
            "west": { "texture": "#baitmaterial", "uv": [0.0, 0.0, 1.0, 1.0] },
            "up": { "texture": "#baitmaterial", "uv": [0.0, 0.0, 1.0, 1.0] },
            "down": { "texture": "#baitmaterial", "uv": [0.0, 0.0, 1.0, 1.0] }
          }
        },
        {
          "name": "Bait5",
          "from": [2.0, 1.0, 1.0],
          "to": [3.0, 2.0, 2.0],
          "rotationOrigin": [2.0, 2.0, 1.0],
          "rotationX": 39.0,
          "rotationY": 6.0,
          "rotationZ": -8.0,
          "faces": {
            "north": { "texture": "#baitmaterial", "uv": [0.0, 0.0, 1.0, 1.0] },
            "east": { "texture": "#baitmaterial", "uv": [0.0, 0.0, 1.0, 1.0] },
            "south": { "texture": "#baitmaterial", "uv": [0.0, 0.0, 1.0, 1.0] },
            "west": { "texture": "#baitmaterial", "uv": [0.0, 0.0, 1.0, 1.0] },
            "up": { "texture": "#baitmaterial", "uv": [0.0, 0.0, 1.0, 1.0] },
            "down": { "texture": "#baitmaterial", "uv": [0.0, 0.0, 1.0, 1.0] }
          }
        },
        {
          "name": "Bait6",
          "from": [1.0, 0.0, 0.0],
          "to": [2.0, 1.0, 1.0],
          "rotationOrigin": [1.0, 1.0, 0.0],
          "rotationX": -19.0,
          "rotationY": -3.0,
          "rotationZ": -8.0,
          "faces": {
            "north": { "texture": "#baitmaterial", "uv": [0.0, 0.0, 1.0, 1.0] },
            "east": { "texture": "#baitmaterial", "uv": [0.0, 0.0, 1.0, 1.0] },
            "south": { "texture": "#baitmaterial", "uv": [0.0, 0.0, 1.0, 1.0] },
            "west": { "texture": "#baitmaterial", "uv": [0.0, 0.0, 1.0, 1.0] },
            "up": { "texture": "#baitmaterial", "uv": [0.0, 0.0, 1.0, 1.0] },
            "down": { "texture": "#baitmaterial", "uv": [0.0, 0.0, 1.0, 1.0] }
          }
        },
        {
          "name": "Bait7",
          "from": [0.0, 0.0, 0.0],
          "to": [1.0, 1.0, 1.0],
          "faces": {
            "north": { "texture": "#baitmaterial", "uv": [0.0, 0.0, 1.0, 1.0] },
            "east": { "texture": "#baitmaterial", "uv": [0.0, 0.0, 1.0, 1.0] },
            "south": { "texture": "#baitmaterial", "uv": [0.0, 0.0, 1.0, 1.0] },
            "west": { "texture": "#baitmaterial", "uv": [0.0, 0.0, 1.0, 1.0] },
            "up": { "texture": "#baitmaterial", "uv": [0.0, 0.0, 1.0, 1.0] },
            "down": { "texture": "#baitmaterial", "uv": [0.0, 0.0, 1.0, 1.0] }
          }
        }
      ]
    }
  ]
}