{
	code: "barkbasket",
	class: "idgbarkbasket",
	entityclass: "GenericTypedContainer",
attributes: {
		handbook: { 
			groupBy: ["barkbasket-*"],
			"groupedName": "indappledgroves:barkbasketname",
			"extraSections": [
        {
          "title": "indappledgroves:block-handbooktitle-barkbasket",
          "text": "indappledgroves:block-handbooktext-barkbasket"
        }
      ]
		},
		inventoryClassName: "barkbasket",
		defaultType: "basket",
		openSound: "game:sounds/block/basketopen",
		closeSound: "game:sounds/block/basketclose",
		types: ["basket"],
		drop: {
			basket: true,
		},
		quantitySlots: {
			basket: 8
		},
		dialogTitleLangCode: {
			basket: "basketcontents"
		},
		storageType: {
			basket: 189
		},
		retrieveOnly: {
			basket: false
		},
		shape: { 
			basket: "block/barkbasket"
		},
		variantByGroup: "variant",
		variantByGroupInventory: "variant"
	},
	behaviors: [{name: "Lockable" }, {name: "Container"}, {name: "UnstableFalling"}],
	entityBehaviors: [{ name: "Animatable" }],
	variantgroups: [
		{ code: "variant", loadFromProperties: "game:block/wood", states:["aged"]},
		{ code:"side", loadFromProperties: "game:abstract/horizontalorientation" }
	],
	creativeinventoryStacksByType: {
		"*-east": [
			{
				tabs: [ "general", "decorative"],
				stacks: [
					{ type: "block", code: "barkbasket-{variant}-east" }
				]
			}
		]
	},
	shapeInventory: { base: "block/barkbasket", rotateY: 270 },
	shapeByType: {
		"*-north": { base: "block/barkbasket", rotateY: 0 },
		"*-east": { base: "block/barkbasket", rotateY: 270 },
		"*-west": { base: "block/barkbasket", rotateY: 90 },
		"*-south": { base: "block/barkbasket", rotateY: 180 },
	},
	texturesByType: {
		"*": {
			"bark": { base: "game:block/wood/bark/{variant}"},
			"inside": { base: "game:block/wood/debarked/{variant}", rotation: 90 },
			"basket-bark": { base: "game:block/wood/bark/{variant}"},
			"basket-inside": { base: "game:block/wood/debarked/{variant}", rotation: 90 },
		}
	},
	combustibleProps: {
		burnTemperature: 800,
		burnDuration: 60,
	},
	heldTpIdleAnimation: "holdbothhands",
	heldTpUseAnimation: "twohandplaceblock",
	blockmaterial: "Wood",
	replaceable: 900,
	resistance: 2,
	lightAbsorption: 0,
	sideAo: { all: false },
	sidesolid: {
		all: false
	},
	sideopaque: {
		all: false
	},
	collisionbox: {
		x1: 0.125, y1: 0, z1: 0.125, x2: 0.875, y2: 0.5, z2: 0.875,
		rotateYByType: {
			"*-north": 270,
			"*-east": 180,
			"*-south": 90,
			"*-west": 0
		}
	},
	selectionbox: {
		x1: 0.125, y1: 0, z1: 0.125, x2: 0.875, y2: 0.5, z2: 0.875,
		rotateYByType: {
			"*-north": 270,
			"*-east": 180,
			"*-south": 90,
			"*-west": 0
		}
	},
	sounds: {
		"place": "game:block/planks",
		"walk": "game:walk/wood",
		"hit": "game:block/planks",
		"break": "game:block/planks",
	},
	materialDensity: 600,
	tpHandTransform: {
		translation: { x: -0.9, y: 0, z: -0.9 },
		rotation: { x: 36, y: 21, z: -80 },
		origin: { x: 0.5, y: 0, z: 0.5 },
		scale: 0.5
	},
	guiTransform: {
		origin: { x: 0.5, y: 0.3, z: 0.5 },
		scale: 1.3
	},
	groundTransform: {
		translation: { x: 0, y: 0, z: 0 },
		rotation: { x: 0, y: -45, z: 0 },
		origin: { x: 0.5, y: 0, z: 0.5 },
		scale: 2.5
	}
}