{
	"code": "logslab",
	"class": "idglogslab",
	"behaviors": [
		{	"name": "OmniRotatable",	"properties": {	"rotateSides": true, "facing": "block"	}	}
	],
	"variantgroups": [
		{ "code": "wood", "states": ["aged"], "loadFromProperties": "game:block/wood" },
		{ "code": "barked", "states": ["barked","debarked"]},
		{ "code": "rot", "states": ["north", "east", "south", "west", "up", "down"] },
		{ "code": "cover", "states": ["free", "snow"] }		
	],
	"skipVariants": ["*-up-snow", "*-veryaged-*","*-veryagedrotten-*"],
	"attributes": {
							"chiselShapeFromCollisionBox": true,
							"handbook": {
									"groupBy": ["logslab-*"],
									"extraSections": [
										{ "title": "indappledgroves:block-handbooktitle-logslab", "text": "indappledgroves:block-handbooktext-logslab" },
										{ "title": "indappledgroves:block-handbooktitle-logslab2", "text": "indappledgroves:block-handbooktext-logslab2" }
									]
								},
								"partialAttachableByType": {
									"*-down-*": true,
									"*-up-*": true
								}
	},
	"blockmaterial": "Wood",
	"resistanceByType": {
    "*-birch-*": 2.85,
		"*-oak-*": 2.9,
		"*-maple-*": 3.25,
		"*-pine-*": 1.95,
		"*-acacia-*": 5.15,
		"*-kapok-*": 2,
		"*-baldcypress-*": 1.15,
		"*-larch-*": 1.85,
		"*-redwood-*": 9.5,
		"*-ebony-*": 7.25,
		"*-walnut-*": 2.25,
		"*-purpleheart-*": 6.1,
		"*": 2.25
    },
	"creativeinventory": {
		"general": ["*-down-free"], "construction": ["*-down-free"]
	},
	"dropsByType":{
		"logslab-*":	[{ "code": "logslab-{wood}-{barked}-down-free" }]
	},
	shapeByType: {
		"*-snow": { base: "block/wood/snow-logslab-{rot}" },
		"*": { base: "block/wood/logslab-{rot}" }
	},
	"texturesByType": {
		"*-barked-*": {
					"all": { "base": "game:block/wood/treetrunk/{wood}" },
					"trunk": {"base": "indappledgroves:block/strippedlog/{wood}" },
					"bark": {"base": "game:block/wood/bark/{wood}" },
					"bark2": {"base": "game:block/wood/bark/{wood}" },
					"debarked": {"base": "game:block/wood/debarked/{wood}" },
					"snowcover": { "base": "game:block/snow/normal1" }
					},
		"*-debarked-*": {
					"all": { "base": "game:block/wood/treetrunk/{wood}" },
					"trunk": {"base": "indappledgroves:block/strippedlog/{wood}" },
					"bark": {"base": "game:block/wood/debarked/{wood}", "rotation": 90},
					"bark2": {"base": "game:block/wood/debarked/{wood}", "rotation": 90},
					"debarked": {"base": "game:block/wood/debarked/{wood}" },
					"snowcover": { "base": "game:block/snow/normal1" }
		}
	},
	"sideSolidOpaqueAoByType": {
		"*-north-*": { "all": false, "north": true },
		"*-east-*": { "all": false, "east": true },
		"*-south-*": { "all": false, "south": true },
		"*-west-*": { "all": false, "west": true },
		"*-up-*": { "all": false, "up": true },
		"*-down-*": { "all": false, "down": true }
	},
	"sideAo": { "all": true },
	"emitSideAoByType": {
		"*-up-*": { "all": false, "up": true },
		"*-down-*": { "all": false, "down": true },
		"*": { "all": false }
	},
	"collisionbox": { "x1": 0, "y1": 0, "z1": 0,   "x2": 1, "y2": 0.5, "z2": 1,
		"rotateXByType": {
			"*-north-*": 90,
			"*-south-*": 270,
			"*-up-*": 180,
			"*-down-*": 0
		},
		"rotateZByType": {
			"*-east-*": 90,
			"*-west-*": 270
		}
	},
	"selectionbox": { "x1": 0, "y1": 0, "z1": 0,   "x2": 1, "y2": 0.5, "z2": 1,
		"rotateXByType": {
			"*-north-*": 90,
			"*-south-*": 270,
			"*-up-*": 180,
			"*-down-*": 0
		},
		"rotateZByType": {
			"*-east-*": 90,
			"*-west-*": 270
		}
	},
	"sounds": {
		"hit": "game:block/planks",
		"break": "game:block/planks",
		"place": "game:block/planks",
		"walk": "game:walk/wood"
	},
	"combustibleProps": {
		"burnTemperature": 800,
		"burnDuration": 10
	},
	"materialDensity": 600,
		"heldTpIdleAnimation": "holdbothhandslarge", 
		"heldTpUseAnimation": "twohandplaceblock",
		"tpHandTransform": {
				"translation": { "x": -1.2, "y": -1.1, "z": -0.8 },
				"rotation": { "x": -2, "y": 25, "z": -78 },
				"scale": 0.37
		},
		"guiTransform": {
		"translation": { x: 0, y: 2, z: 0 },
		"origin": { x: 0.5, y: 0.25, z: 0.5 }
	}
}
		
