{
  "enabled": false,
  "code": "sawhorse",
  "class": "idgsawhorse",
  "entityClass": "idgbesawhorse",
  "maxstacksize": 2,
  "attributes": {
		"handbook": {
			"groupBy": ["sawhorse-birch-*-single-east"],
      "extraSections": [
				{ "title": "indappledgroves:block-handbooktitle-sawhorse", "text": "indappledgroves:block-handbooktext-sawhorse" }
			]
		}
	},
  "behaviorsByType": {
  "*":[
    {"name": "Unstable" }, 
    {"name": "HorizontalOrientable", "properties": {  "dropBlockFace": "east" }}
  ]
  },
  "variantgroups": [
    { "code": "support", "states": ["aged"], "loadFromProperties": "block/wood" },
    { "code": "crossbrace", "states": ["aged"], "loadFromProperties": "block/wood"},
    { "code": "state", "states": ["single","compound"]},
    { "code": "side", "loadFromProperties": "abstract/horizontalorientation" }
    
  ],
  "heldTpIdleAnimation": "holdbothhandslarge",
  "helpTpUseAnimation": "twohandplaceblock",
  "creativeinventory": { "general": ["*-single-east"]},
  "textures": {		
      "support": { "base": "game:block/wood/planks/{support}1" },
			"crossbrace": { "base": "game:block/wood/planks/{crossbrace}1" }
  },
  "shapeByType": {
		"*-north": { "base": "block/sawhorse", "rotateY":90 },
		"*-east": { "base": "block/sawhorse", "rotateY":0 },
		"*-south": { "base": "block/sawhorse", "rotateY":270 },
		"*-west": { "base": "block/sawhorse", "rotateY":180 }
	}, 
  "lightabsorption": 0,
  "sideopaque": { "all": false },
  "sidesolid": { "all": false },
  "blockmaterial": "wood",
  "sounds": {"place": "game:block/planks"},
  "collisionBoxesByType":{ 
    "*-single-*": [{ "x1": 0.0877, "y1": 0, "z1": 0.0504, "x2": 0.9055, "y2": 0.7669, "z2": 0.9385, "rotateYByType": {
          "*-north": 270,
          "*-east": 180,
          "*-south": 90,
          "*-west": 0
        }}],
    "*-compound-*": [
		{ "x1": -0.9055, "y1": 0, "z1": 0.0504, "x2": 0.9055, "y2": 0.7534, "z2": 0.9511, "rotateYByType": {
          "*-north": 270,
          "*-east": 180,
          "*-south": 90,
          "*-west": 0
        }},
		{ "x1": -0.9002, "y1": 0.751, "z1": 0.0441, "x2": 0.8992, "y2": 0.8299, "z2": 0.9496, "rotateYByType": {
          "*-north": 270,
          "*-east": 180,
          "*-south": 90,
          "*-west": 0
    }}]
  },
  "selectionBoxesByType": {
    "*-single-*": [{ "x1": 0.0877, "y1": 0, "z1": 0.0504, "x2": 0.9055, "y2": 0.7669, "z2": 0.9385, "rotateYByType": {
          "*-north": 90,
          "*-east": 0,
          "*-south": 270,
          "*-west": 180
        }}],
    "*-compound-*": [
		{ "x1": -0.9055, "y1": 0, "z1": 0.0504, "x2": 0.9055, "y2": 0.7534, "z2": 0.9511, "rotateYByType": {
          "*-north": 270,
          "*-east": 180,
          "*-south": 90,
          "*-west": 0
        }},
		{ "x1": -0.9002, "y1": 0.751, "z1": 0.0441, "x2": 0.8992, "y2": 0.8299, "z2": 0.9496, "rotateYByType": {
          "*-north": 270,
          "*-east": 180,
          "*-south": 90,
          "*-west": 0
    }}
	]
  }
}
