[
	{
	"code": "whitelead",
	"sealHours": 1008,
	"ingredients": [
		{ "type": "item", "code": "bricklayers:acidiccompost-strong", "quantity": 16 },
		{ "type": "item", "code": "game:metalplate-lead", "quantity": 1 }
	],
	"output": { "type": "item", "code": "em:powdered-ore-whitelead", "quantity": 16 }
	},

	{
	"code": "whitelead",
	"sealHours": 840,
	"ingredients": [
		{ "type": "item", "code": "bricklayers:acidiccompost-strong", "quantity": 16 },
		{ "type": "item", "code": "game:metalchain-lead", "quantity": 1 }
	],
	"output": { "type": "item", "code": "em:powdered-ore-whitelead", "quantity": 16 }
	},

	{
	"code": "whitelead",
	"sealHours": 840,
	"ingredients": [
		{ "type": "item", "code": "bricklayers:acidiccompost-strong", "quantity": 8 },
		{ "type": "item", "code": "game:metallamellae-lead", "quantity": 1 }
	],
	"output": { "type": "item", "code": "em:powdered-ore-whitelead", "quantity": 8 }
	},

	{
	"code": "whitelead",
	"sealHours": 840,
	"ingredients": [
		{ "type": "item", "code": "bricklayers:acidiccompost-strong", "quantity": 8 },
		{ "type": "item", "code": "game:metalscale-lead", "quantity": 1 }
	],
	"output": { "type": "item", "code": "em:powdered-ore-whitelead", "quantity": 8 }
	}
]
