[
    {
	"ingredientPattern": "NM",
	"ingredients": {
		"N": { "type": "item", "code": "em:crushed-ore-magnetite", "quantity": 17 },
		"M": { "type": "item", "code": "moremetals:crushed-magnesium", "quantity": 3 }
	},
	"width": 2,
	"height": 1,
	"shapeless": true,
	"output": { "type": "item", "code": "moremetals:ferromagnesiumblendmagnetite", "quantity": 1 }
   },
    {
	"ingredientPattern": "HM",
	"ingredients": {
		"H": { "type": "item", "code": "em:crushed-ore-hematite", "quantity": 17 },
		"M": { "type": "item", "code": "moremetals:crushed-magnesium", "quantity": 3 }
	},
	"width": 2,
	"height": 1,
	"shapeless": true,
	"output": { "type": "item", "code": "moremetals:ferromagnesiumblendhematite", "quantity": 1 }
   },
    {
	"ingredientPattern": "LM",
	"ingredients": {
		"L": { "type": "item", "code": "em:crushed-ore-limonite", "quantity": 17 },
		"M": { "type": "item", "code": "moremetals:crushed-magnesium", "quantity": 3 }
	},
	"width": 2,
	"height": 1,
	"shapeless": true,
	"output": { "type": "item", "code": "moremetals:ferromagnesiumblendlimonite", "quantity": 1 }
   }
]
