[
    {
	"ingredientPattern": "SDN,MCT",
	"ingredients": {
		"S": { "type": "item", "code": "moremetals:crushed-steel", "quantity": 8 },
		"D": { "type": "item", "code": "moremetals:cobalt", "quantity": 3 },
		"N": { "type": "item", "code": "game:crushed-chromite", "quantity": 3 },
		"M": { "type": "item", "code": "em:crushed-ore-pentlandite", "quantity": 2 },
		"C": { "type": "item", "code": "moremetals:crushed-nativemolybdenite", "quantity": 2 },
		"T": { "type": "item", "code": "moremetals:crushed-wolframite", "quantity": 2 }
	},
	"width": 3,
	"height": 2,
	"shapeless": true,
	"output": { "type": "item", "code": "moremetals:toolsteelcompoundblend", "quantity": 1 }
   }
]
