{
  "code": "potionteaportion",
  "class": "ItemLiquidPortion",
  "creativeinventory": { "general": ["*"], "items": ["*"] },
  "maxstacksize": 200,
  "matterState": "liquid",
  "attributes": {
    "waterTightContainerProps": {
      "containable": true,
      "itemsPerLitre": 4,
      "texture": { "base": "game:block/plant/moss" },
      "allowSpill": true,
      "whenSpilled": {
        "action": "DropContents",
        "stack": { "type": "item", "code": "potionteaportion" }
      }
    },
    "handbook": {
      "ignoreCreativeInvStacks": true
    }
  },
  "texture": { "base": "game:block/plant/moss" },
  "shape": { "base": "game:item/liquid" },
  "creativeinventoryStacks": [
    {
      "tabs": ["general", "liquids"],
      "stacks": [{ "type": "block", "code": "game:woodbucket", "attributes": { "ucontents": [{ "type": "item", "code": "alchemy:potionteaportion", "makefull": true }] } }]
    }
  ],
  "materialDensity": 200,
  "guiTransform": {
    "translation": { "x": 0, "y": 1, "z": 0 },
    "rotation": { "x": 123, "y": -33, "z": -13 },
    "origin": { "x": 0.5, "y": 0, "z": 0.5 },
    "scale": 1.4
  },
  "fpHandTransform": {
    "translation": { "x": 0, "y": 0, "z": 0 },
    "rotation": { "x": 25, "y": 157, "z": -5 }
  },
  "tpHandTransform": {
    "translation": { "x": -1.5, "y": -1, "z": -1.4 }
  }
}
