{
	code: "silkframepack",
	maxstacksize: 1,
	behaviors: [{ name: "GroundStorable", properties: { layout: "SingleCenter", collisionBox: { x1: 0.25, y1: 0, z1: 0.25, x2: 0.75, y2: 0.375, z2: 0.75 }}}],
	attributes: {
		wearableAttachment: true,
		attachShape: { base: "item/bag/silkframepack-attached" },
		backpack: {
			quantitySlots: 9
		}
	},
	shape: { base: "item/bag/framepack" },
	textures: {
		"ironframe": { base: "item/bag/miningpack/ironframe" },
		"linen": { base: "item/bag/framepack/silk" },
		"leather": { base: "item/bag/miningpack/leather" },
		"linen2": { base: "item/bag/framepack/silk2" }
	},
	storageFlags: 2,
	creativeinventory: { "general": ["*"], "items": ["*"] },
	guiTransform: {
		translation: { x: 0, y: 0, z: 0 },
		rotation: { x: -20, y: 21, z: 180 },
		origin: { x: 0.53, y: 0.35, z: 0.5 },
		scale: 2.3,
		rotate: true
	},
	fpHandTransform: {
		translation: { x: 0, y: 0, z: 0.2 },
		rotation: { x: 20, y: -73, z: 10 },
		scale: 2.5
	},
	tpHandTransform: {
		translation: { x: -0.66, y: -0.5, z: -0.45 },
		rotation: { x: -89, y: 67, z: -91 },
		scale: 0.86
	},
	groundTransform: {
		translation: { x: 0, y: 0, z: 0 },
		rotation: { x: 180, y: 33, z: -180 },
		origin: { x: 0.5, y: 0, z: 0.5 },
		scale: 4.5
	}
}