{
	code: "woolminingpack",
	maxstacksize: 1,
	shape: { base: "morebags:item/bag/miningpack" },
	behaviors: [{ name: "GroundStorable", properties: { layout: "SingleCenter", collisionBox: { x1: 0.25, y1: 0, z1: 0.25, x2: 0.75, y2: 0.375, z2: 0.75 }}}],
	textures: {
		"ironframe": { base: "morebags:item/bag/miningpack/ironframe" },
		"linen": { base: "morebags:item/bag/miningpack/wool" },
		"leather": { base: "morebags:item/bag/miningpack/leather" },
		"linen2": { base: "morebags:item/bag/miningpack/wool2" }
	},
	storageFlags: 2,
	creativeinventory: { "general": ["*"], "items": ["*"] },
	guiTransform: {
		translation: { x: 0, y: 0, z: 0 },
		rotation: { x: -20, y: 21, z: 180 },
		origin: { x: 0.53, y: 0.35, z: 0.5 },
		scale: 2.3,
		rotate: true
	},
	fpHandTransform: {
		translation: { x: 0, y: 0, z: 0.2 },
		rotation: { x: 47, y: -80, z: 33 },
		scale: 1.61
	},
	tpHandTransform: {
		translation: { x: -0.7, y: -0.5, z: -0.6 },
		rotation: { x: -4, y: 47, z: -17 },
		scale: 0.81
	},
	groundTransform: {
		translation: { x: 0, y: 0, z: 0 },
		rotation: { x: 180, y: 33, z: -180 },
		origin: { x: 0.5, y: 0, z: 0.5 },
		scale: 2.5
	},
	attributes: {
		wearableAttachment: true,
		attachShape: { base: "morebags:item/bag/woolminingpack-attached" },
		backpack: {
			quantitySlots: 15,
			storageFlags: 4,
			slotBgColor: "#c2ffe8"
		}
	}
}