{
	code: "maul",
	class: "idgtool",
	creativeinventory: { "general": ["*"], "items": ["*"], "tools": ["*"]},
	attributes: {
		handbook: {
			groupBy: ["maul-*"],
			"extraSections": [
					{
						"title": "indappledgroves:item-handbooktitle-maul",
						"text": "indappledgroves:item-handbooktext-maul"
					}
			]
		},
		groundStorageTransform: {
			translation: { x: 0, y: 0.15, z: 0.2 },
			rotation: { x: 25, y: -180, z: -90 },
			scale: 1.25
		},
		toolrackTransform: {
			translation: { x: -0.4, y: 0.1, z: 0 },
			scale: 2.00
		},
		"choppingProps": { "fellingMultiplier": 1.75, "splittingMod": 0.45}		
	},
		behaviors: [{
		name: "GroundStorable",
		properties: {
			layout: 'WallHalves',
			wallOffY: 1,
			sprintKey: true,
			selectionBox: { x1: 0, y1: 0, z1: 0, x2: 1, y2: 0.35, z2: 1 },
			collisionBox: { x1: 0, y1: 0, z1: 0, x2: 0, y2: 0, z2: 0 },
		}},
		{
			"name": "woodsplitter"
		}
	],
	tool: "axe",
	heldTpHitAnimation: "axechop",
	damagedby: ["blockbreaking", "attacking"],
	miningspeedbytype: {
		"maul-bismuthbronze": {
			"wood": 5.8,
			"plant": 3.5,
			"leaves": 2.6
		},
		"maul-tinbronze": {
			"wood": 6.3,
			"plant": 3.8,
			"leaves": 3
		},
		"maul-blackbronze": {
			"wood": 6.6,
			"plant": 4,
			"leaves": 3.1
		},
		"maul-iron": {
			"wood": 8.4,
			"plant": 5,
			"leaves": 3.2
		},
		"maul-meteoriciron": {
			"wood": 9.6,
			"plant": 5.5,
			"leaves": 3.6
		},
		"maul-steel": {
			"wood": 11,
			"plant": 6,
			"leaves": 4
		},
		"*": {
			"wood": 2.6,
			"plant": 2.2,
			"leaves": 1.7
		}
	},
		groundStorageTransform: {
			translation: { x: 0.05, y: 0.05, z: 0 },
			rotation: { x: 13, y: 88, z: -87 },
			scale: 0.88
		},
		rackable: true,
		toolrackTransform: {
			rotation: { y: 1, z: -1 },
			translation: { x: -0.3, y: 0.6 },
			scale: 1.25,
		},
	variantgroups: [
    { code: "material", states: ["tinbronze", "bismuthbronze", "blackbronze", "iron", "meteoriciron", "steel" ]},
   ],
	drawtype: "json",
    shapeByType: {
		"@maul-(tinbronze|bismuthbronze|blackbronze|gold|silver|iron|meteoriciron|steel)": { base: "item/tools/splittingmaul" }
	},
	texturesByType: {
		"@maul-(tinbronze|bismuthbronze|blackbronze|gold|silver|iron|meteoriciron|steel)": {
			"material": { base: "game:block/metal/ingot/{material}" },
			"handle": { base: "game:item/tool/material/handle" }
		}
	},
	maxstacksize: 1,
	attackRange: 2,
	tooltierbytype: {
		"@maul-(copper|silver|gold)": 2,
		"@maul-(tinbronze|bismuthbronze|blackbronze)": 3,
		"@maul-(iron|meteoriciron)": 4,
		"@maul-(steel)": 5
	},
	durabilitybytype: {
		"*-bone-obsidian": 100,
		"@maul-(silver|gold)": 125,
		"*-copper": 250,
		"*-tinbronze": 400,
		"*-bismuthbronze": 500,
		"*-blackbronze": 600,
		"*-iron": 900,
		"*-meteoriciron": 1200,
		"*-steel": 1800
	},
	attackpowerbytype: {
		"*-copper": 2,
		"@maul-(bismuthbronze|silver|gold)": 2.5,
		"*-tinbronze": 2.75,
		"@maul-(blackbronze|iron)": 3,
		"*-medeoriciron": 3.5,
		"*-steel": 4
	},
	guiTransform: {
		translation: { x: 1.3, y: 4.6, z: 0.9 },
		rotation: { x: 85, y: -48, z: 9 },
		origin: { x: 0.48, y: 0.8, z: 0.38 },
		scale: 1.92
	},
	fpHandTransform: {
		translation: { x: -0.24, y: 0, z: 0.1 },
		rotation: { x: 15, y: 15, z: 90 },
		scale: 2.45
	},
	groundTransform: {
		translation: { x: 0, y: 0, z: 0 },
		rotation: { x: 0, y: 0, z: 0 },
		origin: { x: 0.5, y: 0, z: 0.5 },
		scale: 3.4
	},
	tpHandTransform: {
		translation: { x: -0.8, y: 0.02, z: -0.92 },
		rotation: { x: 90, y: 0, z: 0 },
		origin: { x: 0.5, y: 0, z: 0.5 },
		scale: 1.15
	}
}