{
	"editor": {
		"allAngles": false,
		"entityTextureMode": false
	},
	"textureWidth": 16,
	"textureHeight": 16,
	"textureSizes": {
	},
	"textures": {
		"rope": "block/locustnest/stalagmite/rope",
		"aged": "block/wood/debarked/aged"
	},
	"elements": [
		{
			"name": "origin",
			"from": [ 8.0, 0.0, 1.2 ],
			"to": [ 8.0, 0.0, 1.2 ],
			"rotationOrigin": [ 8.0, 0.0, 1.2 ],
			"faces": {
			},
			"children": [
				{
					"name": "VerticalPole",
					"from": [ -5.5, 0.0, -0.5 ],
					"to": [ -4.5, 16.0, 0.5 ],
					"rotationOrigin": [ -5.0, 0.0, 0.0 ],
					"faces": {
						"north": { "texture": "#rope", "uv": [ 2.0, 0.0, 3.0, 16.0 ] },
						"east": { "texture": "#rope", "uv": [ 1.0, 0.0, 2.0, 16.0 ] },
						"south": { "texture": "#rope", "uv": [ 6.0, 0.0, 7.0, 16.0 ] },
						"west": { "texture": "#rope", "uv": [ 1.0, 0.0, 2.0, 16.0 ] },
						"up": { "texture": "#rope", "uv": [ 14.5, 0.0, 15.5, 1.0 ] },
						"down": { "texture": "#rope", "uv": [ 15.0, 0.0, 16.0, 1.0 ] }
					}
				},
				{
					"name": "VerticalPole2",
					"from": [ 4.5, 0.0, -0.5 ],
					"to": [ 5.5, 16.0, 0.5 ],
					"rotationOrigin": [ 5.0, 0.0, 0.0 ],
					"faces": {
						"north": { "texture": "#rope", "uv": [ 11.0, 0.0, 12.0, 16.0 ] },
						"east": { "texture": "#rope", "uv": [ 12.0, 0.0, 13.0, 16.0 ] },
						"south": { "texture": "#rope", "uv": [ 9.0, 0.0, 10.0, 16.0 ] },
						"west": { "texture": "#rope", "uv": [ 8.0, 0.0, 9.0, 16.0 ] },
						"up": { "texture": "#rope", "uv": [ 14.5, 0.5, 15.5, 1.5 ] },
						"down": { "texture": "#rope", "uv": [ 14.5, 0.5, 15.5, 1.5 ] }
					}
				},
				{
					"name": "HorizontalPole1",
					"from": [ -7.0, 2.0, -0.8 ],
					"to": [ 7.0, 3.5, 0.7 ],
					"faces": {
						"north": { "texture": "#aged", "uv": [ 1.0, 8.0, 15.0, 9.5 ] },
						"east": { "texture": "#aged", "uv": [ 5.0, 14.0, 6.5, 15.5 ] },
						"south": { "texture": "#aged", "uv": [ 0.5, 6.5, 14.5, 8.0 ] },
						"west": { "texture": "#aged", "uv": [ 0.0, 0.0, 1.5, 1.5 ] },
						"up": { "texture": "#aged", "uv": [ 0.5, 7.0, 14.5, 8.5 ] },
						"down": { "texture": "#aged", "uv": [ 0.5, 8.0, 14.5, 9.5 ] }
					},
					"children": [
						{
							"name": "Knot1L",
							"from": [ 1.0, -0.2, -0.2 ],
							"to": [ 3.0, 1.8, 1.8 ],
							"rotationOrigin": [ 2.0, 0.8, 0.8 ],
							"rotationY": 45.0,
							"faces": {
								"north": { "texture": "#rope", "uv": [ 6.0, 6.0, 8.0, 8.0 ] },
								"east": { "texture": "#rope", "uv": [ 7.0, 6.0, 9.0, 8.0 ] },
								"south": { "texture": "#rope", "uv": [ 3.0, 3.5, 5.0, 5.5 ] },
								"west": { "texture": "#rope", "uv": [ 2.0, 2.5, 4.0, 4.5 ] },
								"up": { "texture": "#rope", "uv": [ 3.0, 4.0, 5.0, 6.0 ] },
								"down": { "texture": "#rope", "uv": [ 6.0, 5.5, 8.0, 7.5 ] }
							}
						},
						{
							"name": "Knot1R",
							"from": [ 11.0, -0.2, -0.2 ],
							"to": [ 13.0, 1.8, 1.8 ],
							"rotationOrigin": [ 12.0, 0.8, 0.8 ],
							"rotationY": -45.0,
							"faces": {
								"north": { "texture": "#rope", "uv": [ 6.0, 6.0, 8.0, 8.0 ] },
								"east": { "texture": "#rope", "uv": [ 7.0, 6.0, 9.0, 8.0 ] },
								"south": { "texture": "#rope", "uv": [ 3.0, 3.5, 5.0, 5.5 ] },
								"west": { "texture": "#rope", "uv": [ 2.0, 2.5, 4.0, 4.5 ] },
								"up": { "texture": "#rope", "uv": [ 3.0, 4.0, 5.0, 6.0 ] },
								"down": { "texture": "#rope", "uv": [ 6.0, 5.5, 8.0, 7.5 ] }
							}
						}
					]
				},
				{
					"name": "HorizontalPole2",
					"from": [ -7.0, 7.1, -0.8 ],
					"to": [ 7.0, 8.6, 0.7 ],
					"rotationOrigin": [ -5.0, 7.7, 0.0 ],
					"rotationZ": 4.0,
					"faces": {
						"north": { "texture": "#aged", "uv": [ 0.5, 9.5, 14.5, 11.0 ] },
						"east": { "texture": "#aged", "uv": [ 1.0, 4.0, 2.5, 5.5 ] },
						"south": { "texture": "#aged", "uv": [ 1.5, 7.5, 15.5, 9.0 ] },
						"west": { "texture": "#aged", "uv": [ 0.0, 0.0, 1.5, 1.5 ] },
						"up": { "texture": "#aged", "uv": [ 1.0, 6.0, 15.0, 7.5 ] },
						"down": { "texture": "#aged", "uv": [ 1.0, 8.0, 15.0, 9.5 ] }
					},
					"children": [
						{
							"name": "Knot2L",
							"from": [ 1.0, -0.3, -0.3 ],
							"to": [ 3.0, 1.7, 1.7 ],
							"rotationOrigin": [ 2.0, 0.7, 0.7 ],
							"rotationY": 45.0,
							"faces": {
								"north": { "texture": "#rope", "uv": [ 4.5, 4.5, 6.5, 6.5 ] },
								"east": { "texture": "#rope", "uv": [ 3.0, 2.0, 5.0, 4.0 ] },
								"south": { "texture": "#rope", "uv": [ 2.5, 6.0, 4.5, 8.0 ] },
								"west": { "texture": "#rope", "uv": [ 4.5, 5.0, 6.5, 7.0 ] },
								"up": { "texture": "#rope", "uv": [ 5.0, 7.0, 7.0, 9.0 ] },
								"down": { "texture": "#rope", "uv": [ 6.5, 3.0, 8.5, 5.0 ] }
							}
						},
						{
							"name": "Knot2R",
							"from": [ 11.0, -0.3, -0.3 ],
							"to": [ 13.0, 1.7, 1.7 ],
							"rotationOrigin": [ 12.0, 0.7, 0.7 ],
							"rotationY": 45.0,
							"faces": {
								"north": { "texture": "#rope", "uv": [ 4.5, 4.5, 6.5, 6.5 ] },
								"east": { "texture": "#rope", "uv": [ 3.0, 2.0, 5.0, 4.0 ] },
								"south": { "texture": "#rope", "uv": [ 2.5, 6.0, 4.5, 8.0 ] },
								"west": { "texture": "#rope", "uv": [ 4.5, 5.0, 6.5, 7.0 ] },
								"up": { "texture": "#rope", "uv": [ 5.0, 7.0, 7.0, 9.0 ] },
								"down": { "texture": "#rope", "uv": [ 6.5, 3.0, 8.5, 5.0 ] }
							}
						}
					]
				},
				{
					"name": "HorizontalPole3",
					"from": [ -7.0, 12.5, -0.8 ],
					"to": [ 7.0, 14.0, 0.7 ],
					"rotationOrigin": [ -5.0, 13.0, 0.0 ],
					"rotationZ": -3.0,
					"faces": {
						"north": { "texture": "#aged", "uv": [ 0.5, 6.0, 14.5, 7.5 ] },
						"east": { "texture": "#aged", "uv": [ 0.0, 0.0, 1.5, 1.5 ] },
						"south": { "texture": "#aged", "uv": [ 1.0, 3.5, 15.0, 5.0 ] },
						"west": { "texture": "#aged", "uv": [ 0.0, 0.0, 1.5, 1.5 ] },
						"up": { "texture": "#aged", "uv": [ 1.5, 5.5, 15.5, 7.0 ] },
						"down": { "texture": "#aged", "uv": [ 1.0, 9.0, 15.0, 10.5 ] }
					},
					"children": [
						{
							"name": "Knot3L",
							"from": [ 1.0, -0.2, -0.2 ],
							"to": [ 3.0, 1.8, 1.8 ],
							"rotationOrigin": [ 2.0, 0.8, 0.8 ],
							"rotationY": 45.0,
							"faces": {
								"north": { "texture": "#rope", "uv": [ 3.0, 7.0, 5.0, 9.0 ] },
								"east": { "texture": "#rope", "uv": [ 4.0, 8.0, 6.0, 10.0 ] },
								"south": { "texture": "#rope", "uv": [ 7.0, 4.5, 9.0, 6.5 ] },
								"west": { "texture": "#rope", "uv": [ 4.5, 5.0, 6.5, 7.0 ] },
								"up": { "texture": "#rope", "uv": [ 4.0, 7.5, 6.0, 9.5 ] },
								"down": { "texture": "#rope", "uv": [ 4.0, 3.5, 6.0, 5.5 ] }
							}
						},
						{
							"name": "Knot3R",
							"from": [ 11.0, -0.2, -0.2 ],
							"to": [ 13.0, 1.8, 1.8 ],
							"rotationOrigin": [ 12.0, 0.8, 0.8 ],
							"rotationY": -45.0,
							"faces": {
								"north": { "texture": "#rope", "uv": [ 3.0, 7.0, 5.0, 9.0 ] },
								"east": { "texture": "#rope", "uv": [ 4.0, 8.0, 6.0, 10.0 ] },
								"south": { "texture": "#rope", "uv": [ 7.0, 4.5, 9.0, 6.5 ] },
								"west": { "texture": "#rope", "uv": [ 4.5, 5.0, 6.5, 7.0 ] },
								"up": { "texture": "#rope", "uv": [ 4.0, 7.5, 6.0, 9.5 ] },
								"down": { "texture": "#rope", "uv": [ 4.0, 3.5, 6.0, 5.5 ] }
							}
						}
					]
				}
			]
		}
	]}