{
	"code": "glazedbrick",
	"maxstacksize": 64,
	"attributes": {
		"handbook": { "groupBy": [ "glazedbrick-*"] },
		"displaycaseable": true,
		"onDisplayTransform": {
			"origin": { "x": 0.5, "y": 0, "z": 0.5 },
			"scale": 0.9
		},
		"shelvable": true
	},
	"behaviors": [ {
		"name": "GroundStorable",
		"properties": {
			"layout": "Stacking",
			"placeRemoveSound": "game:sounds/block/ceramicplace",
			"stackingModelByType": {
				"glazedbrick-wet-*": "bricklayers:block/clay/smallbrickpile",
				"glazedbrick-raw-*": "bricklayers:block/clay/smallbrickpile",
				"glazedbrick-burnt-*-gold": "bricklayers:block/clay/smallbrickpile_sparkly",
				"*": "bricklayers:block/clay/smallbrickpile_shiny"
			},
			"tessQuantityElements": 1,
			"stackingCapacity": 32,
			"transferQuantity": 1,
			"bulkTransferQuantity": 4,
			"collisionBox": { "x1": 0, "y1": 0, "z1": 0, "x2": 1, "y2": 0.25, "z2": 1 },
			"cbScaleYByLayer": 0.125,
			"maxFireable": 16
		}
	} ],
	"variantgroups": [
		{ "code": "type", "states": [ "wet", "raw", "burnt" ] },
		{ "code": "glazing", "states": [ "clear", "milky" ] },
		{ "code": "color", "states": [
			"black", "blue", "brown", "gold", "green", "greenblue", "lapislazuli",
			"malachite", "orange", "pink", "purple", "red", "redbrown", "white", "yellow" ] }
	],
	"materialDensity": 2600,
	"shapeByType": {
		"glazedbrick-wet-*": { "base": "bricklayers:item/brick" },
		"glazedbrick-raw-*": { "base": "bricklayers:item/brick" },
		"glazedbrick-burnt-*-gold": { "base": "bricklayers:item/brick_sparkly" },
		"*": { "base": "bricklayers:item/brick_shiny" }
	},
        "sounds": {
                "walk": "game:walk/stone",
                "place": "game:block/ceramicplace"
        },
	"texturesByType": {
		"glazedbrick-wet-clear-*": {
			"all": { "base": "bricklayers:block/ceramic/glazed/raw/clear/{color}", "overlays": [ "bricklayers:block/ceramic/glazed/wet_overlay" ] }
		},
		"glazedbrick-wet-milky-*": {
			"all": { "base": "bricklayers:block/ceramic/glazed/raw/milky/{color}", "overlays": [ "bricklayers:block/ceramic/glazed/wet_overlay" ] }
		},
		"glazedbrick-raw-*": {
			"all": { "base": "bricklayers:block/ceramic/glazed/raw/{glazing}/{color}" }
		},
		"glazedbrick-burnt-*": {
			"all": { "base": "bricklayers:block/ceramic/glazed/burnt/{glazing}/{color}" }
		}
	},
	"creativeinventory": { "general": ["*"], "items": ["*"], "construction": ["*"] },
	"transitionablePropsByType": {
		"glazedbrick-wet-*": [{
			"type": "Dry",
			"freshHours": { "avg": 0 },
			"transitionHours": { "avg": 32, "var": 3 },
			"transitionedStack": { "type": "item", "code": "bricklayers:glazedbrick-raw-{glazing}-{color}" },
			"transitionRatio": 1
		}]
	},
	"combustiblePropsByType": {
		"glazedbrick-raw-*" : {
			"meltingPoint": 975,
			"meltingDuration": 12,
			"smeltingType": "fire",
			"smeltedStack": { "type": "item", "code": "bricklayers:glazedbrick-burnt-{glazing}-{color}" },
			"requiresContainer": false
		}
	},
	"vertexFlagsByType": {
		"glazedbrick-wet-*": { },
		"glazedbrick-raw-*": { },
		"glazedbrick-burnt-*-gold": { "reflectiveMode": 3 },
		"glazedbrick-burnt-*": { "reflectiveMode": 2 }
	},
	"guiTransform": {
		"translation": { "x": 2, "y": 0, "z": 0 },
		"rotation": { "x": 164, "y": -37, "z": 1 },
		"origin": { "x": 0.5, "y": 0.2, "z": 0.5 },
		"scale": 2.78
	},
	"fpHandTransform": {
		"translation": { "x": 0, "y": 0.1, "z": 0 },
		"rotation": { "x": 111, "y": 69, "z": -57 },
		"origin": { "x": 0.5, "y": 0.1, "z": 0.5 },
		"scale": 1.57
	},
	"tpHandTransform": {
		"translation": { "x": 0, "y": 0, "z": 0 },
		"rotation": { "x": -17, "y": 8, "z": -19 },
		"origin": { "x": 0.14, "y": 0.04, "z": 0.18 },
		"scale": 0.46
	},
	"groundTransform": {
		"translation": { "x": 0, "y": 0, "z": 0 },
		"rotation": { "x": 0, "y": 0, "z": 0 },
		"origin": { "x": 0.5, "y": 0, "z": 0.5 },
		"scale": 3
	}
}
