{
	"code": "glazedrawtile",
	"behaviors": [
		{
		"name": "GroundStorable",
			"properties": {
			"layout": "Stacking",
			"placeRemoveSound": "game:sounds/block/ceramicplace",
			"stackingModel": "bricklayers:block/clay/tilepile",
			"collisionBox": { "x1": 0.0312, "y1": 0, "z1": 0.0312, "x2": 0.95, "y2": 0.0625, "z2": 0.95 },
			"cbScaleYByLayer": 1,
			"tessQuantityElements": 3,
			"stackingCapacity": 16,
			"transferQuantity": 1,
			"bulkTransferQuantity": 2,
			"maxFireable": 10
			}
		}
	],
	"attributes": {
		"handbook": { "groupBy": [ "glazedrawtile-raw-*", "glazedrawtile-burnt-*" ] }
	},
	"attributesByType": {
		"glazedrawtile-raw-*": { "handbook": { "extraSections": [ { "title": "game:handbook-item-usage", "text": "handbook-item-usage-glazedrawtile" } ] } },
		"glazedrawtile-burnt-clear-dull-*": { "handbook": { "extraSections": [ { "title": "game:handbook-item-usage", "text": "handbook-item-usage-glazedrawtile-dull" } ] } },
		"glazedrawtile-burnt-clear-polished-*": { "handbook": { "extraSections": [ { "title": "game:handbook-item-usage", "text": "handbook-item-usage-glazedrawtile-polished" } ] } }
	},
	"variantgroups": [
		{ "code": "type", "states": [ "wet", "raw", "burnt" ] },
		{ "code": "coating", "states": [ "clear" ] },
		{ "code": "edge", "states": [ "dull", "polished" ] },
		{ "code": "color", "states": [ "black", "blue", "brown", "green", "greenblue", "lapislazuli", "malachite", "orange", "purple", "red", "redbrown", "yellow", "white" ] }
	],
	"skipVariants": [ "glazedrawtile-wet-clear-polished-*", "glazedrawtile-raw-clear-polished-*" ],
	"shape": { "base": "bricklayers:block/basic/layers/05voxel_15" },
	"maxstacksize": 16,
	"blockmaterial": "Ceramic",
	"creativeinventory": { "general": ["*"], "decorative": ["*"], "ceramics": ["*"] },
	"transitionablePropsByType": {
		"glazedrawtile-wet-*": [{
			"type": "Dry",
			"freshHours": { "avg": 0 },
			"transitionHours": { "avg": 26, "var": 3 },
			"transitionedStack": { "type": "item", "code": "bricklayers:glazedrawtile-raw-clear-dull-{color}" },
			"transitionRatio": 1
		}]
	},
	"combustiblePropsByType": {
		"glazedrawtile-raw-*": {
			"meltingPoint": 1350,
			"meltingDuration": 30,
			"smeltedRatio": 1,
			"smeltingType": "fire",
			"smeltedStack": { "type": "item", "code": "bricklayers:glazedrawtile-burnt-clear-dull-{color}", "stacksize": 1 },
			"requiresContainer": false
		}
	},
	"replaceable": 900,
	"resistance": 1,
	"emitSideAo": { "all": false },
	"texturesbyType": {
		"glazedrawtile-wet-clear-dull-*": {
			"all": { "base": "bricklayers:block/ceramic/glazed/raw/clear/{color}", "overlays": [ "bricklayers:block/ceramic/glazed/wet_overlay" ] },
			"wood": { "base": "game:block/wood/debarked/oak" }
		},
		"glazedrawtile-raw-clear-dull-*": {
			"all": { "base": "bricklayers:block/ceramic/glazed/raw/clear/{color}" },
			"wood": { "base": "game:block/wood/debarked/oak" }
		},
		"glazedrawtile-burnt-clear-dull-*": {
			"all": { "base": "bricklayers:block/ceramic/glazed/burnt/tile/{color}" },
			"wood": { "base": "game:block/wood/debarked/oak" }
		},
		"*": {
			"all": { "base": "bricklayers:block/ceramic/glazed/burnt/tile/polished/{color}" },
			"wood": { "base": "game:block/wood/debarked/oak" }
		}
	},
	"sounds": {
		"place": "game:block/ceramicplace",
		"break": "game:block/rock-break-pickaxe",
		"hit": "game:block/rock-hit-pickaxe",
		"walk": "game:walk/stone"
	},
	"materialDensity": 6000,
	"fpHandTransform": {
		"translation": { "x": -0.35, "y": -0.15, "z": 0 },
		"rotation": { "x": 0, "y": 0, "z": 79 },
		"scale": 1.8
	},
	"guiTransform": {
		"translation": { "x": 0, "y": 3, "z": 0 },
		"rotation": { "x": -42, "y": 9, "z": 0 },
		"origin": { "x": 0.5, "y": 0.0312, "z": 0.5 }
        },
	"groundTransform": {
		"translation": { "x": 0, "y": 0, "z": 0 },
		"rotation": { "x": 0, "y": 90, "z": 0 },
		"origin": { "x": 0.5, "y": 0, "z": 0.5 },
		"scale": 3.2
	},
	"tpHandTransform": {
		"translation": { "x": -1.12, "y": 0.23, "z": -0.85 },
		"rotation": { "x": 94, "y": 0, "z": 0 },
		"origin": { "x": 0.5, "y": 0.1, "z": 0.5 },
		"scale": 0.48
	}
}
