{
	code: "metalchain",
	behaviors: [ { name: "CanAttach", properties: { sides: ["down"] } },
	 			 { name: "UnstableFalling", properties: { attachableFaces: ["up"],
				   impactDamageMul: 2,
				   attachmentAreas: {
					"up": { x1: 7, y1: 0, z1: 7, x2: 8, y2: 0, z2: 8 }
			}
		}
	  }
	 ],
	attributes: {
		ignoreServerReplaceableTest: true,
		handbook: {
			groupBy: ["metalchain-*"]
		}
	},
	variantgroups: [
		{ code: "metal", states: [ "brass", "molybdochalkos" ] }
	],
	creativeinventory: { "general": ["metalchain-*"], "decorative": ["metalchain-*"], "medieval": ["metalchain-*"] },	
	shape: { base: "block/metal/chain" },
	blockmaterial: "Metal",
	climbable: true,
	textures: {
		"metal": { base: "block/metal/chain/{metal}" }
	},
	drawtypeByType: {
		"metalchain-*": "JSON"
	},
	sidesolid: {
		all: false
	},
	sideopaque: { all: false },
	resistance: 3,
	lightAbsorption: 0,
	sounds: {
		"place": "block/metal/chain2",
		"hit": "block/metal/hit1",
		"break": "block/metal/chain1",
		"walk": "block/metal/chain3"
	},
	selectionboxbytype: {
		"metalchain-*": { x1: 0.4375, y1: 0, z1: 0.4375, x2: 0.5625, y2: 1, z2: 0.5625 }
	},
	selectionboxbytype: {
		"metalchain-*": { x1: 0.4375, y1: 0, z1: 0.4375, x2: 0.5625, y2: 1, z2: 0.5625 }
	},
	collisionboxbytype: {
		"metalchain-*": { x1: 0.4375, y1: 0, z1: 0.4375, x2: 0.5625, y2: 1, z2: 0.5625 }
	},
	materialDensity: 600,
	tpHandTransform: {
		translation: { x: -1.5, y: -1, z: -1.2 },
		rotation: { x: 5, y: -3, z: -96 },
		scale: 0.37
	},
	groundTransform: {
		translation: { x: 0, y: 0.05, z: 0 },
		rotation: { x: 90, y: -45, z: 0 },
		origin: { x: 0.5, y: 0, z: 0.5 },
		scale: 2.07
	},
		tpHandTransform: {
		translation: { x: -1.5, y: -1.2, z: -1.3 },
		rotation: { x: 5, y: -3, z: -96 },
		scale: 0.37
	}
}