{
	"code": "lantern_3",
	"storageFlags": 257,
	"behaviors": [
		{
			"name": "OmniAttachable",
			"properties": {
				"facingCode": "position",
				"attachmentAreas": {
					"down": {
						"x1": 7,
						"y1": 15,
						"z1": 7,
						"x2": 8,
						"y2": 15,
						"z2": 8
					},
					"up": {
						"x1": 4,
						"y1": 0,
						"z1": 4,
						"x2": 11,
						"y2": 0,
						"z2": 11
					},
					"north": {
						"x1": 7,
						"y1": 11,
						"z1": 0,
						"x2": 8,
						"y2": 13,
						"z2": 1
					},
					"east": {
						"x1": 7,
						"y1": 11,
						"z1": 0,
						"x2": 8,
						"y2": 13,
						"z2": 1,
						"rotateY": 90
					},
					"south": {
						"x1": 7,
						"y1": 11,
						"z1": 0,
						"x2": 8,
						"y2": 13,
						"z2": 1,
						"rotateY": 180
					},
					"west": {
						"x1": 7,
						"y1": 11,
						"z1": 0,
						"x2": 8,
						"y2": 13,
						"z2": 1,
						"rotateY": 270
					}
				}
			}
		},
		{ "name": "RightClickPickup" }
	],
	"heldRightTpIdleAnimation": "holdinglanternrighthand",
	"heldLeftTpIdleAnimation": "holdinglanternlefthand",

	"attributesByType": {
		"*-up": {
			"handbook": {
				"include": true,
				"extraSections": [
					{
						"title": "lantern-handbook-help-title",
						"text": "lantern-handbook-help-text"
					}
				]
			}
		},
		"*": {
			"handbook": { "exclude": true }
		}
	},
	"variantgroups": [
		{
			"code": "position",
			"states": [ "up", "down" ],
			"loadFromProperties": "abstract/horizontalorientation"
		}
	],
	"shapebytype": {
		"lantern_3-up": { "base": "block/metal/lanterns/lantern_3" },
		"lantern_3-down": { "base": "block/metal/lanterns/lantern_3h" },
		"lantern_3-north": {
			"base": "block/metal/lanterns/lantern_3w",
			"rotateY": 0
		},
		"lantern_3-east": {
			"base": "block/metal/lanterns/lantern_3w",
			"rotateY": 270
		},
		"lantern_3-south": {
			"base": "block/metal/lanterns/lantern_3w",
			"rotateY": 180
		},
		"lantern_3-west": {
			"base": "block/metal/lanterns/lantern_3w",
			"rotateY": 90
		}
	},
	"_comment": "Must declare textures so they get added to the block texture atlas",
	"creativeinventory": {
		"general": [ "*-up" ],
		"construction": [ "*-up" ],
		"medieval": [ "*-up" ]
	},
	"blockmaterial": "Metal",
	"lightAbsorption": 0,
	"lightHsv": [ 7, 3, 18 ],
	"sidesolid": {
		"all": false
	},
	"sideopaque": {
		"all": false
	},
	"replaceable": 500,
	"resistance": 1,
	"fpHandTransform": {
		"translation": {
			"x": 0.3,
			"y": -0.1,
			"z": 0
		},
		"rotation": {
			"x": 0,
			"y": -45,
			"z": 0
		},
		"scale": 1.18
	},
	"guiTransform": {
		"origin": {
			"x": 0.5,
			"y": 0.3,
			"z": 0.5
		},
		"scale": 1.5
	},
	"tpHandTransform": {
		"translation": {
			"x": -0.59,
			"y": -0.89,
			"z": -0.83
		},
		"rotation": {
			"x": 0,
			"y": -8,
			"z": -96
		},
		"scale": 0.55
	},
	"groundTransform": {
		"origin": {
			"x": 0.5,
			"y": 0,
			"z": 0.5
		},
		"scale": 2
	},
	"selectionboxbytype": {
		"*-up": {
			"x1": 0.25,
			"y1": 0,
			"z1": 0.25,
			"x2": 0.75,
			"y2": 0.75,
			"z2": 0.75
		},
		"*-down": {
			"x1": 0.25,
			"y1": 0,
			"z1": 0.25,
			"x2": 0.75,
			"y2": 1,
			"z2": 0.75
		},
		"*-east": {
			"x1": 0.25,
			"y1": 0,
			"z1": 0.25,
			"x2": 0.75,
			"y2": 0.875,
			"z2": 1,
			"rotateY": 270
		},
		"*-south": {
			"x1": 0.25,
			"y1": 0,
			"z1": 0.25,
			"x2": 0.75,
			"y2": 0.875,
			"z2": 1,
			"rotateY": 180
		},
		"*-west": {
			"x1": 0.25,
			"y1": 0,
			"z1": 0.25,
			"x2": 0.75,
			"y2": 0.875,
			"z2": 1,
			"rotateY": 90
		},
		"*-north": {
			"x1": 0.25,
			"y1": 0,
			"z1": 0.25,
			"x2": 0.75,
			"y2": 0.875,
			"z2": 1,
			"rotateY": 0
		}
	},
	"collisionboxbytype": {
		"*-up": {
			"x1": 0.25,
			"y1": 0,
			"z1": 0.25,
			"x2": 0.6875,
			"y2": 0.75,
			"z2": 0.75
		},
		"*-down": {
			"x1": 0.25,
			"y1": 0,
			"z1": 0.25,
			"x2": 0.75,
			"y2": 1,
			"z2": 0.75
		},
		"*-east": {
			"x1": 0.25,
			"y1": 0,
			"z1": 0.25,
			"x2": 0.75,
			"y2": 0.875,
			"z2": 1,
			"rotateY": 270
		},
		"*-south": {
			"x1": 0.25,
			"y1": 0,
			"z1": 0.25,
			"x2": 0.75,
			"y2": 0.875,
			"z2": 1,
			"rotateY": 180
		},
		"*-west": {
			"x1": 0.25,
			"y1": 0,
			"z1": 0.25,
			"x2": 0.75,
			"y2": 0.875,
			"z2": 1,
			"rotateY": 90
		},
		"*-north": {
			"x1": 0.25,
			"y1": 0,
			"z1": 0.25,
			"x2": 0.75,
			"y2": 0.875,
			"z2": 1,
			"rotateY": 0
		}
	}
}