{
	"editor": {
		"allAngles": false,
		"entityTextureMode": false
	},
	"textureWidth": 12,
	"textureHeight": 12,
	"textures": {
		"raw-onion": "block/wood/barrel/raw-onion"
	},
	"elements": [
		{
			"name": "group",
			"from": [ 0.0, 0.0, 0.0 ], 
			"to": [ 0.0, 0.0, 0.0 ], 
			"rotationOrigin": [ 8.0, 8.0, 8.0 ],
			"faces": {
				"north": { "texture": "#", "uv": [ 0.0, 0.0, 0.0, 0.0 ] },
				"east": { "texture": "#", "uv": [ 0.0, 0.0, 0.0, 0.0 ] },
				"south": { "texture": "#", "uv": [ 0.0, 0.0, 0.0, 0.0 ] },
				"west": { "texture": "#", "uv": [ 0.0, 0.0, 0.0, 0.0 ] },
				"up": { "texture": "#", "uv": [ 0.0, 0.0, 0.0, 0.0 ] },
				"down": { "texture": "#", "uv": [ 0.0, 0.0, 0.0, 0.0 ] }
			},
			"children": [
				{
					"name": "cube0",
					"from": [ 4.25, 1.1, 2.0 ], 
					"to": [ 11.75, 2.1, 3.0 ], 
					"faces": {
						"north": { "texture": "#raw-onion", "uv": [ 0.0, 0.0, 0.0, 0.0 ], "enabled": false, "autoUv": false },
						"east": { "texture": "#raw-onion", "uv": [ 0.0, 0.0, 0.0, 0.0 ], "enabled": false, "autoUv": false },
						"south": { "texture": "#raw-onion", "uv": [ 0.0, 0.0, 0.0, 0.0 ], "enabled": false, "autoUv": false },
						"west": { "texture": "#raw-onion", "uv": [ 0.0, 0.0, 0.0, 0.0 ], "enabled": false, "autoUv": false },
						"up": { "texture": "#raw-onion", "uv": [ 4.0, 0.0, 11.5, 1.0 ], "autoUv": false },
						"down": { "texture": "#raw-onion", "uv": [ 0.0, 0.0, 0.0, 0.0 ], "enabled": false, "autoUv": false }
					}
				},
				{
					"name": "cube1",
					"from": [ 3.25, 1.1, 3.0 ], 
					"to": [ 12.75, 2.1, 4.0 ], 
					"faces": {
						"north": { "texture": "#raw-onion", "uv": [ 0.0, 0.0, 0.0, 0.0 ], "enabled": false, "autoUv": false },
						"east": { "texture": "#raw-onion", "uv": [ 0.0, 0.0, 0.0, 0.0 ], "enabled": false, "autoUv": false },
						"south": { "texture": "#raw-onion", "uv": [ 0.0, 0.0, 0.0, 0.0 ], "enabled": false, "autoUv": false },
						"west": { "texture": "#raw-onion", "uv": [ 0.0, 0.0, 0.0, 0.0 ], "enabled": false, "autoUv": false },
						"up": { "texture": "#raw-onion", "uv": [ 2.5, 1.0, 12.0, 2.0 ], "autoUv": false },
						"down": { "texture": "#raw-onion", "uv": [ 0.0, 0.0, 0.0, 0.0 ], "enabled": false, "autoUv": false }
					}
				},
				{
					"name": "cube2",
					"from": [ 2.25, 1.1, 4.0 ], 
					"to": [ 13.75, 2.1, 5.0 ], 
					"faces": {
						"north": { "texture": "#raw-onion", "uv": [ 0.0, 0.0, 0.0, 0.0 ], "enabled": false, "autoUv": false },
						"east": { "texture": "#raw-onion", "uv": [ 0.0, 0.0, 0.0, 0.0 ], "enabled": false, "autoUv": false },
						"south": { "texture": "#raw-onion", "uv": [ 0.0, 0.0, 0.0, 0.0 ], "enabled": false, "autoUv": false },
						"west": { "texture": "#raw-onion", "uv": [ 0.0, 0.0, 0.0, 0.0 ], "enabled": false, "autoUv": false },
						"up": { "texture": "#raw-onion", "uv": [ 0.5, 2.0, 12.0, 3.0 ], "autoUv": false },
						"down": { "texture": "#raw-onion", "uv": [ 0.0, 0.0, 0.0, 0.0 ], "enabled": false, "autoUv": false }
					}
				},
				{
					"name": "cube3",
					"from": [ 1.75, 1.1, 5.0 ], 
					"to": [ 14.25, 2.1, 6.0 ], 
					"rotationOrigin": [ 0.25, 0.0, 0.0 ],
					"faces": {
						"north": { "texture": "#raw-onion", "uv": [ 0.0, 0.0, 0.0, 0.0 ], "enabled": false, "autoUv": false },
						"east": { "texture": "#raw-onion", "uv": [ 0.0, 0.0, 0.0, 0.0 ], "enabled": false, "autoUv": false },
						"south": { "texture": "#raw-onion", "uv": [ 0.0, 0.0, 0.0, 0.0 ], "enabled": false, "autoUv": false },
						"west": { "texture": "#raw-onion", "uv": [ 0.0, 0.0, 0.0, 0.0 ], "enabled": false, "autoUv": false },
						"up": { "texture": "#raw-onion", "uv": [ 0.0, 3.0, 12.5, 4.0 ], "autoUv": false },
						"down": { "texture": "#raw-onion", "uv": [ 0.0, 0.0, 0.0, 0.0 ], "enabled": false, "autoUv": false }
					}
				},
				{
					"name": "cube4",
					"from": [ 1.75, 1.1, 6.0 ], 
					"to": [ 14.25, 2.1, 10.0 ], 
					"rotationOrigin": [ 0.25, 0.0, 0.0 ],
					"faces": {
						"north": { "texture": "#raw-onion", "uv": [ 0.0, 0.0, 0.0, 0.0 ], "enabled": false, "autoUv": false },
						"east": { "texture": "#raw-onion", "uv": [ 0.0, 0.0, 0.0, 0.0 ], "enabled": false, "autoUv": false },
						"south": { "texture": "#raw-onion", "uv": [ 0.0, 0.0, 0.0, 0.0 ], "enabled": false, "autoUv": false },
						"west": { "texture": "#raw-onion", "uv": [ 0.0, 0.0, 0.0, 0.0 ], "enabled": false, "autoUv": false },
						"up": { "texture": "#raw-onion", "uv": [ 1.5, 4.0, 14.0, 8.0 ], "autoUv": false },
						"down": { "texture": "#raw-onion", "uv": [ 0.0, 0.0, 0.0, 0.0 ], "enabled": false, "autoUv": false }
					}
				},
				{
					"name": "cube5",
					"from": [ 1.75, 1.1, 10.0 ], 
					"to": [ 14.25, 2.1, 11.0 ], 
					"rotationOrigin": [ 0.25, 0.0, 0.0 ],
					"faces": {
						"north": { "texture": "#raw-onion", "uv": [ 0.0, 0.0, 0.0, 0.0 ], "enabled": false, "autoUv": false },
						"east": { "texture": "#raw-onion", "uv": [ 0.0, 0.0, 0.0, 0.0 ], "enabled": false, "autoUv": false },
						"south": { "texture": "#raw-onion", "uv": [ 0.0, 0.0, 0.0, 0.0 ], "enabled": false, "autoUv": false },
						"west": { "texture": "#raw-onion", "uv": [ 0.0, 0.0, 0.0, 0.0 ], "enabled": false, "autoUv": false },
						"up": { "texture": "#raw-onion", "uv": [ 1.5, 8.0, 14.0, 9.0 ], "autoUv": false },
						"down": { "texture": "#raw-onion", "uv": [ 0.0, 0.0, 0.0, 0.0 ], "enabled": false, "autoUv": false }
					}
				},
				{
					"name": "cube6",
					"from": [ 2.25, 1.1, 11.0 ], 
					"to": [ 13.75, 2.1, 12.0 ], 
					"faces": {
						"north": { "texture": "#raw-onion", "uv": [ 0.0, 0.0, 0.0, 0.0 ], "enabled": false, "autoUv": false },
						"east": { "texture": "#raw-onion", "uv": [ 0.0, 0.0, 0.0, 0.0 ], "enabled": false, "autoUv": false },
						"south": { "texture": "#raw-onion", "uv": [ 0.0, 0.0, 0.0, 0.0 ], "enabled": false, "autoUv": false },
						"west": { "texture": "#raw-onion", "uv": [ 0.0, 0.0, 0.0, 0.0 ], "enabled": false, "autoUv": false },
						"up": { "texture": "#raw-onion", "uv": [ 2.0, 9.0, 13.5, 10.0 ], "autoUv": false },
						"down": { "texture": "#raw-onion", "uv": [ 0.0, 0.0, 0.0, 0.0 ], "enabled": false, "autoUv": false }
					}
				},
				{
					"name": "cube7",
					"from": [ 3.25, 1.1, 12.0 ], 
					"to": [ 12.75, 2.1, 13.0 ], 
					"faces": {
						"north": { "texture": "#raw-onion", "uv": [ 0.0, 0.0, 0.0, 0.0 ], "enabled": false, "autoUv": false },
						"east": { "texture": "#raw-onion", "uv": [ 0.0, 0.0, 0.0, 0.0 ], "enabled": false, "autoUv": false },
						"south": { "texture": "#raw-onion", "uv": [ 0.0, 0.0, 0.0, 0.0 ], "enabled": false, "autoUv": false },
						"west": { "texture": "#raw-onion", "uv": [ 0.0, 0.0, 0.0, 0.0 ], "enabled": false, "autoUv": false },
						"up": { "texture": "#raw-onion", "uv": [ 3.0, 10.0, 12.5, 11.0 ], "autoUv": false },
						"down": { "texture": "#raw-onion", "uv": [ 0.0, 0.0, 0.0, 0.0 ], "enabled": false, "autoUv": false }
					}
				},
				{
					"name": "cube8",
					"from": [ 4.25, 1.1, 13.0 ], 
					"to": [ 11.75, 2.1, 14.0 ], 
					"faces": {
						"north": { "texture": "#raw-onion", "uv": [ 0.0, 0.0, 0.0, 0.0 ], "enabled": false, "autoUv": false },
						"east": { "texture": "#raw-onion", "uv": [ 0.0, 0.0, 0.0, 0.0 ], "enabled": false, "autoUv": false },
						"south": { "texture": "#raw-onion", "uv": [ 0.0, 0.0, 0.0, 0.0 ], "enabled": false, "autoUv": false },
						"west": { "texture": "#raw-onion", "uv": [ 0.0, 0.0, 0.0, 0.0 ], "enabled": false, "autoUv": false },
						"up": { "texture": "#raw-onion", "uv": [ 4.0, 11.0, 11.5, 12.0 ], "autoUv": false },
						"down": { "texture": "#raw-onion", "uv": [ 0.0, 0.0, 0.0, 0.0 ], "enabled": false, "autoUv": false }
					}
				}
			]
		}
	]}