{
	"editor": {
		"allAngles": false,
		"entityTextureMode": false
	},
	"textureWidth": 16,
	"textureHeight": 16,
	"textures": {
		"0": "block/wood/debarked/barrel/side/oak",
		"top-empty": "block/wood/barrel/top-empty"
	},
	"elements": [
		{
			"name": "group",
			"from": [ 0.0, 0.0, 0.0 ],
			"to": [ 0.0, 0.0, 0.0 ],
			"rotationOrigin": [ 8.0, 8.0, 8.0 ],
			"faces": {
				"north": { "texture": "#", "uv": [ 0.0, 0.0, 0.0, 0.0 ] },
				"east": { "texture": "#", "uv": [ 0.0, 0.0, 0.0, 0.0 ] },
				"south": { "texture": "#", "uv": [ 0.0, 0.0, 0.0, 0.0 ] },
				"west": { "texture": "#", "uv": [ 0.0, 0.0, 0.0, 0.0 ] },
				"up": { "texture": "#", "uv": [ 0.0, 0.0, 0.0, 0.0 ] },
				"down": { "texture": "#", "uv": [ 0.0, 0.0, 0.0, 0.0 ] }
			},
			"children": [
				{
					"name": "cube0",
					"from": [ 5.1005, -0.01, 1.0 ],
					"to": [ 10.8995, 15.01, 2.5 ],
					"rotationOrigin": [ 8.0, 7.0, 8.0 ],
					"faces": {
						"north": { "texture": "#0", "uv": [ 0.0, 0.5, 3.0, 8.0 ], "autoUv": false },
						"east": { "texture": "#0", "uv": [ 9.0, 0.5, 9.75, 8.0 ], "autoUv": false },
						"south": { "texture": "#0", "uv": [ 0.0, 8.5, 3.0, 16.0 ], "autoUv": false },
						"west": { "texture": "#0", "uv": [ 9.0, 0.5, 9.75, 8.0 ], "autoUv": false },
						"up": { "texture": "#0", "uv": [ 1.0, 5.75, 1.75, 2.75 ], "rotation": 90, "autoUv": false },
						"down": { "texture": "#0", "uv": [ 0.25, 8.25, 1.0, 11.25 ], "rotation": 270, "autoUv": false }
					}
				},
				{
					"name": "cube1",
					"from": [ 4.8934, 1.99, 0.5 ],
					"to": [ 11.1066, 13.01, 1.0 ],
					"rotationOrigin": [ 8.0, 9.0, 8.0 ],
					"faces": {
						"north": { "texture": "#0", "uv": [ 0.0, 1.5, 3.0, 7.0 ], "autoUv": false },
						"east": { "texture": "#0", "uv": [ 0.25, 1.5, 0.5, 7.0 ], "autoUv": false },
						"west": { "texture": "#0", "uv": [ 0.25, 1.5, 0.5, 7.0 ], "autoUv": false },
						"up": { "texture": "#0", "uv": [ 0.0, 1.5, 3.0, 1.75 ], "autoUv": false },
						"down": { "texture": "#0", "uv": [ 0.0, 6.75, 3.0, 7.0 ], "autoUv": false }
					}
				},
				{
					"name": "cube2",
					"from": [ 5.1005, 0.0, 1.0 ],
					"to": [ 10.8995, 15.0, 2.5 ],
					"rotationOrigin": [ 8.0, 7.0, 8.0 ],
					"rotationY": 45.0,
					"faces": {
						"north": { "texture": "#0", "uv": [ 3.0, 0.5, 6.0, 8.0 ], "autoUv": false },
						"east": { "texture": "#0", "uv": [ 9.0, 0.5, 9.75, 8.0 ], "autoUv": false },
						"south": { "texture": "#0", "uv": [ 0.0, 8.5, 3.0, 16.0 ], "autoUv": false },
						"west": { "texture": "#0", "uv": [ 9.0, 0.5, 9.75, 8.0 ], "autoUv": false },
						"up": { "texture": "#0", "uv": [ 2.5, 5.75, 3.25, 2.75 ], "rotation": 90, "autoUv": false },
						"down": { "texture": "#0", "uv": [ 0.25, 8.25, 1.0, 11.25 ], "rotation": 270, "autoUv": false }
					}
				},
				{
					"name": "cube3",
					"from": [ 1.0, -0.01, 5.1005 ],
					"to": [ 2.5, 15.01, 10.8995 ],
					"rotationOrigin": [ 8.0, 7.0, 8.0 ],
					"faces": {
						"north": { "texture": "#0", "uv": [ 9.0, 0.5, 9.75, 8.0 ], "autoUv": false },
						"east": { "texture": "#0", "uv": [ 0.0, 8.5, 3.0, 16.0 ], "autoUv": false },
						"south": { "texture": "#0", "uv": [ 9.0, 0.5, 9.75, 8.0 ], "autoUv": false },
						"west": { "texture": "#0", "uv": [ 6.0, 0.5, 9.0, 8.0 ], "autoUv": false },
						"up": { "texture": "#0", "uv": [ 6.25, 3.0, 5.5, 6.0 ], "autoUv": false },
						"down": { "texture": "#0", "uv": [ 0.25, 8.25, 1.0, 11.25 ], "autoUv": false }
					}
				},
				{
					"name": "cube4",
					"from": [ 1.0, 0.0, 5.1005 ],
					"to": [ 2.5, 15.0, 10.8995 ],
					"rotationOrigin": [ 8.0, 7.0, 8.0 ],
					"rotationY": 45.0,
					"faces": {
						"north": { "texture": "#0", "uv": [ 9.0, 0.5, 9.75, 8.0 ], "autoUv": false },
						"east": { "texture": "#0", "uv": [ 0.0, 8.5, 3.0, 16.0 ], "autoUv": false },
						"south": { "texture": "#0", "uv": [ 9.0, 0.5, 9.75, 8.0 ], "autoUv": false },
						"west": { "texture": "#0", "uv": [ 0.0, 0.5, 3.0, 8.0 ], "autoUv": false },
						"up": { "texture": "#0", "uv": [ 7.75, 3.25, 7.0, 6.25 ], "autoUv": false },
						"down": { "texture": "#0", "uv": [ 0.25, 8.25, 1.0, 11.25 ], "autoUv": false }
					}
				},
				{
					"name": "cube5",
					"from": [ 5.1005, -0.01, 13.5 ],
					"to": [ 10.8995, 15.01, 15.0 ],
					"rotationOrigin": [ 8.0, 7.0, 8.0 ],
					"faces": {
						"north": { "texture": "#0", "uv": [ 0.0, 8.5, 3.0, 16.0 ], "autoUv": false },
						"east": { "texture": "#0", "uv": [ 9.0, 0.5, 9.75, 8.0 ], "autoUv": false },
						"south": { "texture": "#0", "uv": [ 3.0, 0.5, 6.0, 8.0 ], "autoUv": false },
						"west": { "texture": "#0", "uv": [ 9.0, 0.5, 9.75, 8.0 ], "autoUv": false },
						"up": { "texture": "#0", "uv": [ 1.0, 5.75, 1.75, 2.75 ], "rotation": 90, "autoUv": false },
						"down": { "texture": "#0", "uv": [ 0.25, 8.25, 1.0, 11.25 ], "rotation": 90, "autoUv": false }
					}
				},
				{
					"name": "cube6",
					"from": [ 5.1005, 0.0, 13.5 ],
					"to": [ 10.8995, 15.0, 15.0 ],
					"rotationOrigin": [ 8.0, 7.0, 8.0 ],
					"rotationY": 45.0,
					"faces": {
						"north": { "texture": "#0", "uv": [ 0.0, 8.5, 3.0, 16.0 ], "autoUv": false },
						"east": { "texture": "#0", "uv": [ 9.0, 0.5, 9.75, 8.0 ], "autoUv": false },
						"south": { "texture": "#0", "uv": [ 6.0, 0.5, 9.0, 8.0 ], "autoUv": false },
						"west": { "texture": "#0", "uv": [ 9.0, 0.5, 9.75, 8.0 ], "autoUv": false },
						"up": { "texture": "#0", "uv": [ 4.0, 5.75, 4.75, 2.75 ], "rotation": 90, "autoUv": false },
						"down": { "texture": "#0", "uv": [ 0.25, 8.25, 1.0, 11.25 ], "rotation": 90, "autoUv": false }
					}
				},
				{
					"name": "cube7",
					"from": [ 13.5, -0.01, 5.1005 ],
					"to": [ 15.0, 15.01, 10.8995 ],
					"rotationOrigin": [ 8.0, 7.0, 8.0 ],
					"faces": {
						"north": { "texture": "#0", "uv": [ 9.0, 0.5, 9.75, 8.0 ], "autoUv": false },
						"east": { "texture": "#0", "uv": [ 3.0, 0.5, 6.0, 8.0 ], "autoUv": false },
						"south": { "texture": "#0", "uv": [ 9.0, 0.5, 9.75, 8.0 ], "autoUv": false },
						"west": { "texture": "#0", "uv": [ 0.0, 8.5, 3.0, 16.0 ], "autoUv": false },
						"up": { "texture": "#0", "uv": [ 6.25, 3.0, 5.5, 6.0 ], "autoUv": false },
						"down": { "texture": "#0", "uv": [ 0.25, 8.25, 1.0, 11.25 ], "rotation": 180, "autoUv": false }
					}
				},
				{
					"name": "cube8",
					"from": [ 13.5, 0.0, 5.1005 ],
					"to": [ 15.0, 15.0, 10.8995 ],
					"rotationOrigin": [ 8.0, 7.0, 8.0 ],
					"rotationY": 45.0,
					"faces": {
						"north": { "texture": "#0", "uv": [ 9.0, 0.5, 9.75, 8.0 ], "autoUv": false },
						"east": { "texture": "#0", "uv": [ 6.0, 0.5, 9.0, 8.0 ], "autoUv": false },
						"south": { "texture": "#0", "uv": [ 9.0, 0.5, 9.75, 8.0 ], "autoUv": false },
						"west": { "texture": "#0", "uv": [ 0.0, 8.5, 3.0, 16.0 ], "autoUv": false },
						"up": { "texture": "#0", "uv": [ 7.75, 2.75, 7.0, 5.75 ], "autoUv": false },
						"down": { "texture": "#0", "uv": [ 0.25, 8.25, 1.0, 11.25 ], "rotation": 180, "autoUv": false }
					}
				},
				{
					"name": "cube9",
					"from": [ 2.0, 0.25, 2.0 ],
					"to": [ 14.0, 1.0, 14.0 ],
					"faces": {
						"up": { "texture": "#0", "uv": [ 8.0, 8.0, 16.0, 16.0 ], "autoUv": false },
						"down": { "texture": "#0", "uv": [ 8.0, 8.0, 16.0, 16.0 ], "autoUv": false }
					}
				},
				{
					"name": "cube12",
					"from": [ 4.8934, 2.0, 0.5 ],
					"to": [ 11.1066, 13.0, 1.0 ],
					"rotationOrigin": [ 8.0, 9.0, 8.0 ],
					"rotationY": 45.0,
					"faces": {
						"north": { "texture": "#0", "uv": [ 3.0, 1.5, 6.0, 7.0 ], "autoUv": false },
						"east": { "texture": "#0", "uv": [ 0.25, 1.5, 0.5, 7.0 ], "autoUv": false },
						"west": { "texture": "#0", "uv": [ 0.25, 1.5, 0.5, 7.0 ], "autoUv": false },
						"up": { "texture": "#0", "uv": [ 0.0, 1.5, 3.0, 1.75 ], "autoUv": false },
						"down": { "texture": "#0", "uv": [ 0.0, 6.75, 3.0, 7.0 ], "autoUv": false }
					}
				},
				{
					"name": "cube13",
					"from": [ 0.5, 1.99, 4.8934 ],
					"to": [ 1.0, 13.01, 11.1066 ],
					"rotationOrigin": [ 8.0, 9.0, 8.0 ],
					"faces": {
						"north": { "texture": "#0", "uv": [ 0.25, 1.5, 0.5, 7.0 ], "autoUv": false },
						"south": { "texture": "#0", "uv": [ 0.25, 1.5, 0.5, 7.0 ], "autoUv": false },
						"west": { "texture": "#0", "uv": [ 6.0, 1.5, 9.0, 7.0 ], "autoUv": false },
						"up": { "texture": "#0", "uv": [ 0.0, 1.5, 3.0, 1.75 ], "rotation": 270, "autoUv": false },
						"down": { "texture": "#0", "uv": [ 0.0, 6.75, 3.0, 7.0 ], "rotation": 90, "autoUv": false }
					}
				},
				{
					"name": "cube14",
					"from": [ 0.5, 2.0, 4.8934 ],
					"to": [ 1.0, 13.0, 11.1066 ],
					"rotationOrigin": [ 8.0, 9.0, 8.0 ],
					"rotationY": 45.0,
					"faces": {
						"north": { "texture": "#0", "uv": [ 0.25, 1.5, 0.5, 7.0 ], "autoUv": false },
						"south": { "texture": "#0", "uv": [ 0.25, 1.5, 0.5, 7.0 ], "autoUv": false },
						"west": { "texture": "#0", "uv": [ 0.0, 1.5, 3.0, 7.0 ], "autoUv": false },
						"up": { "texture": "#0", "uv": [ 0.0, 1.5, 3.0, 1.75 ], "rotation": 270, "autoUv": false },
						"down": { "texture": "#0", "uv": [ 0.0, 6.75, 3.0, 7.0 ], "rotation": 90, "autoUv": false }
					}
				},
				{
					"name": "cube15",
					"from": [ 4.8934, 1.99, 15.0 ],
					"to": [ 11.1066, 13.01, 15.5 ],
					"rotationOrigin": [ 8.0, 9.0, 8.0 ],
					"faces": {
						"east": { "texture": "#0", "uv": [ 0.25, 1.5, 0.5, 7.0 ], "autoUv": false },
						"south": { "texture": "#0", "uv": [ 3.0, 1.5, 6.0, 7.0 ], "autoUv": false },
						"west": { "texture": "#0", "uv": [ 0.25, 1.5, 0.5, 7.0 ], "autoUv": false },
						"up": { "texture": "#0", "uv": [ 0.0, 1.5, 3.0, 1.75 ], "rotation": 180, "autoUv": false },
						"down": { "texture": "#0", "uv": [ 0.0, 6.75, 3.0, 7.0 ], "rotation": 180, "autoUv": false }
					}
				},
				{
					"name": "cube16",
					"from": [ 4.8934, 2.0, 15.0 ],
					"to": [ 11.1066, 13.0, 15.5 ],
					"rotationOrigin": [ 8.0, 9.0, 8.0 ],
					"rotationY": 45.0,
					"faces": {
						"east": { "texture": "#0", "uv": [ 0.25, 1.5, 0.5, 7.0 ], "autoUv": false },
						"south": { "texture": "#0", "uv": [ 6.0, 1.5, 9.0, 7.0 ], "autoUv": false },
						"west": { "texture": "#0", "uv": [ 0.25, 1.5, 0.5, 7.0 ], "autoUv": false },
						"up": { "texture": "#0", "uv": [ 0.0, 1.5, 3.0, 1.75 ], "rotation": 180, "autoUv": false },
						"down": { "texture": "#0", "uv": [ 0.0, 6.75, 3.0, 7.0 ], "rotation": 180, "autoUv": false }
					}
				},
				{
					"name": "cube17",
					"from": [ 15.0, 1.99, 4.8934 ],
					"to": [ 15.5, 13.01, 11.1066 ],
					"rotationOrigin": [ 8.0, 9.0, 8.0 ],
					"faces": {
						"north": { "texture": "#0", "uv": [ 0.25, 1.5, 0.5, 7.0 ], "autoUv": false },
						"east": { "texture": "#0", "uv": [ 3.0, 1.5, 6.0, 7.0 ], "autoUv": false },
						"south": { "texture": "#0", "uv": [ 0.25, 1.5, 0.5, 7.0 ], "autoUv": false },
						"up": { "texture": "#0", "uv": [ 0.0, 1.5, 3.0, 1.75 ], "rotation": 90, "autoUv": false },
						"down": { "texture": "#0", "uv": [ 0.0, 6.75, 3.0, 7.0 ], "rotation": 270, "autoUv": false }
					}
				},
				{
					"name": "cube18",
					"from": [ 15.0, 2.0, 4.8934 ],
					"to": [ 15.5, 13.0, 11.1066 ],
					"rotationOrigin": [ 8.0, 9.0, 8.0 ],
					"rotationY": 45.0,
					"faces": {
						"north": { "texture": "#0", "uv": [ 0.25, 1.5, 0.5, 7.0 ], "autoUv": false },
						"east": { "texture": "#0", "uv": [ 6.0, 1.5, 9.0, 7.0 ], "autoUv": false },
						"south": { "texture": "#0", "uv": [ 0.25, 1.5, 0.5, 7.0 ], "autoUv": false },
						"up": { "texture": "#0", "uv": [ 0.0, 1.5, 3.0, 1.75 ], "rotation": 90, "autoUv": false },
						"down": { "texture": "#0", "uv": [ 0.0, 6.75, 3.0, 7.0 ], "rotation": 270, "autoUv": false }
					}
				},
				{
					"name": "food",
					"from": [ 0.0, 11.0, 0.0 ],
					"to": [ 0.0, 11.0, 0.0 ],
					"rotationOrigin": [ 8.0, 19.0, 8.0 ],
					"faces": {
						"north": { "texture": "#", "uv": [ 0.0, 0.0, 0.5, 0.5 ] },
						"east": { "texture": "#", "uv": [ 0.0, 0.0, 0.5, 0.5 ] },
						"south": { "texture": "#", "uv": [ 0.0, 0.0, 0.5, 0.5 ] },
						"west": { "texture": "#", "uv": [ 0.0, 0.0, 0.5, 0.5 ] },
						"up": { "texture": "#", "uv": [ 0.0, 0.0, 0.5, 0.5 ] },
						"down": { "texture": "#", "uv": [ 0.0, 0.0, 0.5, 0.5 ] }
					},
					"children": [
						{
							"name": "cube022",
							"from": [ 4.25, 1.1, 2.0 ],
							"to": [ 11.75, 2.1, 3.0 ],
							"faces": {
								"up": { "texture": "#top-poultry", "uv": [ 4.0, 0.0, 11.5, 1.0 ], "autoUv": false }
							}
						},
						{
							"name": "cube122",
							"from": [ 3.25, 1.1, 3.0 ],
							"to": [ 12.75, 2.1, 4.0 ],
							"faces": {
								"up": { "texture": "#top-poultry", "uv": [ 2.5, 1.0, 12.0, 2.0 ], "autoUv": false }
							}
						},
						{
							"name": "cube222",
							"from": [ 2.25, 1.1, 4.0 ],
							"to": [ 13.75, 2.1, 5.0 ],
							"faces": {
								"up": { "texture": "#top-poultry", "uv": [ 0.5, 2.0, 12.0, 3.0 ], "autoUv": false }
							}
						},
						{
							"name": "cube322",
							"from": [ 1.75, 1.1, 5.0 ],
							"to": [ 14.25, 2.1, 6.0 ],
							"rotationOrigin": [ 0.25, 0.0, 0.0 ],
							"faces": {
								"up": { "texture": "#top-poultry", "uv": [ 0.0, 3.0, 12.5, 4.0 ], "autoUv": false }
							}
						},
						{
							"name": "cube422",
							"from": [ 1.75, 1.1, 6.0 ],
							"to": [ 14.25, 2.1, 10.0 ],
							"rotationOrigin": [ 0.25, 0.0, 0.0 ],
							"faces": {
								"up": { "texture": "#top-poultry", "uv": [ 1.5, 4.0, 14.0, 8.0 ], "autoUv": false }
							}
						},
						{
							"name": "cube522",
							"from": [ 1.75, 1.1, 10.0 ],
							"to": [ 14.25, 2.1, 11.0 ],
							"rotationOrigin": [ 0.25, 0.0, 0.0 ],
							"faces": {
								"up": { "texture": "#top-poultry", "uv": [ 1.5, 8.0, 14.0, 9.0 ], "autoUv": false }
							}
						},
						{
							"name": "cube622",
							"from": [ 2.25, 1.1, 11.0 ],
							"to": [ 13.75, 2.1, 12.0 ],
							"faces": {
								"up": { "texture": "#top-poultry", "uv": [ 2.0, 9.0, 13.5, 10.0 ], "autoUv": false }
							}
						},
						{
							"name": "cube722",
							"from": [ 3.25, 1.1, 12.0 ],
							"to": [ 12.75, 2.1, 13.0 ],
							"faces": {
								"up": { "texture": "#top-poultry", "uv": [ 3.0, 10.0, 12.5, 11.0 ], "autoUv": false }
							}
						},
						{
							"name": "cube822",
							"from": [ 4.25, 1.1, 13.0 ],
							"to": [ 11.75, 2.1, 14.0 ],
							"faces": {
								"up": { "texture": "#top-poultry", "uv": [ 4.0, 11.0, 11.5, 12.0 ], "autoUv": false }
							}
						}
					]
				}
			]
		}
	]}