{
	"editor": {
		"allAngles": true,
		"entityTextureMode": false
	},
	"textureWidth": 16,
	"textureHeight": 16,
	"textureSizes": {
	},
	"textures": {
	},
	"elements": [
		{
			"name": "origin",
			"from": [ 14.0, 8.0, 8.0 ], 
			"to": [ 14.0, 8.0, 8.0 ], 
			"rotationOrigin": [ 8.0, 8.2, 8.0 ],
			"faces": {
				"north": { "texture": "#string", "uv": [ 0.0, 0.0, 0.5, 0.5 ] },
				"east": { "texture": "#string", "uv": [ 0.0, 0.0, 0.5, 0.5 ] },
				"south": { "texture": "#string", "uv": [ 0.0, 0.0, 0.5, 0.5 ] },
				"west": { "texture": "#string", "uv": [ 0.0, 0.0, 0.5, 0.5 ] },
				"up": { "texture": "#string", "uv": [ 0.0, 0.0, 0.5, 0.5 ] },
				"down": { "texture": "#string", "uv": [ 0.0, 0.0, 0.5, 0.5 ] }
			},
			"children": [
				{
					"name": "handle 1",
					"from": [ -20.0, -0.31, -0.4 ], 
					"to": [ 7.0, 0.74, 0.8 ], 
					"rotationOrigin": [ -19.5, 0.2, 0.1 ],
					"faces": {
						"north": { "texture": "#handle", "uv": [ -5.0, 5.5, 22.0, 6.5 ] },
						"east": { "texture": "#handle", "uv": [ 0.5, 0.5, 1.5, 1.5 ] },
						"south": { "texture": "#handle", "uv": [ 0.0, 10.5, 27.0, 11.5 ] },
						"west": { "texture": "#handle", "uv": [ 14.0, 10.0, 15.0, 11.0 ], "windMode": [-1,-1,-1,-1] },
						"up": { "texture": "#handle", "uv": [ 0.0, 4.5, 27.0, 5.5 ] },
						"down": { "texture": "#handle", "uv": [ 0.0, 5.0, 27.0, 6.0 ] }
					}
				},
				{
					"name": "socket",
					"from": [ 5.1, -0.45, -1.2 ], 
					"to": [ 7.6, 0.95, 1.5 ], 
					"rotationOrigin": [ 5.1, -0.4, -1.2 ],
					"faces": {
						"north": { "texture": "#material", "uv": [ 6.5, 5.5, 9.0, 6.5 ], "enabled": false },
						"east": { "texture": "#material", "uv": [ 1.0, 2.0, 3.5, 3.0 ] },
						"south": { "texture": "#material", "uv": [ 14.5, 5.0, 15.5, 7.5 ], "rotation": 90 },
						"west": { "texture": "#material", "uv": [ 6.0, 2.0, 8.5, 3.0 ] },
						"up": { "texture": "#material", "uv": [ 12.5, 4.0, 15.0, 6.5 ], "rotation": 90 },
						"down": { "texture": "#material", "uv": [ 3.0, 6.0, 5.5, 8.5 ] }
					}
				},
				{
					"name": "socket6",
					"from": [ 5.7, 0.09, -5.2 ], 
					"to": [ 7.5, 0.4, -3.3 ], 
					"rotationOrigin": [ 5.7, 0.1, -5.2 ],
					"faces": {
						"north": { "texture": "#material", "uv": [ 6.5, 5.5, 8.0, 6.0 ], "enabled": false },
						"east": { "texture": "#material", "uv": [ 1.0, 2.0, 2.5, 2.5 ], "enabled": false },
						"south": { "texture": "#material", "uv": [ 14.5, 5.0, 15.0, 6.5 ], "rotation": 90, "enabled": false },
						"west": { "texture": "#material", "uv": [ 6.0, 2.0, 7.5, 2.5 ], "enabled": false },
						"up": { "texture": "#material", "uv": [ 12.5, 4.0, 14.0, 5.5 ], "rotation": 90 },
						"down": { "texture": "#material", "uv": [ 3.0, 6.0, 4.5, 7.5 ] }
					}
				},
				{
					"name": "socket7",
					"from": [ 5.11, -0.2, -2.3 ], 
					"to": [ 7.6, 0.7, -1.2 ], 
					"rotationOrigin": [ 7.1, 0.3, -2.3 ],
					"faces": {
						"north": { "texture": "#material", "uv": [ 6.5, 5.5, 8.5, 6.0 ], "enabled": false },
						"east": { "texture": "#material", "uv": [ 1.0, 2.0, 2.0, 2.5 ] },
						"south": { "texture": "#material", "uv": [ 14.5, 5.0, 15.0, 7.0 ], "rotation": 90, "enabled": false, "windMode": [-1,-1,-1,-1] },
						"west": { "texture": "#material", "uv": [ 6.0, 2.0, 7.0, 2.5 ] },
						"up": { "texture": "#material", "uv": [ 12.5, 4.0, 13.5, 6.0 ], "rotation": 90, "enabled": false },
						"down": { "texture": "#material", "uv": [ 3.0, 6.0, 5.0, 7.0 ], "enabled": false }
					}
				},
				{
					"name": "socket8",
					"from": [ 5.7, 0.1, -5.2 ], 
					"to": [ 9.7, 0.4, -4.0 ], 
					"rotationOrigin": [ 5.7, 0.1, -5.2 ],
					"rotationY": -78.0,
					"faces": {
						"north": { "texture": "#material", "uv": [ 6.5, 5.5, 10.5, 6.0 ], "enabled": false },
						"east": { "texture": "#material", "uv": [ 1.0, 2.0, 2.0, 2.5 ], "enabled": false },
						"south": { "texture": "#material", "uv": [ 14.5, 5.0, 15.0, 9.0 ], "rotation": 90 },
						"west": { "texture": "#material", "uv": [ 6.0, 2.0, 7.0, 2.5 ], "enabled": false },
						"up": { "texture": "#material", "uv": [ 12.5, 4.0, 13.5, 8.0 ], "rotation": 90 },
						"down": { "texture": "#material", "uv": [ 3.0, 6.0, 7.0, 7.0 ] }
					}
				},
				{
					"name": "socket9",
					"from": [ 7.5, 0.1, -5.7 ], 
					"to": [ 11.5, 0.4, -5.2 ], 
					"rotationOrigin": [ 7.5, 0.1, -5.2 ],
					"rotationY": -102.0,
					"faces": {
						"north": { "texture": "#material", "uv": [ 6.5, 5.5, 10.5, 6.0 ] },
						"east": { "texture": "#material", "uv": [ 1.0, 2.0, 1.5, 2.5 ], "enabled": false },
						"south": { "texture": "#material", "uv": [ 14.5, 5.0, 15.0, 9.0 ], "rotation": 90, "enabled": false },
						"west": { "texture": "#material", "uv": [ 6.0, 2.0, 6.5, 2.5 ], "enabled": false },
						"up": { "texture": "#material", "uv": [ 12.5, 4.0, 13.0, 8.0 ], "rotation": 90 },
						"down": { "texture": "#material", "uv": [ 3.0, 6.0, 7.0, 6.5 ] }
					}
				},
				{
					"name": "socket10",
					"from": [ 5.1, 0.1, -4.2 ], 
					"to": [ 7.6, 0.4, -1.1 ], 
					"rotationOrigin": [ 7.1, 0.4, -4.2 ],
					"rotationX": -10.4,
					"faces": {
						"north": { "texture": "#material", "uv": [ 6.5, 5.5, 9.0, 6.0 ], "enabled": false },
						"east": { "texture": "#material", "uv": [ 1.0, 2.0, 4.0, 2.5 ] },
						"south": { "texture": "#material", "uv": [ 14.5, 5.0, 15.0, 7.5 ], "rotation": 90, "enabled": false },
						"west": { "texture": "#material", "uv": [ 6.0, 2.0, 9.0, 2.5 ] },
						"up": { "texture": "#material", "uv": [ 12.5, 4.0, 15.5, 6.5 ], "rotation": 90 },
						"down": { "texture": "#material", "uv": [ 3.0, 6.0, 5.5, 9.0 ], "enabled": false }
					}
				},
				{
					"name": "socket11",
					"from": [ 5.1, 0.1, -4.2 ], 
					"to": [ 7.6, 0.4, -1.1 ], 
					"rotationOrigin": [ 7.1, 0.1, -4.2 ],
					"rotationX": 10.4,
					"faces": {
						"north": { "texture": "#material", "uv": [ 6.5, 5.5, 9.0, 6.0 ], "enabled": false },
						"east": { "texture": "#material", "uv": [ 1.0, 2.0, 4.0, 2.5 ] },
						"south": { "texture": "#material", "uv": [ 14.5, 5.0, 15.0, 7.5 ], "rotation": 90, "enabled": false },
						"west": { "texture": "#material", "uv": [ 6.0, 2.0, 9.0, 2.5 ], "windMode": [-1,-1,-1,-1] },
						"up": { "texture": "#material", "uv": [ 12.5, 4.0, 15.5, 6.5 ], "rotation": 90, "enabled": false },
						"down": { "texture": "#material", "uv": [ 3.0, 6.0, 5.5, 9.0 ] }
					}
				},
				{
					"name": "socket12",
					"from": [ 5.1, 0.0, -3.3 ], 
					"to": [ 7.59, 0.5, -2.2 ], 
					"rotationOrigin": [ 7.1, 0.5, -3.3 ],
					"faces": {
						"north": { "texture": "#material", "uv": [ 6.5, 5.5, 8.5, 6.0 ], "enabled": false },
						"east": { "texture": "#material", "uv": [ 1.0, 2.0, 2.0, 2.5 ] },
						"south": { "texture": "#material", "uv": [ 14.5, 5.0, 15.0, 7.0 ], "rotation": 90, "enabled": false },
						"west": { "texture": "#material", "uv": [ 6.0, 2.0, 7.0, 2.5 ] },
						"up": { "texture": "#material", "uv": [ 12.5, 4.0, 13.5, 6.0 ], "rotation": 90, "enabled": false },
						"down": { "texture": "#material", "uv": [ 3.0, 6.0, 5.0, 7.0 ], "enabled": false }
					}
				},
				{
					"name": "handle12",
					"from": [ 5.0, -0.3, -0.9 ], 
					"to": [ 7.8, 0.7, 1.35 ], 
					"rotationOrigin": [ 5.0, -0.3, -0.9 ],
					"faces": {
						"north": { "texture": "#handle", "uv": [ 0.0, 0.0, 2.5, 1.0 ] },
						"east": { "texture": "#handle", "uv": [ 0.0, 0.0, 2.0, 1.0 ] },
						"south": { "texture": "#handle", "uv": [ 0.0, 0.0, 2.5, 1.0 ] },
						"west": { "texture": "#handle", "uv": [ 0.0, 0.0, 2.0, 1.0 ], "enabled": false },
						"up": { "texture": "#handle", "uv": [ 0.0, 0.0, 2.5, 2.0 ] },
						"down": { "texture": "#handle", "uv": [ 0.0, 0.0, 2.5, 2.0 ] }
					}
				},
				{
					"name": "handle13",
					"from": [ 5.0, -0.3, -0.9 ], 
					"to": [ 5.7, 0.7, 2.65 ], 
					"rotationOrigin": [ 5.0, -0.3, -0.9 ],
					"rotationY": -81.9,
					"faces": {
						"north": { "texture": "#handle", "uv": [ 0.0, 0.0, 0.5, 1.0 ], "enabled": false },
						"east": { "texture": "#handle", "uv": [ 0.0, 0.0, 3.5, 1.0 ], "enabled": false },
						"south": { "texture": "#handle", "uv": [ 0.0, 0.0, 0.5, 1.0 ], "enabled": false },
						"west": { "texture": "#handle", "uv": [ 0.0, 0.0, 3.5, 1.0 ] },
						"up": { "texture": "#handle", "uv": [ 0.0, 0.0, 0.5, 3.5 ] },
						"down": { "texture": "#handle", "uv": [ 0.0, 0.0, 0.5, 3.5 ] }
					}
				},
				{
					"name": "handle14",
					"from": [ 4.4, -0.3, 1.3 ], 
					"to": [ 5.2, 0.7, 4.85 ], 
					"rotationOrigin": [ 5.1, -0.3, 1.3 ],
					"rotationY": -99.8,
					"faces": {
						"north": { "texture": "#handle", "uv": [ 0.0, 0.0, 0.5, 1.0 ], "enabled": false },
						"east": { "texture": "#handle", "uv": [ 0.0, 0.0, 3.5, 1.0 ] },
						"south": { "texture": "#handle", "uv": [ 0.0, 0.0, 0.5, 1.0 ], "enabled": false },
						"west": { "texture": "#handle", "uv": [ 0.0, 0.0, 3.5, 1.0 ], "enabled": false },
						"up": { "texture": "#handle", "uv": [ 0.0, 0.0, 0.5, 3.5 ] },
						"down": { "texture": "#handle", "uv": [ 0.0, 0.0, 0.5, 3.5 ] }
					}
				},
				{
					"name": "socket15",
					"from": [ 5.9, 0.1, -5.5 ], 
					"to": [ 6.2, 0.4, -4.05 ], 
					"rotationOrigin": [ 5.9, 0.1, -5.5 ],
					"rotationY": -78.0,
					"faces": {
						"north": { "texture": "#material", "uv": [ 6.5, 5.5, 7.0, 6.0 ], "enabled": false },
						"east": { "texture": "#material", "uv": [ 1.0, 2.0, 2.0, 2.5 ], "enabled": false },
						"south": { "texture": "#material", "uv": [ 14.5, 5.0, 15.0, 5.5 ], "rotation": 90 },
						"west": { "texture": "#material", "uv": [ 6.0, 2.0, 7.0, 2.5 ] },
						"up": { "texture": "#material", "uv": [ 12.5, 4.0, 13.5, 4.5 ], "rotation": 90 },
						"down": { "texture": "#material", "uv": [ 3.0, 6.0, 3.5, 7.0 ] }
					}
				},
				{
					"name": "socket16",
					"from": [ 5.9, 0.1, -5.49 ], 
					"to": [ 7.5, 0.4, -5.19 ], 
					"rotationOrigin": [ 5.9, 0.1, -5.4 ],
					"faces": {
						"north": { "texture": "#material", "uv": [ 6.5, 5.5, 8.0, 6.0 ] },
						"east": { "texture": "#material", "uv": [ 1.0, 2.0, 1.5, 2.5 ], "enabled": false },
						"south": { "texture": "#material", "uv": [ 14.5, 5.0, 15.0, 6.5 ], "rotation": 90, "enabled": false },
						"west": { "texture": "#material", "uv": [ 6.0, 2.0, 6.5, 2.5 ], "enabled": false },
						"up": { "texture": "#material", "uv": [ 12.5, 4.0, 13.0, 5.5 ], "rotation": 90 },
						"down": { "texture": "#material", "uv": [ 3.0, 6.0, 4.5, 6.5 ] }
					}
				},
				{
					"name": "socket17",
					"from": [ 7.6, 0.1, -6.0 ], 
					"to": [ 7.9, 0.4, -5.4 ], 
					"rotationOrigin": [ 7.57, 0.1, -5.5 ],
					"rotationY": -102.0,
					"faces": {
						"north": { "texture": "#material", "uv": [ 6.5, 5.5, 7.0, 6.0 ] },
						"east": { "texture": "#material", "uv": [ 1.0, 2.0, 1.5, 2.5 ], "enabled": false },
						"south": { "texture": "#material", "uv": [ 14.5, 5.0, 15.0, 5.5 ], "rotation": 90, "enabled": false },
						"west": { "texture": "#material", "uv": [ 6.0, 2.0, 6.5, 2.5 ] },
						"up": { "texture": "#material", "uv": [ 12.5, 4.0, 13.0, 4.5 ], "rotation": 90 },
						"down": { "texture": "#material", "uv": [ 3.0, 6.0, 3.5, 6.5 ] }
					}
				},
				{
					"name": "socket18",
					"from": [ 7.09, -0.45, 1.5 ], 
					"to": [ 7.61, 0.95, 4.2 ], 
					"rotationOrigin": [ 7.1, -0.4, 1.5 ],
					"faces": {
						"north": { "texture": "#material", "uv": [ 6.5, 5.5, 7.0, 6.5 ], "enabled": false },
						"east": { "texture": "#material", "uv": [ 1.0, 2.0, 3.5, 3.0 ] },
						"south": { "texture": "#material", "uv": [ 14.5, 5.0, 15.5, 5.5 ], "rotation": 90, "enabled": false },
						"west": { "texture": "#material", "uv": [ 6.0, 2.0, 8.5, 3.0 ] },
						"up": { "texture": "#material", "uv": [ 12.5, 4.0, 15.0, 4.5 ], "rotation": 90, "enabled": false },
						"down": { "texture": "#material", "uv": [ 3.0, 6.0, 3.5, 8.5 ], "enabled": false }
					}
				},
				{
					"name": "socket19",
					"from": [ 7.1, 0.35, 1.5 ], 
					"to": [ 7.6, 0.95, 4.2 ], 
					"rotationOrigin": [ 7.1, 0.95, 1.5 ],
					"rotationX": -12.5,
					"faces": {
						"north": { "texture": "#material", "uv": [ 6.5, 5.5, 7.0, 6.0 ], "enabled": false },
						"east": { "texture": "#material", "uv": [ 1.0, 2.0, 3.5, 2.5 ] },
						"south": { "texture": "#material", "uv": [ 14.5, 5.0, 15.0, 5.5 ], "rotation": 90, "enabled": false },
						"west": { "texture": "#material", "uv": [ 6.0, 2.0, 8.5, 2.5 ] },
						"up": { "texture": "#material", "uv": [ 12.5, 4.0, 15.0, 4.5 ], "rotation": 90 },
						"down": { "texture": "#material", "uv": [ 3.0, 6.0, 3.5, 8.5 ], "enabled": false }
					}
				},
				{
					"name": "socket20",
					"from": [ 7.1, -0.45, 1.5 ], 
					"to": [ 7.6, 0.15, 4.2 ], 
					"rotationOrigin": [ 7.1, -0.45, 1.5 ],
					"rotationX": 12.5,
					"faces": {
						"north": { "texture": "#material", "uv": [ 6.5, 5.5, 7.0, 6.0 ], "enabled": false },
						"east": { "texture": "#material", "uv": [ 1.0, 2.0, 3.5, 2.5 ] },
						"south": { "texture": "#material", "uv": [ 14.5, 5.0, 15.0, 5.5 ], "rotation": 90, "enabled": false },
						"west": { "texture": "#material", "uv": [ 6.0, 2.0, 8.5, 2.5 ] },
						"up": { "texture": "#material", "uv": [ 12.5, 4.0, 15.0, 4.5 ], "rotation": 90, "enabled": false },
						"down": { "texture": "#material", "uv": [ 3.0, 6.0, 3.5, 8.5 ] }
					}
				},
				{
					"name": "socket21",
					"from": [ 7.1, -1.02, 4.1 ], 
					"to": [ 7.6, 1.53, 4.4 ], 
					"rotationOrigin": [ 7.1, -1.1, 4.1 ],
					"faces": {
						"north": { "texture": "#material", "uv": [ 6.5, 5.5, 7.0, 8.0 ], "enabled": false },
						"east": { "texture": "#material", "uv": [ 1.0, 2.0, 1.5, 4.5 ] },
						"south": { "texture": "#material", "uv": [ 14.5, 5.0, 17.0, 5.5 ], "rotation": 90, "enabled": false },
						"west": { "texture": "#material", "uv": [ 6.0, 2.0, 6.5, 4.5 ] },
						"up": { "texture": "#material", "uv": [ 12.5, 4.0, 13.0, 4.5 ], "rotation": 90 },
						"down": { "texture": "#material", "uv": [ 3.0, 6.0, 3.5, 6.5 ] }
					}
				},
				{
					"name": "socket22",
					"from": [ 7.1, -1.02, 4.4 ], 
					"to": [ 7.6, 1.53, 5.9 ], 
					"rotationOrigin": [ 7.6, -1.02, 4.4 ],
					"rotationY": -8.0,
					"faces": {
						"north": { "texture": "#material", "uv": [ 6.5, 5.5, 7.0, 8.0 ], "enabled": false },
						"east": { "texture": "#material", "uv": [ 1.0, 2.0, 2.5, 4.5 ] },
						"south": { "texture": "#material", "uv": [ 14.5, 5.0, 17.0, 5.5 ], "rotation": 90 },
						"west": { "texture": "#material", "uv": [ 6.0, 2.0, 7.5, 4.5 ] },
						"up": { "texture": "#material", "uv": [ 12.5, 4.0, 14.0, 4.5 ], "rotation": 90 },
						"down": { "texture": "#material", "uv": [ 3.0, 6.0, 3.5, 7.5 ] }
					}
				}
			]
		}
	]}