{
	code: "cobblestonebricks",
	variantgroups: [
		{ code: "rock", loadFromProperties: "game:block/rock" },
	],
	skipVariants: [ "*-obsidian", "*-halite", "*-scoria", "*-tuff"],
	attributes: {
		canChisel: true,
		handbook: {
			groupBy: ["stonebricks-*"]	
		}
	},
	creativeinventory: { "general": ["*"], "construction": ["*"], "medieval": ["*"] },
	shape: { base: "game:block/basic/cube" },
	drawtype: "cube",
	blockmaterial: "Stone",
	"textures": {
		"all": {  base: "block/stone/newcobblestone/{rock}*" }
	},
	"replaceable": 140,
	"fertility": 5,
	resistance: 2,
	sounds: {
		"walk": "walk/stone",
		byTool: {
			"Pickaxe": { hit: "block/rock-hit-pickaxe", break: "block/rock-break-pickaxe" }
		}
	},
	heldTpIdleAnimation: "holdbothhandslarge", heldTpUseAnimation: "twohandplaceblock",
	tpHandTransform: {
		translation: { x: -1.23, y: -0.91, z: -0.8 },
		rotation: { x: -2, y: 25, z: -78 },
		scale: 0.4
	}
}