{
	code: "bigflowerpot",
	variantgroups: [
		{ code: "rock", states: [ "andesite", "chalk", "chert", "conglomerate", "limestone", "claystone", "granite", "sandstone", "shale", "basalt", "peridotite", "phyllite", "slate", "bauxite", "kimberlite", "suevite", "whitemarble", "redmarble", "greenmarble" ]},
	],
	attributes: {
		canChisel: false
	},
	creativeinventory: { "general": ["*"], "construction": ["*"], "medieval": ["*"] },
	shape: { base: "block/medieval/bigflowerpot" },
	drawtype: "json",
	blockmaterial: "Stone",
	"textures": {
		"rock": {  base: "block/medieval/macetero/{rock}" }
	},
	"replaceable": 140,
	"fertility": 5,
	resistance: 2,
	faceCullMode: "NeverCull",
	lightAbsorption: 0,
	emitSideAo: {all: false },
	sideAo: { all: false },
	sideopaque: {
		all: false
	},
	sounds: {
		"walk": "game:walk/stone",
		byTool: {
			"Pickaxe": { hit: "game:block/rock-hit-pickaxe", break: "game:block/rock-break-pickaxe" }
		}
	},
	heldTpIdleAnimation: "holdbothhandslarge", heldTpUseAnimation: "twohandplaceblock",
	tpHandTransform: {
		translation: { x: -1.23, y: -0.91, z: -0.8 },
		rotation: { x: -2, y: 25, z: -78 },
		scale: 0.4
	}
}