{
	code: "mossycobblestone",
	variantgroups: [
		{ code: "rock", loadFromProperties: "game:block/rockwithdeposit" },
	],
	skipVariants: [ "*-obsidian", "*-halite", "*-scoria", "*-tuff"],
	attributes: {
		canChisel: true,
		handbook: {
			groupBy: ["cobblestone-*"]	
		}
	},
	creativeinventory: { "general": ["*"], "construction": ["*"], "medieval": ["*"] },
	shape: { base: "game:block/basic/cube" },
	drawtype: "cube",
	blockmaterial: "Stone",
	"textures": {
		"all": {  base: "game:block/stone/cobblestone/{rock}1" , overlays: [ "block/overlay/cobblestone/moss1" ] ,
			      alternates: [
					{ base: "game:block/stone/cobblestone/{rock}2", overlays: [ "block/overlay/cobblestone/moss2" ] },
					{ base: "game:block/stone/cobblestone/{rock}3", overlays: [ "block/overlay/cobblestone/moss3" ] }
			]
			  }
	},
	"replaceable": 140,
	"fertility": 0,
	resistance: 2,
	sounds: {
		"walk": "walk/stone",
		byTool: {
			"Pickaxe": { hit: "block/rock-hit-pickaxe", break: "block/rock-break-pickaxe" }
		}
	},
	heldTpIdleAnimation: "holdbothhandslarge", heldTpUseAnimation: "twohandplaceblock",
	tpHandTransform: {
		translation: { x: -1.23, y: -0.91, z: -0.8 },
		rotation: { x: -2, y: 25, z: -78 },
		scale: 0.4
	}
}