{
	"editor": {
		"allAngles": false,
		"entityTextureMode": false
	},
	"textureWidth": 16,
	"textureHeight": 16,
	"textureSizes": {
	},
	"textures": {
		"ashes": "block/clay/oven/ashes",
		"base": "block/clay/oven/base",
		"basefront": "block/clay/oven/basefront",
		"inside": "block/clay/oven/inside",
		"lintel": "block/clay/oven/lintel"
	},
	"elements": [
		{
			"name": "cube0",
			"from": [ 2.0, 0.0, 2.0 ],
			"to": [ 14.0, 1.0, 16.0 ],
			"rotationOrigin": [ 8.0, 0.0, 8.0 ],
			"faces": {
				"north": { "texture": "#lintel", "uv": [ 2.0, 8.0, 14.0, 9.0 ], "autoUv": false },
				"east": { "texture": "#lintel", "uv": [ 2.0, 8.5, 16.0, 9.5 ], "autoUv": false },
				"south": { "texture": "#lintel", "uv": [ 2.0, 8.0, 14.0, 9.0 ], "autoUv": false },
				"west": { "texture": "#lintel", "uv": [ 0.0, 8.5, 14.0, 9.5 ], "autoUv": false },
				"up": { "texture": "#ashes", "uv": [ 2.0, 1.0, 14.0, 15.0 ], "autoUv": false },
				"down": { "texture": "#base", "uv": [ 2.0, 0.0, 14.0, 14.0 ], "autoUv": false }
			}
		},
		{
			"name": "cube1",
			"from": [ 1.01, 1.0, 14.0 ],
			"to": [ 3.01, 3.0, 16.0 ],
			"rotationOrigin": [ 8.0, 2.0, 15.0 ],
			"faces": {
				"north": { "texture": "#basefront", "uv": [ 0.0, 4.0, 2.0, 6.0 ], "autoUv": false },
				"east": { "texture": "#basefront", "uv": [ 1.5, 4.0, 3.5, 6.0 ], "rotation": 90, "autoUv": false },
				"south": { "texture": "#basefront", "uv": [ 0.0, 6.0, 2.0, 8.0 ], "autoUv": false },
				"west": { "texture": "#basefront", "uv": [ 0.0, 4.0, 2.0, 6.0 ], "rotation": 90, "autoUv": false },
				"up": { "texture": "#basefront", "uv": [ 0.0, 4.0, 2.0, 6.0 ], "rotation": 180, "autoUv": false },
				"down": { "texture": "#basefront", "uv": [ 0.0, 4.0, 2.0, 6.0 ], "autoUv": false }
			}
		},
		{
			"name": "cube2",
			"from": [ 1.0, 1.0, 14.0 ],
			"to": [ 3.0, 3.0, 16.0 ],
			"rotationOrigin": [ 8.0, 2.0, 15.0 ],
			"rotationZ": -22.5,
			"faces": {
				"north": { "texture": "#basefront", "uv": [ 2.0, 4.0, 4.0, 6.0 ], "autoUv": false },
				"east": { "texture": "#basefront", "uv": [ 2.0, 4.0, 4.0, 6.0 ], "rotation": 90, "autoUv": false },
				"south": { "texture": "#basefront", "uv": [ 2.0, 6.0, 4.0, 8.0 ], "autoUv": false },
				"west": { "texture": "#basefront", "uv": [ 2.0, 4.0, 4.0, 6.0 ], "rotation": 180, "autoUv": false },
				"up": { "texture": "#basefront", "uv": [ 2.0, 4.0, 4.0, 6.0 ], "rotation": 180, "autoUv": false },
				"down": { "texture": "#basefront", "uv": [ 2.0, 4.0, 4.0, 6.0 ], "autoUv": false }
			}
		},
		{
			"name": "cube3",
			"from": [ 1.0, 1.0, 14.0 ],
			"to": [ 3.0, 3.0, 16.0 ],
			"rotationOrigin": [ 8.0, 2.0, 15.0 ],
			"rotationZ": -45.0,
			"faces": {
				"north": { "texture": "#basefront", "uv": [ 4.0, 4.0, 6.0, 6.0 ], "autoUv": false },
				"east": { "texture": "#basefront", "uv": [ 4.0, 4.0, 6.0, 6.0 ], "rotation": 90, "autoUv": false },
				"south": { "texture": "#basefront", "uv": [ 4.0, 6.0, 6.0, 8.0 ], "autoUv": false },
				"west": { "texture": "#basefront", "uv": [ 4.0, 4.0, 6.0, 6.0 ], "rotation": 90, "autoUv": false },
				"up": { "texture": "#basefront", "uv": [ 4.0, 4.0, 6.0, 6.0 ], "rotation": 270, "autoUv": false },
				"down": { "texture": "#basefront", "uv": [ 4.0, 4.0, 6.0, 6.0 ], "autoUv": false }
			}
		},
		{
			"name": "cube4",
			"from": [ 1.0, 1.0, 14.0 ],
			"to": [ 3.0, 3.0, 16.0 ],
			"rotationOrigin": [ 8.0, 2.0, 15.0 ],
			"rotationZ": -67.5,
			"faces": {
				"north": { "texture": "#basefront", "uv": [ 6.0, 4.0, 8.0, 6.0 ], "rotation": 270, "autoUv": false },
				"east": { "texture": "#basefront", "uv": [ 6.0, 4.0, 8.0, 6.0 ], "rotation": 90, "autoUv": false },
				"south": { "texture": "#basefront", "uv": [ 6.0, 6.0, 8.0, 8.0 ], "rotation": 270, "autoUv": false },
				"west": { "texture": "#basefront", "uv": [ 6.0, 4.0, 8.0, 6.0 ], "rotation": 180, "autoUv": false },
				"up": { "texture": "#basefront", "uv": [ 6.0, 4.0, 8.0, 6.0 ], "rotation": 270, "autoUv": false },
				"down": { "texture": "#basefront", "uv": [ 6.0, 4.0, 8.0, 6.0 ], "rotation": 90, "autoUv": false }
			}
		},
		{
			"name": "cube5",
			"from": [ 1.0, 1.0, 14.0 ],
			"to": [ 3.0, 3.0, 16.0 ],
			"rotationOrigin": [ 8.0, 2.0, 15.0 ],
			"rotationZ": -90.0,
			"faces": {
				"north": { "texture": "#basefront", "uv": [ 8.0, 4.0, 10.0, 6.0 ], "rotation": 270, "autoUv": false },
				"east": { "texture": "#basefront", "uv": [ 8.0, 4.0, 10.0, 6.0 ], "rotation": 90, "autoUv": false },
				"south": { "texture": "#basefront", "uv": [ 8.0, 6.0, 10.0, 8.0 ], "rotation": 270, "autoUv": false },
				"west": { "texture": "#basefront", "uv": [ 8.0, 4.0, 10.0, 6.0 ], "rotation": 90, "autoUv": false },
				"up": { "texture": "#basefront", "uv": [ 8.0, 4.0, 10.0, 6.0 ], "rotation": 270, "autoUv": false },
				"down": { "texture": "#basefront", "uv": [ 8.0, 4.0, 10.0, 6.0 ], "rotation": 90, "autoUv": false }
			}
		},
		{
			"name": "cube6",
			"from": [ 13.0, 1.0, 14.0 ],
			"to": [ 15.0, 3.0, 16.0 ],
			"rotationOrigin": [ 8.0, 2.0, 15.0 ],
			"rotationZ": 67.5,
			"faces": {
				"north": { "texture": "#basefront", "uv": [ 12.0, 4.0, 10.0, 6.0 ], "autoUv": false },
				"east": { "texture": "#basefront", "uv": [ 12.0, 4.0, 10.0, 6.0 ], "rotation": 180, "autoUv": false },
				"south": { "texture": "#basefront", "uv": [ 12.0, 6.0, 10.0, 8.0 ], "autoUv": false },
				"west": { "texture": "#basefront", "uv": [ 10.0, 6.0, 12.0, 4.0 ], "rotation": 90, "autoUv": false },
				"up": { "texture": "#basefront", "uv": [ 10.0, 6.0, 12.0, 4.0 ], "rotation": 270, "autoUv": false },
				"down": { "texture": "#basefront", "uv": [ 12.0, 4.0, 10.0, 6.0 ], "autoUv": false }
			}
		},
		{
			"name": "cube7",
			"from": [ 13.0, 1.0, 14.0 ],
			"to": [ 15.0, 3.0, 16.0 ],
			"rotationOrigin": [ 8.0, 2.0, 15.0 ],
			"rotationZ": 45.0,
			"faces": {
				"north": { "texture": "#basefront", "uv": [ 14.0, 4.0, 12.0, 6.0 ], "autoUv": false },
				"east": { "texture": "#basefront", "uv": [ 12.0, 6.0, 14.0, 4.0 ], "rotation": 90, "autoUv": false },
				"south": { "texture": "#basefront", "uv": [ 14.0, 6.0, 12.0, 8.0 ], "autoUv": false },
				"west": { "texture": "#basefront", "uv": [ 12.0, 6.0, 14.0, 4.0 ], "rotation": 90, "autoUv": false },
				"up": { "texture": "#basefront", "uv": [ 14.0, 4.0, 12.0, 6.0 ], "rotation": 180, "autoUv": false },
				"down": { "texture": "#basefront", "uv": [ 14.0, 4.0, 12.0, 6.0 ], "autoUv": false }
			}
		},
		{
			"name": "cube8",
			"from": [ 13.0, 1.0, 14.0 ],
			"to": [ 15.0, 3.0, 16.0 ],
			"rotationOrigin": [ 8.0, 2.0, 15.0 ],
			"rotationZ": 22.5,
			"faces": {
				"north": { "texture": "#basefront", "uv": [ 14.0, 6.0, 16.0, 4.0 ], "rotation": 90, "autoUv": false },
				"east": { "texture": "#basefront", "uv": [ 14.0, 6.0, 16.0, 4.0 ], "rotation": 90, "autoUv": false },
				"south": { "texture": "#basefront", "uv": [ 14.0, 8.0, 16.0, 6.0 ], "rotation": 90, "autoUv": false },
				"west": { "texture": "#basefront", "uv": [ 14.0, 6.0, 16.0, 4.0 ], "rotation": 90, "autoUv": false },
				"up": { "texture": "#basefront", "uv": [ 14.0, 6.0, 16.0, 4.0 ], "rotation": 270, "autoUv": false },
				"down": { "texture": "#basefront", "uv": [ 14.0, 6.0, 16.0, 4.0 ], "rotation": 90, "autoUv": false }
			}
		},
		{
			"name": "cube9",
			"from": [ 12.99, 1.0, 14.0 ],
			"to": [ 14.99, 3.0, 16.0 ],
			"rotationOrigin": [ 8.0, 2.0, 15.0 ],
			"faces": {
				"north": { "texture": "#basefront", "uv": [ 2.0, 4.0, 4.0, 6.0 ], "autoUv": false },
				"east": { "texture": "#basefront", "uv": [ 2.0, 4.0, 4.0, 6.0 ], "autoUv": false },
				"south": { "texture": "#basefront", "uv": [ 2.0, 6.0, 4.0, 8.0 ], "autoUv": false },
				"west": { "texture": "#basefront", "uv": [ 2.0, 4.0, 4.0, 6.0 ], "autoUv": false },
				"up": { "texture": "#basefront", "uv": [ 2.0, 4.0, 4.0, 6.0 ], "rotation": 180, "autoUv": false },
				"down": { "texture": "#basefront", "uv": [ 2.0, 4.0, 4.0, 6.0 ], "autoUv": false }
			}
		},
		{
			"name": "cube10",
			"from": [ 12.75, 1.0, 13.51 ],
			"to": [ 14.75, 3.0, 15.51 ],
			"rotationOrigin": [ 8.0, 2.0, 14.5 ],
			"rotationZ": 77.5,
			"faces": {
				"north": { "texture": "#basefront", "uv": [ 9.0, 4.0, 11.0, 6.0 ], "autoUv": false },
				"east": { "texture": "#basefront", "uv": [ 9.0, 4.0, 11.0, 6.0 ], "autoUv": false },
				"south": { "texture": "#basefront", "uv": [ 9.0, 4.0, 11.0, 6.0 ], "autoUv": false },
				"west": { "texture": "#basefront", "uv": [ 9.0, 4.0, 11.0, 6.0 ], "autoUv": false },
				"up": { "texture": "#basefront", "uv": [ 9.0, 4.0, 11.0, 6.0 ], "autoUv": false },
				"down": { "texture": "#basefront", "uv": [ 9.0, 4.0, 11.0, 6.0 ], "autoUv": false }
			}
		},
		{
			"name": "cube11",
			"from": [ 1.25, 1.0, 13.51 ],
			"to": [ 3.25, 3.0, 15.51 ],
			"rotationOrigin": [ 8.0, 2.0, 14.5 ],
			"rotationZ": -80.0,
			"faces": {
				"north": { "texture": "#basefront", "uv": [ 8.5, 4.0, 10.5, 6.0 ], "autoUv": false },
				"east": { "texture": "#basefront", "uv": [ 8.5, 4.0, 10.5, 6.0 ], "autoUv": false },
				"south": { "texture": "#basefront", "uv": [ 8.5, 4.0, 10.5, 6.0 ], "autoUv": false },
				"west": { "texture": "#basefront", "uv": [ 8.5, 4.0, 10.5, 6.0 ], "autoUv": false },
				"up": { "texture": "#basefront", "uv": [ 8.5, 4.0, 10.5, 6.0 ], "autoUv": false },
				"down": { "texture": "#basefront", "uv": [ 8.5, 4.0, 10.5, 6.0 ], "autoUv": false }
			}
		},
		{
			"name": "cube12",
			"from": [ 1.25, 1.0, 13.51 ],
			"to": [ 3.25, 3.0, 15.51 ],
			"rotationOrigin": [ 8.0, 2.0, 14.5 ],
			"rotationZ": -12.5,
			"faces": {
				"north": { "texture": "#basefront", "uv": [ 1.5, 4.0, 3.5, 6.0 ], "autoUv": false },
				"east": { "texture": "#basefront", "uv": [ 1.5, 4.0, 3.5, 6.0 ], "autoUv": false },
				"south": { "texture": "#basefront", "uv": [ 1.5, 4.0, 3.5, 6.0 ], "autoUv": false },
				"west": { "texture": "#basefront", "uv": [ 1.5, 4.0, 3.5, 6.0 ], "autoUv": false },
				"up": { "texture": "#basefront", "uv": [ 1.5, 4.0, 3.5, 6.0 ], "autoUv": false },
				"down": { "texture": "#basefront", "uv": [ 1.5, 4.0, 3.5, 6.0 ], "autoUv": false }
			}
		},
		{
			"name": "cube13",
			"from": [ 1.25, 1.0, 13.51 ],
			"to": [ 3.25, 3.0, 15.51 ],
			"rotationOrigin": [ 8.0, 2.0, 14.5 ],
			"rotationZ": -35.0,
			"faces": {
				"north": { "texture": "#basefront", "uv": [ 3.5, 4.0, 5.5, 6.0 ], "autoUv": false },
				"east": { "texture": "#basefront", "uv": [ 3.5, 4.0, 5.5, 6.0 ], "autoUv": false },
				"south": { "texture": "#basefront", "uv": [ 3.5, 4.0, 5.5, 6.0 ], "autoUv": false },
				"west": { "texture": "#basefront", "uv": [ 3.5, 4.0, 5.5, 6.0 ], "autoUv": false },
				"up": { "texture": "#basefront", "uv": [ 3.5, 4.0, 5.5, 6.0 ], "autoUv": false },
				"down": { "texture": "#basefront", "uv": [ 3.5, 4.0, 5.5, 6.0 ], "autoUv": false }
			}
		},
		{
			"name": "cube14",
			"from": [ 1.25, 1.0, 13.51 ],
			"to": [ 3.25, 3.0, 15.51 ],
			"rotationOrigin": [ 8.0, 2.0, 14.5 ],
			"rotationZ": -57.5,
			"faces": {
				"north": { "texture": "#basefront", "uv": [ 5.5, 4.0, 7.5, 6.0 ], "autoUv": false },
				"east": { "texture": "#basefront", "uv": [ 5.5, 4.0, 7.5, 6.0 ], "autoUv": false },
				"south": { "texture": "#basefront", "uv": [ 5.5, 4.0, 7.5, 6.0 ], "autoUv": false },
				"west": { "texture": "#basefront", "uv": [ 5.5, 4.0, 7.5, 6.0 ], "autoUv": false },
				"up": { "texture": "#basefront", "uv": [ 5.5, 4.0, 7.5, 6.0 ], "autoUv": false },
				"down": { "texture": "#basefront", "uv": [ 5.5, 4.0, 7.5, 6.0 ], "autoUv": false }
			}
		},
		{
			"name": "cube15",
			"from": [ 12.75, 1.0, 13.51 ],
			"to": [ 14.75, 3.0, 15.51 ],
			"rotationOrigin": [ 8.0, 2.0, 14.5 ],
			"rotationZ": 10.0,
			"faces": {
				"north": { "texture": "#basefront", "uv": [ 14.0, 4.0, 16.0, 6.0 ], "autoUv": false },
				"east": { "texture": "#basefront", "uv": [ 14.0, 4.0, 16.0, 6.0 ], "autoUv": false },
				"south": { "texture": "#basefront", "uv": [ 14.0, 4.0, 16.0, 6.0 ], "autoUv": false },
				"west": { "texture": "#basefront", "uv": [ 14.0, 4.0, 16.0, 6.0 ], "autoUv": false },
				"up": { "texture": "#basefront", "uv": [ 14.0, 4.0, 16.0, 6.0 ], "autoUv": false },
				"down": { "texture": "#basefront", "uv": [ 14.0, 4.0, 16.0, 6.0 ], "autoUv": false }
			}
		},
		{
			"name": "cube16",
			"from": [ 12.75, 1.0, 13.51 ],
			"to": [ 14.75, 3.0, 15.51 ],
			"rotationOrigin": [ 8.0, 2.0, 14.5 ],
			"rotationZ": 32.5,
			"faces": {
				"north": { "texture": "#basefront", "uv": [ 11.5, 4.0, 13.5, 6.0 ], "autoUv": false },
				"east": { "texture": "#basefront", "uv": [ 11.5, 4.0, 13.5, 6.0 ], "autoUv": false },
				"south": { "texture": "#basefront", "uv": [ 11.5, 4.0, 13.5, 6.0 ], "autoUv": false },
				"west": { "texture": "#basefront", "uv": [ 11.5, 4.0, 13.5, 6.0 ], "autoUv": false },
				"up": { "texture": "#basefront", "uv": [ 11.5, 4.0, 13.5, 6.0 ], "autoUv": false },
				"down": { "texture": "#basefront", "uv": [ 11.5, 4.0, 13.5, 6.0 ], "autoUv": false }
			}
		},
		{
			"name": "cube17",
			"from": [ 12.75, 1.0, 13.51 ],
			"to": [ 14.75, 3.0, 15.51 ],
			"rotationOrigin": [ 8.0, 2.0, 14.5 ],
			"rotationZ": 55.0,
			"faces": {
				"north": { "texture": "#basefront", "uv": [ 10.5, 4.0, 12.5, 6.0 ], "autoUv": false },
				"east": { "texture": "#basefront", "uv": [ 10.5, 4.0, 12.5, 6.0 ], "autoUv": false },
				"south": { "texture": "#basefront", "uv": [ 10.5, 4.0, 12.5, 6.0 ], "autoUv": false },
				"west": { "texture": "#basefront", "uv": [ 10.5, 4.0, 12.5, 6.0 ], "autoUv": false },
				"up": { "texture": "#basefront", "uv": [ 10.5, 4.0, 12.5, 6.0 ], "autoUv": false },
				"down": { "texture": "#basefront", "uv": [ 10.5, 4.0, 12.5, 6.0 ], "autoUv": false }
			}
		},
		{
			"name": "cube18",
			"from": [ 0.0, 0.01, 13.5 ],
			"to": [ 3.0, 5.0, 15.5 ],
			"rotationOrigin": [ 8.0, 0.0, 8.0 ],
			"faces": {
				"north": { "texture": "#base", "uv": [ 0.0, 0.0, 3.0, 5.0 ], "autoUv": false },
				"east": { "texture": "#inside", "uv": [ 6.5, 2.0, 8.5, 7.0 ], "autoUv": false },
				"south": { "texture": "#base", "uv": [ 0.0, 11.0, 3.0, 16.0 ], "autoUv": false },
				"west": { "texture": "#base", "uv": [ 13.5, 11.0, 15.5, 16.0 ], "autoUv": false },
				"up": { "texture": "#base", "uv": [ 0.0, 0.0, 3.0, 2.0 ], "autoUv": false },
				"down": { "texture": "#base", "uv": [ 0.0, 0.5, 3.0, 2.5 ], "autoUv": false }
			}
		},
		{
			"name": "cube19",
			"from": [ 0.0, 5.0, 13.5 ],
			"to": [ 4.0, 10.0, 15.5 ],
			"rotationOrigin": [ 8.0, 0.0, 8.0 ],
			"faces": {
				"north": { "texture": "#base", "uv": [ 3.5, 2.5, 7.5, 7.5 ], "autoUv": false },
				"east": { "texture": "#base", "uv": [ 0.0, 0.0, 2.0, 5.0 ], "autoUv": false },
				"south": { "texture": "#base", "uv": [ 0.0, 6.0, 4.0, 11.0 ], "autoUv": false },
				"west": { "texture": "#base", "uv": [ 13.5, 6.0, 15.5, 11.0 ], "autoUv": false },
				"up": { "texture": "#base", "uv": [ 0.0, 0.0, 4.0, 2.0 ], "autoUv": false },
				"down": { "texture": "#base", "uv": [ 0.0, 0.0, 4.0, 2.0 ], "autoUv": false }
			}
		},
		{
			"name": "cube20",
			"from": [ 12.0, 5.0, 13.5 ],
			"to": [ 16.0, 10.0, 15.5 ],
			"rotationOrigin": [ 8.0, 0.0, 8.0 ],
			"faces": {
				"north": { "texture": "#base", "uv": [ 4.0, 0.0, 8.0, 5.0 ], "autoUv": false },
				"east": { "texture": "#base", "uv": [ 0.5, 6.0, 2.5, 11.0 ], "autoUv": false },
				"south": { "texture": "#base", "uv": [ 12.0, 6.0, 16.0, 11.0 ], "autoUv": false },
				"west": { "texture": "#base", "uv": [ 2.0, 0.0, 4.0, 5.0 ], "autoUv": false },
				"up": { "texture": "#base", "uv": [ 4.0, 0.0, 8.0, 2.0 ], "autoUv": false },
				"down": { "texture": "#base", "uv": [ 4.0, 0.0, 8.0, 2.0 ], "autoUv": false }
			}
		},
		{
			"name": "cube21",
			"from": [ 13.0, 0.01, 13.5 ],
			"to": [ 16.0, 5.0, 15.5 ],
			"rotationOrigin": [ 8.0, 0.0, 8.0 ],
			"faces": {
				"north": { "texture": "#base", "uv": [ 3.0, 0.0, 0.0, 5.0 ], "autoUv": false },
				"east": { "texture": "#base", "uv": [ 2.5, 11.0, 0.5, 16.0 ], "autoUv": false },
				"south": { "texture": "#base", "uv": [ 16.0, 11.0, 13.0, 16.0 ], "autoUv": false },
				"west": { "texture": "#inside", "uv": [ 10.5, 8.5, 8.5, 13.5 ], "autoUv": false },
				"up": { "texture": "#base", "uv": [ 3.0, 0.0, 0.0, 2.0 ], "autoUv": false },
				"down": { "texture": "#base", "uv": [ 16.0, 0.5, 13.0, 2.5 ], "autoUv": false }
			}
		},
		{
			"name": "cube22",
			"from": [ 0.0, 0.0, 0.0 ],
			"to": [ 2.0, 10.0, 13.5 ],
			"rotationOrigin": [ 8.0, 0.0, 8.0 ],
			"faces": {
				"north": { "texture": "#base", "uv": [ 14.0, 6.0, 16.0, 16.0 ], "autoUv": false },
				"east": { "texture": "#ashes", "uv": [ 1.0, 5.0, 14.5, 15.0 ], "autoUv": false },
				"south": { "texture": "#base", "uv": [ 0.0, 0.0, 2.0, 10.0 ], "autoUv": false },
				"west": { "texture": "#base", "uv": [ 0.0, 6.0, 13.5, 16.0 ], "autoUv": false },
				"up": { "texture": "#base", "uv": [ 0.0, 0.0, 2.0, 13.5 ], "autoUv": false },
				"down": { "texture": "#base", "uv": [ 0.0, 2.5, 2.0, 16.0 ], "autoUv": false }
			}
		},
		{
			"name": "cube23",
			"from": [ 6.0, 12.9, 6.5 ],
			"to": [ 7.0, 17.9, 8.5 ],
			"rotationOrigin": [ 8.0, 0.0, 8.0 ],
			"faces": {
				"north": { "texture": "#basefront", "uv": [ 0.0, 0.0, 1.0, 5.0 ], "autoUv": false },
				"east": { "texture": "#lintel", "uv": [ 0.0, 0.0, 2.0, 5.0 ], "autoUv": false },
				"south": { "texture": "#basefront", "uv": [ 0.0, 0.0, 1.0, 5.0 ], "autoUv": false },
				"west": { "texture": "#basefront", "uv": [ 12.5, 8.0, 14.5, 13.0 ], "autoUv": false },
				"up": { "texture": "#basefront", "uv": [ 11.5, 8.0, 12.5, 10.0 ], "autoUv": false },
				"down": { "texture": "#basefront", "uv": [ 0.0, 0.0, 1.0, 2.0 ], "autoUv": false }
			}
		},
		{
			"name": "cube24",
			"from": [ 0.0, 10.0, 1.01 ],
			"to": [ 2.0, 15.5, 14.49 ],
			"rotationOrigin": [ 0.0, 10.0, 14.5 ],
			"rotationZ": -45.0,
			"faces": {
				"north": { "texture": "#base", "uv": [ 0.0, 0.0, 2.0, 5.5 ], "autoUv": false },
				"east": { "texture": "#ashes", "uv": [ 0.5, 5.5, 16.0, 11.0 ], "autoUv": false },
				"south": { "texture": "#base", "uv": [ 0.0, 0.0, 2.0, 5.5 ], "autoUv": false },
				"west": { "texture": "#base", "uv": [ 0.0, 0.5, 15.5, 6.0 ], "autoUv": false },
				"up": { "texture": "#base", "uv": [ 0.0, 0.0, 2.0, 15.5 ], "autoUv": false },
				"down": { "texture": "#base", "uv": [ 0.0, 0.0, 2.0, 15.5 ], "autoUv": false }
			}
		},
		{
			"name": "cube25",
			"from": [ 14.0, 10.0, 1.01 ],
			"to": [ 16.0, 15.5, 14.49 ],
			"rotationOrigin": [ 16.0, 10.0, 14.5 ],
			"rotationZ": 45.0,
			"faces": {
				"north": { "texture": "#base", "uv": [ 4.0, 0.0, 6.0, 5.5 ], "autoUv": false },
				"east": { "texture": "#base", "uv": [ 0.5, 0.5, 16.0, 6.0 ], "autoUv": false },
				"south": { "texture": "#base", "uv": [ 14.0, 0.0, 16.0, 5.5 ], "autoUv": false },
				"west": { "texture": "#ashes", "uv": [ 0.0, 5.5, 15.5, 11.0 ], "autoUv": false },
				"up": { "texture": "#base", "uv": [ 4.0, 0.0, 6.0, 15.5 ], "autoUv": false },
				"down": { "texture": "#base", "uv": [ 4.0, 0.0, 6.0, 15.5 ], "autoUv": false }
			}
		},
		{
			"name": "cube26",
			"from": [ 3.8891, 11.9891, 1.0 ],
			"to": [ 12.1109, 13.8891, 14.5 ],
			"rotationOrigin": [ 7.8891, -0.1109, 8.0 ],
			"faces": {
				"north": { "texture": "#base", "uv": [ 4.0, 2.0, 12.0, 4.0 ], "autoUv": false },
				"east": { "texture": "#base", "uv": [ 0.0, 0.0, 15.5, 2.0 ], "autoUv": false },
				"south": { "texture": "#base", "uv": [ 3.5, 2.0, 11.5, 4.0 ], "autoUv": false },
				"west": { "texture": "#base", "uv": [ 0.0, 0.0, 15.5, 2.0 ], "autoUv": false },
				"up": { "texture": "#base", "uv": [ 0.0, 4.5, 15.5, 12.5 ], "rotation": 90, "autoUv": false },
				"down": { "texture": "#ashes", "uv": [ 0.5, 2.0, 15.5, 10.0 ], "rotation": 90, "autoUv": false }
			}
		},
		{
			"name": "cube27",
			"from": [ 2.5, 7.0, 13.5 ],
			"to": [ 13.5, 10.0, 15.5 ],
			"rotationOrigin": [ 8.0, 7.0, 15.5 ],
			"faces": {
				"north": { "texture": "#ashes", "uv": [ 2.5, 3.0, 13.5, 6.0 ], "autoUv": false },
				"east": { "texture": "#base", "uv": [ 2.0, 2.0, 4.0, 5.0 ], "autoUv": false },
				"south": { "texture": "#base", "uv": [ 2.5, 6.0, 13.5, 9.0 ], "autoUv": false },
				"west": { "texture": "#base", "uv": [ 2.0, 4.5, 4.0, 7.5 ], "autoUv": false },
				"up": { "texture": "#base", "uv": [ 4.0, 0.0, 15.0, 2.0 ], "autoUv": false },
				"down": { "texture": "#base", "uv": [ 4.0, 0.0, 15.0, 2.0 ], "autoUv": false }
			}
		},
		{
			"name": "cube28",
			"from": [ 14.0, 0.0, 0.0 ],
			"to": [ 16.0, 10.0, 13.5 ],
			"rotationOrigin": [ 8.0, 0.0, 8.0 ],
			"faces": {
				"north": { "texture": "#base", "uv": [ 2.0, 6.0, 0.0, 16.0 ], "autoUv": false },
				"east": { "texture": "#base", "uv": [ 16.0, 6.0, 2.5, 16.0 ], "autoUv": false },
				"south": { "texture": "#base", "uv": [ 2.0, 0.0, 0.0, 10.0 ], "autoUv": false },
				"west": { "texture": "#ashes", "uv": [ 15.0, 5.0, 1.5, 15.0 ], "autoUv": false },
				"up": { "texture": "#base", "uv": [ 2.0, 0.0, 0.0, 13.5 ], "autoUv": false },
				"down": { "texture": "#base", "uv": [ 16.0, 2.5, 14.0, 16.0 ], "autoUv": false }
			}
		},
		{
			"name": "cube29",
			"from": [ 2.0, 0.0, 0.0 ],
			"to": [ 14.0, 10.0, 2.0 ],
			"rotationOrigin": [ 8.0, 0.0, 8.0 ],
			"faces": {
				"north": { "texture": "#base", "uv": [ 2.0, 6.0, 14.0, 16.0 ], "autoUv": false },
				"east": { "texture": "#base", "uv": [ 2.0, 0.0, 4.0, 10.0 ], "autoUv": false },
				"south": { "texture": "#ashes", "uv": [ 2.0, 5.0, 14.0, 15.0 ], "autoUv": false },
				"west": { "texture": "#base", "uv": [ 2.0, 0.0, 4.0, 10.0 ], "autoUv": false },
				"up": { "texture": "#base", "uv": [ 4.0, 0.0, 16.0, 2.0 ], "autoUv": false },
				"down": { "texture": "#base", "uv": [ 2.0, 14.0, 14.0, 16.0 ], "autoUv": false }
			}
		},
		{
			"name": "cube30",
			"from": [ 9.0, 12.9, 6.5 ],
			"to": [ 10.0, 17.9, 8.5 ],
			"rotationOrigin": [ 8.0, 0.0, 8.0 ],
			"faces": {
				"north": { "texture": "#basefront", "uv": [ 0.0, 0.0, 1.0, 5.0 ], "autoUv": false },
				"east": { "texture": "#basefront", "uv": [ 3.0, 8.0, 5.0, 13.0 ], "autoUv": false },
				"south": { "texture": "#basefront", "uv": [ 0.0, 0.0, 1.0, 5.0 ], "autoUv": false },
				"west": { "texture": "#lintel", "uv": [ 0.0, 0.0, 2.0, 5.0 ], "autoUv": false },
				"up": { "texture": "#basefront", "uv": [ 12.5, 8.0, 13.5, 10.0 ], "autoUv": false },
				"down": { "texture": "#basefront", "uv": [ 0.0, 0.0, 1.0, 2.0 ], "autoUv": false }
			}
		},
		{
			"name": "cube31",
			"from": [ 6.0, 12.9, 8.5 ],
			"to": [ 10.0, 17.9, 9.5 ],
			"rotationOrigin": [ 8.0, 0.0, 8.0 ],
			"faces": {
				"north": { "texture": "#lintel", "uv": [ 0.0, 0.0, 4.0, 5.0 ], "autoUv": false },
				"east": { "texture": "#basefront", "uv": [ 6.5, 8.0, 7.5, 13.0 ], "autoUv": false },
				"south": { "texture": "#basefront", "uv": [ 0.0, 8.0, 4.0, 13.0 ], "autoUv": false },
				"west": { "texture": "#basefront", "uv": [ 13.0, 8.0, 14.0, 13.0 ], "autoUv": false },
				"up": { "texture": "#basefront", "uv": [ 0.0, 8.0, 4.0, 9.0 ], "autoUv": false },
				"down": { "texture": "#basefront", "uv": [ 0.0, 0.0, 4.0, 1.0 ], "autoUv": false }
			}
		},
		{
			"name": "cube32",
			"from": [ 6.0, 12.9, 5.5 ],
			"to": [ 10.0, 17.9, 6.5 ],
			"rotationOrigin": [ 8.0, 0.0, 8.0 ],
			"faces": {
				"north": { "texture": "#basefront", "uv": [ 4.0, 8.0, 8.0, 13.0 ], "autoUv": false },
				"east": { "texture": "#basefront", "uv": [ 10.5, 8.0, 11.5, 13.0 ], "autoUv": false },
				"south": { "texture": "#lintel", "uv": [ 0.0, 0.0, 4.0, 5.0 ], "autoUv": false },
				"west": { "texture": "#basefront", "uv": [ 11.0, 8.0, 12.0, 13.0 ], "autoUv": false },
				"up": { "texture": "#basefront", "uv": [ 5.5, 8.0, 9.5, 9.0 ], "autoUv": false },
				"down": { "texture": "#basefront", "uv": [ 0.0, 0.0, 4.0, 1.0 ], "autoUv": false }
			}
		},
		{
			"name": "cube33",
			"from": [ 2.5, 10.0, 13.5 ],
			"to": [ 13.5, 12.5, 15.5 ],
			"rotationOrigin": [ 8.0, 10.0, 15.5 ],
			"rotationX": -25.0,
			"faces": {
				"north": { "texture": "#ashes", "uv": [ 2.5, 3.5, 13.5, 6.0 ], "autoUv": false },
				"east": { "texture": "#base", "uv": [ 2.0, 2.5, 4.0, 5.0 ], "autoUv": false },
				"south": { "texture": "#base", "uv": [ 2.5, 1.5, 13.5, 4.0 ], "autoUv": false },
				"west": { "texture": "#base", "uv": [ 2.0, 2.0, 4.0, 4.5 ], "autoUv": false },
				"up": { "texture": "#base", "uv": [ 4.0, 0.0, 15.0, 2.0 ], "autoUv": false },
				"down": { "texture": "#base", "uv": [ 4.0, 0.0, 15.0, 2.0 ], "autoUv": false }
			}
		},
		{
			"name": "cube34",
			"from": [ 2.5, 10.0, 0.0 ],
			"to": [ 13.5, 12.5, 2.0 ],
			"rotationOrigin": [ 8.0, 10.0, 0.0 ],
			"rotationX": 25.0,
			"faces": {
				"north": { "texture": "#base", "uv": [ 2.5, 3.5, 13.5, 6.0 ], "autoUv": false },
				"east": { "texture": "#base", "uv": [ 2.0, 2.5, 4.0, 5.0 ], "autoUv": false },
				"south": { "texture": "#ashes", "uv": [ 2.5, 1.5, 13.5, 4.0 ], "autoUv": false },
				"west": { "texture": "#base", "uv": [ 2.0, 2.0, 4.0, 4.5 ], "autoUv": false },
				"up": { "texture": "#base", "uv": [ 4.0, 0.0, 15.0, 2.0 ], "autoUv": false },
				"down": { "texture": "#base", "uv": [ 4.0, 0.0, 15.0, 2.0 ], "autoUv": false }
			}
		}
	]}