{
	code: "woodentrapdoor",
	class: "BlockTrapdoor",
	behaviors: [
		{name: "Lockable" }, 
		{
			name: "ExchangeOnInteract",
			properties: {
				exchangeStates: ["*-closed-*", "*-opened-*"],
				sound: "block/door",
				actionLangCode: "blockhelp-trapdoor-openclose"
			}
		},
		{
			name: "OmniRotatable",
			properties: {
				"rotateH": true,
				"rotateV": true,
				"rotateV4": true,
				"facing": "block",
			}
		}
	],
	attributes: {
		handbook: {
			groupBy: ["woodentrapdoor-*"]
		}
	},
	variantgroups: [
		{ code: "state", states: ["closed", "opened"] },
		{ code: "v", states: ["up", "left", "down", "right"] },
		{ code: "rot", loadFromProperties: "abstract/horizontalorientation" }
	],
	shapeByType: {
		"*-closed-up-north": { base: "block/wood/trapdoor/wooden/wooden-up-closed", rotateY: 0 },
		"*-closed-up-west": { base: "block/wood/trapdoor/wooden/wooden-up-closed", rotateY: 90 },
		"*-closed-up-south": { base: "block/wood/trapdoor/wooden/wooden-up-closed", rotateY: 180 },
		"*-closed-up-east": { base: "block/wood/trapdoor/wooden/wooden-up-closed", rotateY: 270 },
		"*-opened-up-north": { base: "block/wood/trapdoor/wooden/wooden-up-opened", rotateY: 0 },
		"*-opened-up-west": { base: "block/wood/trapdoor/wooden/wooden-up-opened", rotateY: 90 },
		"*-opened-up-south": { base: "block/wood/trapdoor/wooden/wooden-up-opened", rotateY: 180 },
		"*-opened-up-east": { base: "block/wood/trapdoor/wooden/wooden-up-opened", rotateY: 270 },
		"*-closed-left-north": { base: "block/wood/trapdoor/wooden/wooden-left-closed", rotateY: 0 },
		"*-closed-left-west": { base: "block/wood/trapdoor/wooden/wooden-right-closed", rotateY: 90 },
		"*-closed-left-south": { base: "block/wood/trapdoor/wooden/wooden-right-closed", rotateY: 180 },
		"*-closed-left-east": { base: "block/wood/trapdoor/wooden/wooden-left-closed", rotateY: 270 },
		"*-opened-left-north": { base: "block/wood/trapdoor/wooden/wooden-left-opened", rotateY: 0 },
		"*-opened-left-west": { base: "block/wood/trapdoor/wooden/wooden-right-opened", rotateY: 90 },
		"*-opened-left-south": { base: "block/wood/trapdoor/wooden/wooden-right-opened", rotateY: 180 },
		"*-opened-left-east": { base: "block/wood/trapdoor/wooden/wooden-left-opened", rotateY: 270 },
		"*-closed-down-north": { base: "block/wood/trapdoor/wooden/wooden-down-closed", rotateY: 0 },
		"*-closed-down-west": { base: "block/wood/trapdoor/wooden/wooden-down-closed", rotateY: 90 },
		"*-closed-down-south": { base: "block/wood/trapdoor/wooden/wooden-down-closed", rotateY: 180 },
		"*-closed-down-east": { base: "block/wood/trapdoor/wooden/wooden-down-closed", rotateY: 270 },
		"*-opened-down-north": { base: "block/wood/trapdoor/wooden/wooden-down-opened", rotateY: 0 },
		"*-opened-down-west": { base: "block/wood/trapdoor/wooden/wooden-down-opened", rotateY: 90 },
		"*-opened-down-south": { base: "block/wood/trapdoor/wooden/wooden-down-opened", rotateY: 180 },
		"*-opened-down-east": { base: "block/wood/trapdoor/wooden/wooden-down-opened", rotateY: 270 },
		"*-closed-right-north": { base: "block/wood/trapdoor/wooden/wooden-right-closed", rotateY: 0 },
		"*-closed-right-west": { base: "block/wood/trapdoor/wooden/wooden-left-closed", rotateY: 90 },
		"*-closed-right-south": { base: "block/wood/trapdoor/wooden/wooden-left-closed", rotateY: 180 },
		"*-closed-right-east": { base: "block/wood/trapdoor/wooden/wooden-right-closed", rotateY: 270 },
		"*-opened-right-north": { base: "block/wood/trapdoor/wooden/wooden-right-opened", rotateY: 0 },
		"*-opened-right-west": { base: "block/wood/trapdoor/wooden/wooden-left-opened", rotateY: 90 },
		"*-opened-right-south": { base: "block/wood/trapdoor/wooden/wooden-left-opened", rotateY: 180 },
		"*-opened-right-east": { base: "block/wood/trapdoor/wooden/wooden-right-opened", rotateY: 270 },
	},
	creativeinventory: { "general": ["*-closed-up-north"], "decorative": ["*-closed-up-north"], "medieval": ["*-closed-up-north"] },
	drops: [{ code: "woodentrapdoor-closed-up-north" }],
	blockmaterial: "Wood",
	replaceable: 900,
	lightAbsorption: 2,
	emitSideAo: { all: false },
	resistance: 3,
	sideopaque: { all: false },
	sidesolid: { all: false },
	emitsideao: { all: false },
	sideao: { all: true },
	collisionboxByType: {
		"*-closed-*": { x1: 0, y1: 0, z1: 0, x2: 1, y2: 0.1875, z2: 1,
			rotateXByType: {
				"*-up-east": 0,
				"*-left-east": 90,
				"*-down-east": 180,
				"*-right-east": 270,
				"*-up-west": 0,
				"*-left-west": 90,
				"*-down-west": 180,
				"*-right-west": 270,
			},
			rotateZByType: {
				"*-up-north": 0,
				"*-left-north": 270,
				"*-down-north": 180,
				"*-right-north": 90,
				"*-up-south": 0,
				"*-left-south": 270,
				"*-down-south": 180,
				"*-right-south": 90,
			}
		},
		"*-opened-*-*": { x1: 0, y1: 0, z1: 0, x2: 1, y2: 1, z2: 0.1875, 
			rotateYByType: {
				"*-north": 0,
				"*-east": 270,
				"*-south": 180,
				"*-west": 90,
			}
		},
	},
	selectionboxByType: {
		"*-closed-*": { x1: 0, y1: 0, z1: 0, x2: 1, y2: 0.1875, z2: 1,
			rotateXByType: {
				"*-up-east": 0,
				"*-left-east": 90,
				"*-down-east": 180,
				"*-right-east": 270,
				"*-up-west": 0,
				"*-left-west": 90,
				"*-down-west": 180,
				"*-right-west": 270,
			},
			rotateZByType: {
				"*-up-north": 0,
				"*-left-north": 270,
				"*-down-north": 180,
				"*-right-north": 90,
				"*-up-south": 0,
				"*-left-south": 270,
				"*-down-south": 180,
				"*-right-south": 90,
			}
		},
		"*-opened-*-*": { x1: 0, y1: 0, z1: 0, x2: 1, y2: 1, z2: 0.1875, 
			rotateYByType: {
				"*-north": 0,
				"*-east": 270,
				"*-south": 180,
				"*-west": 90,
			}
		},
	},
	combustibleProps: {
		burnTemperature: 600,
		burnDuration: 15,
	},
	sounds: {
		"place": "game:block/planks",
		"hit": "game:block/planks",
		"break": "game:block/planks",
		"walk": "game:walk/wood"
	},
	guiTransform: {
		origin: { x: 0.5, y: 0.125, z: 0.5 },
		scale: 1.12
	},
	tpHandTransform: {
		translation: { x: -1.5, y: -0.1, z: -1.07 },
		rotation: { x: 102, y: 7, z: 0 },
		origin: { x: 0.5, y: 0.1, z: 0.5 },
		scale: 0.4
	},
	fpHandTransform: {
		translation: { x: 0.1, y: 0, z: 0.33 },
		rotation: { x: 0, y: -50, z: 109 },
		origin: { x: 0.5, y: 0.13, z: 0.5 },
		scale: 1.37
	}
}
