{
	code: "blockrope",
	behaviors: [ { name: "CanAttach", properties: { sides: ["down"] } },
	 			 { name: "UnstableFalling", properties: { attachableFaces: ["up"],
				   impactDamageMul: 1,
				   attachmentAreas: {
					"up": { x1: 7, y1: 0, z1: 7, x2: 8, y2: 0, z2: 8 }
			}
		}
	  }
	 ],
	attributes: {
		handbook: {
			groupBy: ["blockrope-*"]
		}
	},
	variantgroups: [
		{ code: "material", states: [ "ropenormal"] }
	],
	creativeinventory: { "general": ["blockrope-{material}"], "decorative": ["blockrope-{material}"], "medieval": ["blockrope-{material}"] },	
	shape: { base: "block/medieval/rope" },
	blockmaterial: "Cloth",
	climbable: true,
	texturesByType: {
		"*-ropenormal": {
			"material": { base: "block/rope/ropenormal*" }
		}
	},
	drawtypeByType: {
		"blockrope-*": "JSON"
	},
	sidesolid: {
		all: false
	},
	sideopaque: { all: false },
	resistance: 3,
	lightAbsorption: 0,
	sounds: {
		place: "game:block/cloth",
		break: "game:block/cloth",
		hit: "game:block/cloth",
		walk: "game:walk/cloth"
	},
	selectionboxbytype: {
		"blockrope-*": { x1: 0.4375, y1: 0, z1: 0.4375, x2: 0.5625, y2: 1, z2: 0.5625 }
	},
	selectionboxbytype: {
		"blockrope-*": { x1: 0.4375, y1: 0, z1: 0.4375, x2: 0.5625, y2: 1, z2: 0.5625 }
	},
	collisionboxbytype: {
		"blockrope-*": { x1: 0.4375, y1: 0, z1: 0.4375, x2: 0.5625, y2: 1, z2: 0.5625 }
	},
	materialDensity: 200,
	tpHandTransform: {
		translation: { x: -1.5, y: -1, z: -1.2 },
		rotation: { x: 5, y: -3, z: -96 },
		scale: 0.37
	},
	groundTransform: {
		translation: { x: 0, y: 0.05, z: 0 },
		rotation: { x: 90, y: -45, z: 0 },
		origin: { x: 0.5, y: 0, z: 0.5 },
		scale: 2.07
	},
		tpHandTransform: {
		translation: { x: -1.5, y: -1.2, z: -1.3 },
		rotation: { x: 5, y: -3, z: -96 },
		scale: 0.37
	}
}