{
	"code": "biscuitporcelain",
	"class": "Block",
	"variantgroups": [
		{ "code": "type", "states": [ "lavender", "paleblue", "palegreen", "palered", "peach", "sunflower", "white" ] }
	],
	"shape": { "base": "game:block/basic/cube" },
	"drawtype": "Cube",
	"blockmaterial": "Ceramic",
	"creativeinventory": { "general": ["*"], "construction": ["*"], "ceramics": ["*"] },
	"replaceable": 800,
	"resistance": 1.5,
	"lightAbsorption": 99,
	"textures": {
		"all": { "base": "bricklayers:block/clay/burnt/{type}", "alternates": [ { "base": "bricklayers:block/clay/burnt/{type}1" } ] }
	},
	"sounds": {
		"walk": "game:walk/stone",
		"place": "game:block/ceramicplace"
	},
	"heldTpIdleAnimation": "holdbothhandslarge", "heldTpUseAnimation": "twohandplaceblock",
	"tpHandTransform": {
		"translation": { "x": -1.2, "y": -1.1, "z": -0.8 },
		"rotation": { "x": -2, "y": 25, "z": -78 },
		"scale": 0.37
	}
}
