{
  "code": "herbracktop",
  "shape": { "base": "alchemy:item/herbracktop" },
  "variantgroups": [{ "code": "metal", "loadFromProperties": "block/metal" }],
  "textures": {
    "top": { "base": "game:block/metal/sheet/{metal}1" }
  },
  "attributes": {
    "handbook": {
      "excludeByType": {
        "*-copper": false,
        "*": true
      }
    }
  },
  "heldTpIdleAnimation": "holdbothhands",
  "guiTransform": {
    "translation": { "x": 0, "y": 0, "z": 0 },
    "rotation": { "x": -29, "y": 44, "z": 180 },
    "origin": { "x": 0.1, "y": 0.35, "z": 0 },
    "scale": 1.73
  },
  "fpHandTransform": {
    "translation": { "x": 0, "y": 0, "z": 0 },
    "rotation": { "x": 0, "y": 0, "z": 0 },
    "origin": { "x": 0, "y": 0, "z": 0 },
    "scale": 2
  },
  "tpHandTransform": {
    "translation": { "x": 1, "y": 0.4, "z": 0.05 },
    "rotation": { "x": 0, "y": 27, "z": -89 },
    "origin": { "x": 0, "y": 0, "z": 0 },
    "scale": 1
  },
  "groundTransform": {
    "translation": { "x": 0, "y": 0, "z": 0 },
    "rotation": { "x": 0, "y": 0, "z": 1 },
    "origin": { "x": 0, "y": 0.3, "z": 0 },
    "scale": 3
  },
  "creativeinventory": { "general": ["*-copper"], "decorative": ["*"] },
  "maxstacksize": 64
}
