[
  {
    "op": "add",
    "path": "/attributes/tradeProps/selling/list/-",
    "value": {
      "code": "storagevessel-loam",
      "type": "block",
      "stacksize": 1,
      "stock": {
        "avg": 2,
        "var": 0.5
      },
      "price": {
        "avg": 8,
        "var": 2
      },
      "attributes": {
        "type": "normal"
      }
    },
    "file": "game:entities/humanoid/trader-artisan.json"
  },
  {
    "op": "add",
    "path": "/attributes/tradeProps/selling/list/-",
    "value": {
      "code": "storagevessel-skull",
      "type": "block",
      "stacksize": 1,
      "stock": {
        "avg": 2,
        "var": 0.5
      },
      "price": {
        "avg": 8,
        "var": 2
      },
      "attributes": {
        "type": "normal"
      }
    },
    "file": "game:entities/humanoid/trader-artisan.json"
  },
  {
    "op": "add",
    "path": "/attributes/tradeProps/selling/list/-",
    "value": {
      "code": "storagevessel-celtic",
      "type": "block",
      "stacksize": 1,
      "stock": {
        "avg": 2,
        "var": 0.5
      },
      "price": {
        "avg": 8,
        "var": 2
      },
      "attributes": {
        "type": "normal"
      }
    },
    "file": "game:entities/humanoid/trader-artisan.json"
  },
  {
    "op": "add",
    "path": "/attributes/tradeProps/selling/list/-",
    "value": {
      "code": "storagevessel-sky",
      "type": "block",
      "stacksize": 1,
      "stock": {
        "avg": 2,
        "var": 0.5
      },
      "price": {
        "avg": 8,
        "var": 2
      },
      "attributes": {
        "type": "normal"
      }
    },
    "file": "game:entities/humanoid/trader-artisan.json"
  },
  {
    "op": "add",
    "path": "/attributes/tradeProps/selling/list/-",
    "value": {
      "code": "storagevessel-sea",
      "type": "block",
      "stacksize": 1,
      "stock": {
        "avg": 2,
        "var": 0.5
      },
      "price": {
        "avg": 8,
        "var": 2
      },
      "attributes": {
        "type": "normal"
      }
    },
    "file": "game:entities/humanoid/trader-artisan.json"
  },
  {
    "op": "add",
    "path": "/attributes/tradeProps/selling/list/-",
    "value": {
      "code": "storagevessel-vs",
      "type": "block",
      "stacksize": 1,
      "stock": {
        "avg": 2,
        "var": 0.5
      },
      "price": {
        "avg": 8,
        "var": 2
      },
      "attributes": {
        "type": "normal"
      }
    },
    "file": "game:entities/humanoid/trader-artisan.json"
  },
  {
    "op": "add",
    "path": "/attributes/tradeProps/selling/list/36",
    "value": {
      "code": "clayplanter-loam",
      "type": "block",
      "stacksize": 1,
      "stock": {
        "avg": 6,
        "var": 1.5
      },
      "price": {
        "avg": 6,
        "var": 1.25
      }
    },
    "file": "game:entities/humanoid/trader-artisan.json"
  }
]