[
  {
    "op": "add",
    "path": "/attributes/tradeProps/selling/list/-",
    "value": 
      {
        "code": "medieval:inkbook-east",
        "type": "block",
        "stacksize": 1,
        "stock": {
          "avg": 1,
          "var": 0.25
        },
        "price": {
          "avg": 10,
          "var": 4.25
        }
      },
    "file": "game:entities/humanoid/trader-luxuries.json",
    "side": "Server"
  },
  {
    "op": "add",
    "path": "/attributes/tradeProps/selling/list/-",
    "value": 
      {
        "code": "medieval:wm-east",
        "type": "block",
        "stacksize": 1,
        "stock": {
          "avg": 1,
          "var": 0.25
        },
        "price": {
          "avg": 12,
          "var": 4.25
        }
      },
    "file": "game:entities/humanoid/trader-luxuries.json",
    "side": "Server"
  },
  {
    "op": "add",
    "path": "/attributes/tradeProps/selling/list/-",
    "value": 
      {
        "code": "medieval:globe-east",
        "type": "block",
        "stacksize": 1,
        "stock": {
          "avg": 1,
          "var": 0.25
        },
        "price": {
          "avg": 15,
          "var": 4.25
        }
      },
    "file": "game:entities/humanoid/trader-luxuries.json",
    "side": "Server"
  },
  {
    "op": "add",
    "path": "/attributes/tradeProps/selling/list/-",
    "value": 
      {
        "code": "medieval:sand_clock-east",
        "type": "block",
        "stacksize": 1,
        "stock": {
          "avg": 1,
          "var": 0.25
        },
        "price": {
          "avg": 12,
          "var": 4.25
        }
      },
    "file": "game:entities/humanoid/trader-luxuries.json",
    "side": "Server"
  },
  {
    "op": "add",
    "path": "/attributes/tradeProps/selling/list/-",
    "value": 
      {
        "code": "medieval:leon-east",
        "type": "block",
        "stacksize": 1,
        "stock": {
          "avg": 1,
          "var": 0.25
        },
        "price": {
          "avg": 10,
          "var": 4.25
        }
      },
    "file": "game:entities/humanoid/trader-luxuries.json",
    "side": "Server"
  },
  {
    "op": "add",
    "path": "/attributes/tradeProps/selling/list/-",
    "value": 
      {
        "code": "medieval:medievaltuningcylinder-666",
        "type": "item",
        "stacksize": 1,
        "stock": {
          "avg": 1,
          "var": 0.25
        },
        "price": {
          "avg": 10,
          "var": 4.25
        }
      },
    "file": "game:entities/humanoid/trader-luxuries.json",
    "side": "Server"
  }
]