[
  {
    "op": "add",
    "path": "/attributes/tradeProps/selling/list/-",
    "value": 
            {
                "code": "stone-chalk",
                "type": "item",
                "stacksize": 16,
                "stock": {
                    "avg": 12,
                    "var": 3
                },
                "price": {
                    "avg": 3,
                    "var": 0.75
                }
            },
    "file": "game:entities/humanoid/trader-commodities.json",
    "side": "Server"
  },
  {
    "op": "add",
    "path": "/attributes/tradeProps/selling/list/-",
    "value": 
            {
                "code": "ore-borax",
                "type": "item",
                "stacksize": 8,
                "stock": {
                    "avg": 4,
                    "var": 1
                },
                "price": {
                    "avg": 4,
                    "var": 1
                }
            },
    "file": "game:entities/humanoid/trader-commodities.json",
    "side": "Server"
  },
  {
    "op": "add",
    "path": "/attributes/tradeProps/selling/list/-",
    "value": 
            {
                "code": "ore-cinnabar",
                "type": "item",
                "stacksize": 8,
                "stock": {
                    "avg": 4,
                    "var": 1
                },
                "price": {
                    "avg": 4,
                    "var": 1
                }
            },
    "file": "game:entities/humanoid/trader-commodities.json",
    "side": "Server"
  },
  {
    "op": "add",
    "path": "/attributes/tradeProps/selling/list/-",
    "value": 
            {
                "code": "ore-lapislazuli",
                "type": "item",
                "stacksize": 8,
                "stock": {
                    "avg": 4,
                    "var": 1
                },
                "price": {
                    "avg": 4,
                    "var": 1
                }
            },
    "file": "game:entities/humanoid/trader-commodities.json",
    "side": "Server"
  },
  {
    "op": "add",
    "path": "/attributes/tradeProps/selling/list/-",
    "value": 
            {
                "code": "ore-anthracite",
                "type": "item",
                "stacksize": 8,
                "stock": {
                    "avg": 4,
                    "var": 1
                },
                "price": {
                    "avg": 4,
                    "var": 1
                }
            },
    "file": "game:entities/humanoid/trader-commodities.json",
    "side": "Server"
  },
  {
    "op": "add",
    "path": "/attributes/tradeProps/selling/list/-",
    "value": 
            {
                "code": "ore-sylvite",
                "type": "item",
                "stacksize": 8,
                "stock": {
                    "avg": 4,
                    "var": 1
                },
                "price": {
                    "avg": 4,
                    "var": 1
                }
            },
    "file": "game:entities/humanoid/trader-commodities.json",
    "side": "Server"
  },
  {
    "op": "add",
    "path": "/attributes/tradeProps/selling/list/-",
    "value": 
            {
                "code": "ore-olivine",
                "type": "item",
                "stacksize": 8,
                "stock": {
                    "avg": 4,
                    "var": 1
                },
                "price": {
                    "avg": 4,
                    "var": 1
                }
            },
    "file": "game:entities/humanoid/trader-commodities.json",
    "side": "Server"
  }
]