[
  {
    "op": "add",
    "path": "/attributes/tradeProps/selling/list/-",
    "value": {
      "code": "wallpaper-leon",
      "type": "block",
      "stacksize": 16,
      "stock": {
        "avg": 4,
        "var": 1
      },
      "price": {
        "avg": 6,
        "var": 1.5
      }
    },
    "file": "game:entities/humanoid/trader-buildmaterials.json"
  },
  {
    "op": "add",
    "path": "/attributes/tradeProps/selling/list/-",
    "value": {
      "code": "wallpaper-medieval1",
      "type": "block",
      "stacksize": 16,
      "stock": {
        "avg": 4,
        "var": 1
      },
      "price": {
        "avg": 6,
        "var": 1.5
      }
    },
    "file": "game:entities/humanoid/trader-buildmaterials.json"
  },
  {
    "op": "add",
    "path": "/attributes/tradeProps/selling/list/-",
    "value": {
      "code": "rock-greenmarble",
      "type": "block",
      "stacksize": 16,
      "stock": {
        "avg": 4,
        "var": 1
      },
      "price": {
        "avg": 10,
        "var": 1.5
      }
    },
    "file": "game:entities/humanoid/trader-buildmaterials.json"
  },
  {
    "op": "add",
    "path": "/attributes/tradeProps/selling/list/-",
    "value": {
      "code": "rock-redmarble",
      "type": "block",
      "stacksize": 16,
      "stock": {
        "avg": 4,
        "var": 1
      },
      "price": {
        "avg": 10,
        "var": 1.5
      }
    },
    "file": "game:entities/humanoid/trader-buildmaterials.json"
  },
  {
    "op": "add",
    "path": "/attributes/tradeProps/selling/list/-",
    "value": {
      "code": "rock-whitemarble",
      "type": "block",
      "stacksize": 16,
      "stock": {
        "avg": 4,
        "var": 1
      },
      "price": {
        "avg": 10,
        "var": 1.5
      }
    },
    "file": "game:entities/humanoid/trader-buildmaterials.json"
  }
]