{
	code: "big-backpack",
	maxstacksize: 1,
	behaviors: [

		{ name: "GroundStorable", properties: { layout: 'Quadrants', collisionBox: { x1: 0, y1: 0, z1: 0, x2: 1, y2: 0.375, z2: 1 } } }

	],
	attributes: {
		wearableAttachment: true,
		attachShape: { base: "item/bag/big-backpack-attached" },
		backpack: {
			quantitySlots: 30,
			slotBgColor: "#bf6e6e"
		}
	},
	shape: { base: "item/bag/big-backpack" },
	textures: {
		"straps": { base: "item/bag/backpack/straps" },
		"leather": { base: "item/bag/backpack/leather" } 
	},
	storageFlags: 2,
	creativeinventory: { "general": ["*"], "items": ["*"], "medieval": ["*"] },
	guiTransform: {
		translation: { x: 0, y: 0, z: 0 },
		rotation: { x: -20, y: 21, z: 180 },
		origin: { x: 0.53, y: 0.35, z: 0.5 },
		scale: 2.3,
		rotate: true
	},
	fpHandTransform: {
		translation: { x: 0, y: 0, z: 0.2 },
		rotation: { x: 20, y: -73, z: 10 },
		scale: 2.5
	},
	tpHandTransform: {
		translation: { x: -0.66, y: -0.5, z: -0.45 },
		rotation: { x: -89, y: 67, z: -91 },
		scale: 0.86
	},
	groundTransform: {
		translation: { x: 0, y: 0, z: 0 },
		rotation: { x: 180, y: 33, z: -180 },
		origin: { x: 0.5, y: 0, z: 0.5 },
		scale: 4.5
	}
}