{
  "code": "medievalbarrel",
  "class": "BlockBarrel",
  "entityClass": "Barrel",
  "behaviors": [{ "name": "UnstableFalling" }],
  "shape": { 
            "base": "game:block/wood/barrel/empty" 
          },
  "creativeinventory": { 
                        "general": ["*"], "decorative": ["*"], "medieval": ["*"] 
                      },
  "blockmaterial": "Wood",
  "replaceable": 900,
  "resistance": 1.5,
  "maxStackSize": 1,
  "lightAbsorption": 1,
  "variantgroups": [ { "code": "type", "states": ["aged"], "loadFromProperties": "block/wood" } ],
  "skipVariants": ["*-oak"],
  "textures": {
    "0": { "base": "game:block/wood/debarked/barrel/side/{type}" }
  },
  "attributes": {
    "partialAttachable": true,
    "capacityLitres": 50
  },
  "sideao": {
    "all": false
  },
  "sidesolid": {
    "all": false
  },
  "emitsideao": {
    "all": false
  },
  "sideopaque": {
    "all": false
  },
  "collisionbox": {
    "x1": 0,
    "y1": 0,
    "z1": 0,
    "x2": 1,
    "y2": 0.9375,
    "z2": 1
  },
  "selectionbox": {
    "x1": 0,
    "y1": 0,
    "z1": 0,
    "x2": 1,
    "y2": 0.9375,
    "z2": 1
  },
  "combustibleProps": {
    "burnTemperature": 600,
    "burnDuration": 20
  },
  "sounds": {
    "place": "game:block/planks",
    "hit": "game:block/planks",
    "break": "game:block/planks",
    "walk": "game:walk/wood"
  },
  "materialDensity": 600,
  "heldTpIdleAnimation": "holdbothhandslarge",
  "heldTpUseAnimation": "twohandplaceblock",
  "tpHandTransform": {
    "translation": { "x": -1.45, "y": -0.82, "z": -0.54 },
    "rotation": { "x": 12, "y": 14, "z": -73 },
    "scale": 0.44
  }
}
