{
	code: "medievalbed",
	class: "BlockBed",
	entityClassByType: {
		"*-head-*": "Bed",
	},
	attributes: {
		sleepEfficiencyByType: {
			"medievalbed-*": 0.8
		},
		handbook: {
			groupBy: ["medievalbed-{color}-*"]
		},
	},
	sidesolid: {
		all: false
	},
	sideopaque: {
		all: false
	},
	heldTpIdleAnimation: "holdunderarm",
	variantgroups: [
		{ code: "color", states: ["black", "blue", "brown", "gray", "green", "orange", "pink", "purple", "red", "white", "yellow", ] },
		{ code: "part", states: ["head", "feet"] },
		{ code:"side", loadFromProperties: "abstract/horizontalorientation" }
	],
	creativeinventory: { "general": ["*-head-north"], "decorative": ["*-head-north"], "medieval": ["*-head-north"] },
	shapeinventory: { base: "block/wood/bed/{color}/inventory", rotateY: 180 },
	shapebytype: {
		"*-head-north": { base: "block/wood/bed/{color}/bed-head", rotateY: 90 },
		"*-head-east": { base: "block/wood/bed/{color}/bed-head", rotateY: 0 },
		"*-head-south": { base: "block/wood/bed/{color}/bed-head", rotateY: 270 },
		"*-head-west": { base: "block/wood/bed/{color}/bed-head", rotateY: 180 },
		"*-feet-north": { base: "block/wood/bed/{color}/bed-feet", rotateY: 90 },
		"*-feet-east": { base: "block/wood/bed/{color}/bed-feet", rotateY: 0 },
		"*-feet-south": { base: "block/wood/bed/{color}/bed-feet", rotateY: 270 },
		"*-feet-west": { base: "block/wood/bed/{color}/bed-feet", rotateY: 180 },
	},
	blockmaterial: "Wood",
	replaceable: 550,
	resistance: 2,
	lightAbsorption: 0,
	maxStackSize: 2,
	guitransform: {
		scale: 0.75,
	},
	combustibleProps: {
		burnTemperature: 600,
		burnDuration: 40,
	},
	fpHandTransform: {
		translation: { x: 0.31, y: -0.2, z: 0 },
		rotation: { x: -67, y: -33, z: 77 },
		origin: { x: 0.5, y: 0.2, z: 0.5 },
		scale: 1.35
	},
	groundTransform: {
		origin: { x: 0.5, y: 0, z: 0.5 },
		scale: 2
	},
	tpHandTransformByType: {
		"*": {
			translation: { x: -0.9, y: -0.3, z: -0.9 },
			rotation: { x: -80, y: -37, z: 17 },
			scale: 0.45
		}
	},
	guiTransformByType: {
		"*": {
			origin: { x: 0.5, y: 0.4, z: 0.5 },
			scale: 0.75
		}
	},
	selectionbox: { x1: 0, y1: 0, z1: 0, x2: 1, y2: 0.5  , z2: 1},
	collisionbox: { x1: 0, y1: 0, z1: 0, x2: 1, y2:  0.5  , z2: 1},
	sounds: {
		"place": "game:block/planks",
		"hit": "game:block/planks",
		"break": "game:block/planks",
		"walk": "game:walk/wood"
	},
	materialDensity: 600
}