{
	code: "chairl",
	behaviors: [{name: "UnstableFalling"}, {name: "HorizontalOrientable"} ],
	attributes: {
	},
	variantgroups: [
		{ code: "material", states: ["aged"], "loadFromProperties": "block/wood" },	
		{ code: "side", loadFromProperties: "abstract/horizontalorientation" }
	],
	shapeByType: {

		"*-north": { base: "block/wood/chairl", rotateY: 90 },
		"*-east": { base: "block/wood/chairl", rotateY: 0 },
		"*-south": { base: "block/wood/chairl", rotateY: 270 },
		"*-west": { base: "block/wood/chairl", rotateY: 180 }
	},
	texturesByType: {

		"*-acacia-*": { 
				"material": { base: "block/wood/debarked/{material}" },
				"deco": { base: "block/wood/debarked/deco/{material}deco" }
		},

		"*-aged-*": { 
				"material": { base: "block/wood/debarked/{material}" },
				"deco": { base: "block/wood/debarked/deco/{material}deco" }
		},

		"*-baldcypress-*": { 
				"material": { base: "block/wood/debarked/{material}" },
				"deco": { base: "block/wood/debarked/deco/{material}deco" }
		},

		"*-birch-*": { 
				"material": { base: "block/wood/debarked/{material}" },
				"deco": { base: "block/wood/debarked/deco/{material}deco" }
		},

		"*-ebony-*": { 
				"material": { base: "block/wood/debarked/{material}" },
				"deco": { base: "block/wood/debarked/deco/{material}deco" }
		},

		"*-kapok-*": { 
				"material": { base: "block/wood/debarked/{material}" },
				"deco": { base: "block/wood/debarked/deco/{material}deco" }
		},

		"*-larch-*": { 
				"material": { base: "block/wood/debarked/{material}" },
				"deco": { base: "block/wood/debarked/deco/{material}deco" }
		},

		"*-maple-*": { 
				"material": { base: "block/wood/debarked/{material}" },
				"deco": { base: "block/wood/debarked/deco/{material}deco" }
		},

		"*-oak-*": { 
				"material": { base: "block/wood/debarked/{material}" },
				"deco": { base: "block/wood/debarked/deco/{material}deco" }
		},

		"*-pine-*": { 
				"material": { base: "block/wood/debarked/{material}" },
				"deco": { base: "block/wood/debarked/deco/{material}deco" }
		},

		"*-purpleheart-*": { 
				"material": { base: "block/wood/debarked/{material}" },
				"deco": { base: "block/wood/debarked/deco/{material}deco" }
		},

		"*-redwood-*": { 
				"material": { base: "block/wood/debarked/{material}" },
				"deco": { base: "block/wood/debarked/deco/{material}deco" }
		},

		"*-walnut-*": { 
				"material": { base: "block/wood/debarked/{material}" },
				"deco": { base: "block/wood/debarked/deco/{material}deco" }
		}
	},
	heldTpIdleAnimation: "holdunderarm",
	creativeinventoryByType: {
		"*": { "general": ["*-north"], "decorative": ["*-north"], "medieval": ["*-north"] }
	},
	blockmaterial: "Wood",
	replaceable: 900,
	resistance: 1.5,
	lightAbsorption: 1,
	emitSideAo: {all: false },
	sidesolid: {
		all: false
	},	
	sideopaque: {
		all: false
	},
	combustibleProps: {
		burnTemperature: 600,
		burnDuration: 30,
	},
	sounds: {
		"place": "game:block/planks",
		"hit": "game:block/planks",
		"break": "game:block/planks",
		"walk": "game:walk/wood"
	},
	materialDensity: 400,
	selectionbox: { x1: 0.0625, y1: 0, z1: 0.0625, x2: 0.9375, y2: 0.5, z2: 0.9375 },
	collisionbox: { x1: 0.0625, y1: 0, z1: 0.0625, x2: 0.9375, y2: 0.5, z2: 0.9375 },
	guiTransform: {
		translation: { x: 0, y: 6, z: 0 },
		origin: { x: 0.5, y: 0.25, z: 0.5 },
		rotation: { y: 225 }
	},
	groundTransform: {
		scale: 1.7
	},
	tpHandTransform: {
		translation: { x: -0.8, y: -0.42, z: -0.39 },
		rotation: { x: -8, y: 75, z: -101 },
		scale: 0.62
	},
	fpHandTransform: {
		translation: { x: -0.3, y: -0.25, z: 0.7 },
		rotation: { x: 30, y: -42, z: 91 },
		scale: 1.45
	}
}