{
	code: "chairwrot",
	behaviors: [{name: "UnstableFalling"}, {name: "HorizontalOrientable"},  ],
	attributes: {
		handbook: {	groupBy: ["chairw-*"]
		}
	},
	variantgroups: [
		{ code: "type", states: ["aged"], "loadFromProperties": "block/wood" },	
		{ code: "side", loadFromProperties: "abstract/horizontalorientation" }
	],
	shapeByType: {

		"*-north": { base: "block/wood/chairwnewrot", rotateY: 90 },
		"*-east": { base: "block/wood/chairwnewrot", rotateY: 0 },
		"*-south": { base: "block/wood/chairwnewrot", rotateY: 270 },
		"*-west": { base: "block/wood/chairwnewrot", rotateY: 180 }
	},
	texturesByType: {

		"*": { 
				"0": { base: "game:block/wood/debarked/{type}" },
				"1": { base: "game:block/wood/debarked/{type}" },
				"2": { base: "game:block/wood/debarked/{type}" },
				"3": { base: "game:block/wood/debarked/{type}", "rotation": 90 }
		}
	},
	heldTpIdleAnimation: "holdunderarm",
	creativeinventoryByType: {
		"*": {}
	},
	blockmaterial: "Wood",
	replaceable: 900,
	resistance: 1.5,
	lightAbsorption: 1,
	emitSideAo: {all: false },
	sidesolid: {
		all: false
	},	
	sideopaque: {
		all: false
	},
	combustibleProps: {
		burnTemperature: 600,
		burnDuration: 30,
	},
	sounds: {
		"place": "game:block/planks",
		"hit": "game:block/planks",
		"break": "game:block/planks",
		"walk": "game:walk/wood"
	},
	materialDensity: 400,
	selectionbox: { x1: 0.0625, y1: 0, z1: 0.0625, x2: 0.9375, y2: 0.5, z2: 0.9375 },
	collisionbox: { x1: 0.0625, y1: 0, z1: 0.0625, x2: 0.9375, y2: 0.5, z2: 0.9375 },
	guiTransform: {
		translation: { x: 0, y: 6, z: 0 },
		origin: { x: 0.5, y: 0.25, z: 0.5 },
		rotation: { y: 225 }
	},
	groundTransform: {
		scale: 1.7
	},
	tpHandTransform: {
		translation: { x: -0.8, y: -0.42, z: -0.39 },
		rotation: { x: -8, y: 75, z: -101 },
		scale: 0.62
	},
	fpHandTransform: {
		translation: { x: -0.3, y: -0.25, z: 0.7 },
		rotation: { x: 30, y: -42, z: 91 },
		scale: 1.45
	}
}