{
	"code": "goldenjewelrybox",
	"class": "BlockContainers",
	"entityclass": "BlockEntityContainers",
	"attributes": {
		"partialAttachable": true,
		"canPlaceGroundStorgeOnTop": false,
		"inventoryClassName": "container",
		"defaultType": "generic",
		"types": [ "gold" ],
		"rotatatableInterval": {
			"gold": "22.5deg"
		},
		"canAutoPull": {
			"gold": false
		},
		"drop": {
			"gold": true
		},
		"quantitySlots": {
			"gold": 8
		},
		"quantityColumns": {
			"gold": 4
		},
		"dialogTitleLangCode": {
			"gold": "Joyero"
		},
		"storageType": {
			"gold": 189
		},
		"retrieveOnly": {
			"gold": false
		},
		"shape": {
			"gold": "block/wood/chest/goldenjewelrybox"
		},
		"typedOpenSound": {
			"gold": "game:sounds/block/metalchestopen"
		},
		"typedCloseSound": {
			"gold": "game:sounds/block/metalchestclose"
		},
		"variantByGroup": "side",
		"variantByGroupInventory": null
	},
	"behaviors": [{"name": "Lockable" }, {"name": "Container"},	{ "name": "HorizontalOrientable", "properties": { "dropBlockFace": "east" }
		}, { "name": "Carryable", "properties": { "translation": [ 0.0625, 0, 0 ], "rotation": [ 0, 180, 0 ], "slots": { "Hands": {  }, "Back": {  }}
    }}],
	"entityBehaviors": [{ "name": "Animatable" }],
	"variantgroups": [
		{ "code":"side", "loadFromProperties": "abstract/horizontalorientation" }
	],
	"creativeinventory": {  },
	"creativeinventoryStacksByType": {
		"*-east": [
			{
				"tabs": [ "general", "decorative", "medieval" ],
				"stacks": [
					{ "type": "block", "code": "goldenjewelrybox-east", "attributes": { "type": "gold" } }
				]
			}
		]
	},
	"heldTpIdleAnimation": "holdunderarm",
	"shapeInventory": { "base": "block/wood/chest/goldenjewelrybox", "rotateY": 270 },
	"shapeByType": {
		"*-north": { "base": "block/wood/chest/goldenjewelrybox", "rotateY": 0 },
		"*-east": { "base": "block/wood/chest/goldenjewelrybox", "rotateY": 270 },
		"*-west": { "base": "block/wood/chest/goldenjewelrybox", "rotateY": 90 },
		"*-south": { "base": "block/wood/chest/goldenjewelrybox", "rotateY": 180 }
	},
	"_comment": "Must declare textures so they get added to the block texture atlas",
	"textures": {






		"gold-3": { 
			"base": "block/littlechest/inside"
		},
		"gold-1": { 
			"base": "block/littlechest/tinbronze"
		},
		"gold-2": { 
			"base": "block/littlechest/top"
		}


	},
	"blockmaterial": "Metal",
	"replaceable": 900,
	"resistance": 3,
	"lightAbsorption": 0,
	"sideAo": { "all": false },
	"sidesolid": {
		"up": true,
		"all": false
	},
	"sideopaque": {
		"all": false
	},
	"selectionBoxes": [
		{
			"x1": 0.125,
			"y1": 0,
			"z1": 0.25,
			"x2": 0.875,
			"y2": 0.1875,
			"z2": 0.75,
			"rotateYByType": {
				"*-north": 0,
				"*-east": 270,
				"*-south": 180,
				"*-west": 90
			} 
		},
		{
			"x1": 0.125,
			"y1": 0.1875,
			"z1": 0.25,
			"x2": 0.875,
			"y2": 0.25,
			"z2": 0.75,
			"rotateYByType": {
				"*-north": 0,
				"*-east": 270,
				"*-south": 180,
				"*-west": 90
			} 
		}
	],
	"collisionSelectionBoxes": [
		{
			"x1": 0.125,
			"y1": 0,
			"z1": 0.25,
			"x2": 0.875,
			"y2": 0.1875,
			"z2": 0.75,
			"rotateYByType": {
				"*-north": 0,
				"*-east": 270,
				"*-south": 180,
				"*-west": 90
			} 
		},
		{
			"x1": 0.125,
			"y1": 0.1875,
			"z1": 0.25,
			"x2": 0.875,
			"y2": 0.25,
			"z2": 0.75,
			"rotateYByType": {
				"*-north": 0,
				"*-east": 270,
				"*-south": 180,
				"*-west": 90
			} 
		}
	],
	"sounds": {
		"place": "game:block/metaldoor-place",
		"break": "game:block/chute",
		"hit": "game:block/chute",
		"walk": "game:block/chute"
	},
	"materialDensity": 300,
	"tpHandTransform": {
		"translation": { "x": -0.9, "y": -0.5, "z": -0.3 },
		"rotation": { "x": 0, "y": 90, "z": -102 },
		"scale": 0.56
	},
		guiTransform: {
		origin: { x: 0.5, y: 0.2, z: 0.5 },
		scale: 1.6
	},
		groundTransform: {
		translation: { x: 0, y: 0, z: 0 },
		rotation: { x: 0, y: -45, z: 0 },
		origin: { x: 0.5, y: 0, z: 0.5 },
		scale: 4
	}
}