{
	code: "largechairf",
	variantgroups: [
		{ code: "type", states: ["aged"], "loadFromProperties": "block/wood" },
		{ code: "color", states: ["plain", "blue", "red", "yellow", "purple", "brown", "green", "orange", "black", "gray", "pink", "white"] },
		{ code: "side", loadFromProperties: "abstract/horizontalorientation" }

		 ],
	behaviors: [
		{ name: "UnstableFalling"},
		{ name: "HorizontalOrientable"},
		{ name: "Multiblock", propertiesByType: {
				"*-north": { sizex: 2, sizey: 1, sizez: 1, cposition: { x: 0, y: 0, z: 0 } },
				"*-east": { sizex: 1, sizey: 1, sizez: 2, cposition: { x: 0, y: 0, z: 0 } },
				"*-south": { sizex: 2, sizey: 1, sizez: 1, cposition: { x: 1, y: 0, z: 0 } },
				"*-west": { sizex: 1, sizey: 1, sizez: 2, cposition: { x: 0, y: 0, z: 1 } } 
			}
		}
	],
	creativeinventory: { "general": ["largechairf-{type}-{color}-north"], "decorative": ["largechairf-{type}-{color}-north"], "medieval": ["largechairf-{type}-{color}-north"] },
	
	heldTpIdleAnimation: "holdunderarm",
	shapeInventory: { base: "block/wood/largechairf", rotateY: 270 },
	shapeByType: {
		"*-north": { base: "block/wood/largechairf", rotateY: 0 },
		"*-east": { base: "block/wood/largechairf", rotateY: 270 },
		"*-west": { base: "block/wood/largechairf", rotateY: 90 },
		"*-south": { base: "block/wood/largechairf", rotateY: 180 },
	},
	texturesByType: {

		"*": { 
				"type": { base: "block/wood/chest/fancy/{type}door" },
				"cover": { base: "block/wool/{color}" },
				"deco": { base: "block/wood/debarked/chairdeco/{type}" },
				"engraving": { base: "block/wood/chair/engraving/{type}" }
		}
	},
	blockmaterial: "Wood",
	replaceable: 900,
	resistance: 3,
	lightAbsorption: 0,
	emitSideAo: {all: false },
	sideAo: { all: false },
	faceCullMode: "NeverCull",
	sidesolid: {
		all: false
	},
	sideopaque: {
		all: false
	},
	sideao: { 
		all: false
	},
	drops: [
		{ type: "block", code: "largechairf-{type}-{color}-north" }],
	collisionSelectionBox: {
		x1: 0, y1: 0, z1: 0, x2: 1, y2: 0.5, z2: 1,
		rotateYByType: {
			"*-east": 270,
			"*-west": 90,
			"*-south": 180
		}
	},
	combustibleProps: {
		burnTemperature: 600,
		burnDuration: 35,
	},
	sounds: {
		"place": "game:block/planks",
		"hit": "game:block/planks",
		"break": "game:block/planks",
		"walk": "game:walk/wood"
	},
	materialDensity: 600,
	tpHandTransform: {
		translation: { x: -0.3, y: -0.5, z: -0.6 },
		rotation: { x: 0, y: 80, z: -102 },
		scale: 0.56
	},
	guiTransform: {
		origin: { x: 0.5, y: 0.5, z: 0.97 },
		scale: 0.95
	}
}