{
	code: "littlebench",
	variantgroups: [
		{ code: "material", states: ["acacia", "aged", "baldcypress", "birch", "ebony", "kapok", "larch", "maple", "oak", "pine", "purpleheart", "redwood", "walnut"] },
		{ code:"side", loadFromProperties: "abstract/horizontalorientation" }

		 ],
	behaviors: [
		{ name: "UnstableFalling"},
		{ name: "HorizontalOrientable"}
	],
	creativeinventory: { "general": ["*-north"], "decorative": ["*-north"], "medieval": ["*-north"] },
	
	heldTpIdleAnimation: "holdunderarm",
	shapeInventory: { base: "block/wood/littlebench", rotateY: 270 },
	shapeByType: {
		"*-north": { base: "block/wood/littlebench", rotateY: 0 },
		"*-east": { base: "block/wood/littlebench", rotateY: 270 },
		"*-west": { base: "block/wood/littlebench", rotateY: 90 },
		"*-south": { base: "block/wood/littlebench", rotateY: 180 },
	},
	texturesByType: {

		"*": { 
						"material": { base: "block/wood/table/large/{material}" }
		}
	},
	blockmaterial: "Wood",
	replaceable: 900,
	resistance: 3,
	lightAbsorption: 0,
	sideAo: { all: false },
	faceCullMode: "NeverCull",
	sidesolid: {
		all: false
	},
	sideopaque: {
		all: false
	},
	sideao: { 
		all: false
	},
	drops: [
		{ type: "block", code: "littlebench-{material}-north" }],
	collisionSelectionBox: {
		x1: 0, y1: 0, z1: 0.25, x2: 1, y2: 0.5, z2: 0.75,
		rotateYByType: {
			"*-east": 270,
			"*-west": 90,
			"*-south": 180
		}
	},
	combustibleProps: {
		burnTemperature: 600,
		burnDuration: 35,
	},
	sounds: {
		"place": "game:block/planks",
		"hit": "game:block/planks",
		"break": "game:block/planks",
		"walk": "game:walk/wood"
	},
	materialDensity: 600,
	tpHandTransform: {
		translation: { x: -0.3, y: -0.5, z: -0.3 },
		rotation: { x: 0, y: 90, z: -102 },
		scale: 0.56
	},
		guiTransform: {
		scale: 0.95
	},	
		tpHandTransform: {
		translation: { x: -0.9, y: -0.5, z: -0.5 },
		rotation: { x: 0, y: 90, z: -102 },
		scale: 0.56
	}
}