{
	code: "planksfancy",
	attributes: {
		canChisel: true
	},
	creativeinventory: { "general": ["*"], "construction": ["*"], "medieval": ["*"] },
	shape: { base: "game:block/basic/cube" },
	drawtype: "cube",
	blockmaterial: "Wood",
	"textures": {
		"all": {  base: "block/wood/planks/fancy/fancy*" }
	},
	"replaceable": 400,
	resistance: 3.5,
	sounds: {
		"hit": "game:block/planks",
		"break": "game:block/planks",
		"place": "game:block/planks",
		"walk": "game:walk/wood"
	},
	heldTpIdleAnimation: "holdbothhandslarge", heldTpUseAnimation: "twohandplaceblock",
	tpHandTransform: {
		translation: { x: -1.23, y: -0.91, z: -0.8 },
		rotation: { x: -2, y: 25, z: -78 },
		scale: 0.4
	}
}