{
	code: "swordrackfun",
	class: "BlockMoldRack",
	entityClass: "MoldRack",
    behaviors: [ {"name": "HorizontalOrientable"} ],
	variantgroups: [
		{ code:"type", states: ["normal"] },
		{ code:"side", loadFromProperties: "abstract/horizontalorientation" }
	],
	shapeByType: {
		"*-north": { base: "block/wood/swordrackfun", rotateY: 0 },
		"*-east": { base: "block/wood/swordrackfun", rotateY: 270 },
		"*-west": { base: "block/wood/swordrackfun", rotateY: 90 },
		"*-south": { base: "block/wood/swordrackfun", rotateY: 180 },
	},
	heldTpIdleAnimation: "holdunderarm",
	creativeinventory: { "general": ["*-north"], "decorative": ["*-north"], "medieval": ["*-north"] },
	blockmaterial: "Wood",
	replaceable: 900,
	resistance: 1.5,
	lightAbsorption: 1,
	sidesolid: {
		all: false
	},	
	sideopaque: {
		all: false
	},
	sounds: {
		"place": "block/planks",
		"hit": "block/planks",
		"break": "block/planks",
		"walk": "walk/wood"
	},
	combustibleProps: {
		burnTemperature: 600,
		burnDuration: 35,
	},
	materialDensity: 400,
	tpHandTransform: {
		translation: { x: -0.8, y: -0.68, z: -0.41 },
		rotation: { x: 99, y: -10, z: -6 },
		scale: 0.5
	},
	fpHandTransform: {
		translation: { x: 0.08, y: -0.2, z: 0.6 },
		rotation: { x: 33, y: 134, z: -102 }
	},
	collisionSelectionBoxes: [
		{ x1: 0.03125, y1: 0, z1: 0.375, x2: 0.2185, y2: 1, z2: 0.625, rotateYByType: { "*-north": 0, "*-east": 270, "*-west": 90, "*-south": 180, } },
		{ x1: 0.2185, y1: 0, z1: 0.375, x2: 0.406, y2: 1, z2: 0.625, rotateYByType: { "*-north": 0, "*-east": 270, "*-west": 90, "*-south": 180, } },
		{ x1: 0.406, y1: 0, z1: 0.375, x2: 0.5935, y2: 1, z2: 0.625, rotateYByType: { "*-north": 0, "*-east": 270, "*-west": 90, "*-south": 180, } },
		{ x1: 0.5935, y1: 0, z1: 0.375, x2: 0.781, y2: 1, z2: 0.625, rotateYByType: { "*-north": 0, "*-east": 270, "*-west": 90, "*-south": 180, } },
		{ x1: 0.7815, y1: 0, z1: 0.375, x2: 0.969, y2: 1, z2: 0.625, rotateYByType: { "*-north": 0, "*-east": 270, "*-west": 90, "*-south": 180, } }
	]
}