[
	{
	"ingredientPattern": "LSF,QQB",
	"ingredients": {
		"F": { "type": "item", "code": "bricklayers:frit-ground-blue", "quantity": 2 },
		"L": { "type": "item", "code": "game:lime" },
		"S": { "type": "block", "code": "game:sand-*", "quantity": 1, "name": "sand", "allowedVariants": [ "andesite", "chalk", "conglomerate", "claystone", "granite", "limestone", "peridotite", "phyllite", "sandstone" ] },
		"Q": { "type": "item", "code": "game:crushed-quartz", "quantity": 1 },
		"B": { "type": "item", "code": "game:powderedborax", "quantity": 1 }
	},
	"width": 3,
	"height": 2,
	"output": { "type": "item", "code": "bricklayers:glassbatch-plain-blue", "quantity": 4 }
	},
	{
	"ingredientPattern": "LSF,QQB",
	"ingredients": {
		"F": { "type": "item", "code": "bricklayers:frit-ground-brown", "quantity": 2 },
		"L": { "type": "item", "code": "game:lime" },
		"S": { "type": "block", "code": "game:sand-*", "quantity": 1, "name": "sand", "allowedVariants": [ "andesite", "chalk", "conglomerate", "claystone", "granite", "limestone", "peridotite", "phyllite", "sandstone" ] },
		"Q": { "type": "item", "code": "game:crushed-quartz", "quantity": 1 },
		"B": { "type": "item", "code": "game:powderedborax", "quantity": 1 }
	},
	"width": 3,
	"height": 2,
	"output": { "type": "item", "code": "bricklayers:glassbatch-plain-brown", "quantity": 4 }
	},
	{
	"ingredientPattern": "LSF,QQB",
	"ingredients": {
		"F": { "type": "item", "code": "bricklayers:frit-ground-green", "quantity": 2 },
		"L": { "type": "item", "code": "game:lime" },
		"S": { "type": "block", "code": "game:sand-*", "quantity": 1, "name": "sand", "allowedVariants": [ "andesite", "chalk", "conglomerate", "claystone", "granite", "limestone", "peridotite", "phyllite", "sandstone" ] },
		"Q": { "type": "item", "code": "game:crushed-quartz", "quantity": 1 },
		"B": { "type": "item", "code": "game:powderedborax", "quantity": 1 }
	},
	"width": 3,
	"height": 2,
	"output": { "type": "item", "code": "bricklayers:glassbatch-plain-green", "quantity": 4 }
	},
	{
	"ingredientPattern": "LSF,QQB",
	"ingredients": {
		"F": { "type": "item", "code": "bricklayers:frit-ground-orange", "quantity": 2 },
		"L": { "type": "item", "code": "game:lime" },
		"S": { "type": "block", "code": "game:sand-*", "quantity": 1, "name": "sand", "allowedVariants": [ "andesite", "chalk", "conglomerate", "claystone", "granite", "limestone", "peridotite", "phyllite", "sandstone" ] },
		"Q": { "type": "item", "code": "game:crushed-quartz", "quantity": 1 },
		"B": { "type": "item", "code": "game:powderedborax", "quantity": 1 }
	},
	"width": 3,
	"height": 2,
	"output": { "type": "item", "code": "bricklayers:glassbatch-plain-orange", "quantity": 4 }
	},
	{
	"ingredientPattern": "LSF,QQB",
	"ingredients": {
		"F": { "type": "item", "code": "bricklayers:frit-ground-pink", "quantity": 2 },
		"L": { "type": "item", "code": "game:lime" },
		"S": { "type": "block", "code": "game:sand-*", "quantity": 1, "name": "sand", "allowedVariants": [ "andesite", "chalk", "conglomerate", "claystone", "granite", "limestone", "peridotite", "phyllite", "sandstone" ] },
		"Q": { "type": "item", "code": "game:crushed-quartz", "quantity": 1 },
		"B": { "type": "item", "code": "game:powderedborax", "quantity": 1 }
	},
	"width": 3,
	"height": 2,
	"output": { "type": "item", "code": "bricklayers:glassbatch-plain-pink", "quantity": 4 }
	},
	{
	"ingredientPattern": "LSF,QQB",
	"ingredients": {
		"F": { "type": "item", "code": "bricklayers:frit-ground-purple", "quantity": 2 },
		"L": { "type": "item", "code": "game:lime" },
		"S": { "type": "block", "code": "game:sand-*", "quantity": 1, "name": "sand", "allowedVariants": [ "andesite", "chalk", "conglomerate", "claystone", "granite", "limestone", "peridotite", "phyllite", "sandstone" ] },
		"Q": { "type": "item", "code": "game:crushed-quartz", "quantity": 1 },
		"B": { "type": "item", "code": "game:powderedborax", "quantity": 1 }
	},
	"width": 3,
	"height": 2,
	"output": { "type": "item", "code": "bricklayers:glassbatch-plain-violet", "quantity": 4 }
	},
	{
	"ingredientPattern": "LSF,QQB",
	"ingredients": {
		"F": { "type": "item", "code": "bricklayers:frit-ground-red", "quantity": 2 },
		"L": { "type": "item", "code": "game:lime" },
		"S": { "type": "block", "code": "game:sand-*", "quantity": 1, "name": "sand", "allowedVariants": [ "andesite", "chalk", "conglomerate", "claystone", "granite", "limestone", "peridotite", "phyllite", "sandstone" ] },
		"Q": { "type": "item", "code": "game:crushed-quartz", "quantity": 1 },
		"B": { "type": "item", "code": "game:powderedborax", "quantity": 1 }
	},
	"width": 3,
	"height": 2,
	"output": { "type": "item", "code": "bricklayers:glassbatch-plain-red", "quantity": 4 }
	},
	{
	"ingredientPattern": "LSF,QQB",
	"ingredients": {
		"F": { "type": "item", "code": "bricklayers:frit-ground-yellow", "quantity": 2 },
		"L": { "type": "item", "code": "game:lime" },
		"S": { "type": "block", "code": "game:sand-*", "quantity": 1, "name": "sand", "allowedVariants": [ "andesite", "chalk", "conglomerate", "claystone", "granite", "limestone", "peridotite", "phyllite", "sandstone" ] },
		"Q": { "type": "item", "code": "game:crushed-quartz", "quantity": 1 },
		"B": { "type": "item", "code": "game:powderedborax", "quantity": 1 }
	},
	"width": 3,
	"height": 2,
	"output": { "type": "item", "code": "bricklayers:glassbatch-plain-yellow", "quantity": 4 }
	},
	{
	"ingredientPattern": "LSF,QQB",
	"ingredients": {
		"F": { "type": "item", "code": "bricklayers:frit-ground-black", "quantity": 2 },
		"L": { "type": "item", "code": "game:lime" },
		"S": { "type": "block", "code": "game:sand-*", "quantity": 1, "name": "sand", "allowedVariants": [ "andesite", "chalk", "conglomerate", "claystone", "granite", "limestone", "peridotite", "phyllite", "sandstone" ] },
		"Q": { "type": "item", "code": "game:crushed-quartz", "quantity": 1 },
		"B": { "type": "item", "code": "game:powderedborax", "quantity": 1 }
	},
	"width": 3,
	"height": 2,
	"output": { "type": "item", "code": "bricklayers:glassbatch-plain-black", "quantity": 4 }
	},

	{
	"ingredientPattern": "LSF,QQB",
	"ingredients": {
		"F": { "type": "item", "code": "bricklayers:frit-ground-white", "quantity": 2 },
		"L": { "type": "item", "code": "game:lime" },
		"S": { "type": "block", "code": "game:sand-*", "quantity": 1, "name": "sand", "allowedVariants": [ "andesite", "chalk", "conglomerate", "claystone", "granite", "limestone", "peridotite", "phyllite", "sandstone" ] },
		"Q": { "type": "item", "code": "game:crushed-quartz", "quantity": 1 },
		"B": { "type": "item", "code": "game:powderedborax", "quantity": 1 }
	},
	"width": 3,
	"height": 2,
	"output": { "type": "item", "code": "bricklayers:glassbatch-opaque-white", "quantity": 4 }
	},

	{
	"code": "glassbatch-violet-rhodochrosite",
	"ingredientPattern": "RR,BB",
	"ingredients": {
		"R": { "type": "item", "code": "em:powdered-ore-rhodochrosite", "quantity": 1 },
		"R": { "type": "item", "code": "em:powdered-ore-rhodochrosite", "quantity": 1 },
		"B": { "type": "item", "code": "bricklayers:glassbatch-plain-pink", "quantity": 1, "name": "color" }
	},
	"width": 2,
	"height": 2,
	"recipeGroup": 3,
	"output": { "type": "item", "code": "bricklayers:glassbatch-plain-violet", "quantity": 4 }
	}
]
