{
	code: "glasspanenormal",
	class: "BlockGlassPane",
	variantgroups: [
		{ code: "type", states: ["ns", "ew"] }
	],
	attributesByType: {
		"*-ns": {
			handbook: { exclude: true }
		},
		"*-ew": {
			handbook: { groupBy: ["glasspanenormal-*"] }
		}
	},
	shapebytype: {
		"*-ew": { base: "block/glass/normal", rotateY: 0 },
		"*-ns": { base: "block/glass/normal", rotateY: 90 }
	},
	textures: {
		"frame2": { base: "block/glass/frame2" },
		"glass2": { base: "block/glass/glass2" }
	},
	drawtype: "json",
	creativeinventory: { "general": ["*-ew"], "construction": ["*-ew"], "medieval": ["*-ew"] },
	blockmaterial: "Glass",
	replaceable: 900,
	lightAbsorption: 0,
	resistance: 0.2,
	sidesolid: {
		all: false
	},
	sideopaque: {
		all: false
	},
	sounds: {
		"place": "game:player/buildhigh",
		"break": "game:block/glass",
		"hit": "game:block/glass"
	},
	collisionselectionboxByType: {
		"*-ns": { x1: 0, y1: 0, z1: 0.425, x2: 1, y2: 1, z2: 0.575 },
		"*-ew": { x1: 0.425, y1: 0, z1: 0, x2: 0.575, y2: 1, z2: 1 }
	},
	groundTransform: {
		origin: { x: 0.5, y: -0.01, z: 0.5 },
	},
	heldTpIdleAnimation: "holdbothhandslarge", heldTpUseAnimation: "twohandplaceblock",
	tpHandTransform: {
		translation: { x: -1.23, y: -0.91, z: -0.8 },
		rotation: { x: -2, y: 25, z: -78 },
		scale: 0.4
	}
	

}