{
	code: "smallclayroofingup",
	behaviors: [{name: "HorizontalOrientable", properties: {  dropBlockFace: "east", drop: { type: "block", code: "smallclayroofingup-{material}-east-free" }  }}],
	variantgroups: [
		{ code: "material", states: [ "fireclay", "blueclay", "redclay", "brownclay" ] },
		{ loadFromProperties: "abstract/horizontalorientation" },
		{ code: "cover", states: ["free", "snow"] }
	],
	shapeByType: { 
		
		"@.*-(fire|blue|red|brown)clay-north-.*": { base: "block/roofing/main/smallplanksroofup-{cover}", rotateY: 90 },
		"@.*-(fire|blue|red|brown)clay-west-.*": { base: "block/roofing/main/smallplanksroofup-{cover}", rotateY: 180 },
		"@.*-(fire|blue|red|brown)clay-south-.*": { base: "block/roofing/main/smallplanksroofup-{cover}", rotateY: 270 },
		"@.*-(fire|blue|red|brown)clay-east-.*": { base: "block/roofing/main/smallplanksroofup-{cover}", rotateY: 0 }
	},
	texturesByType: {
		"*-fireclay-*": {
			"material": { base: "game:block/clay/shingles/fire" }
		},
		"*-blueclay-*": {
			"material": { base: "game:block/clay/shingles/blue" }
		},
		"*-redclay-*": {
			"material": { base: "game:block/clay/shingles/red" }
		},
		"*-brownclay-*": {
			"material": { base: "game:block/clay/shingles/brown" }
		}
	},
	drawtype: "json",
	faceCullMode: "NeverCull",
	renderpass: "OpaqueNoCull",
	sidesolid: { all: false, down: true },
	sideopaque: { all: false },
	blockmaterialByType: {
		"*-fireclay-*": "stone",
		"*-blueclay-*": "stone",
		"*-redclay-*": "stone",
		"*-brownclay-*": "stone"
	},
	creativeinventory: { "general": ["*-east-free"], "decorative": ["*-east-free"], "medieval": ["*-east-free"] },
	replaceable: 300,
	resistance: 2,
	lightAbsorption: 99,
	emitSideAo: {
		all: true
	},
	collisionSelectionBoxesByType: {
		"*-north-*": [ { x1: 0, y1: 0, z1: 0, x2: 1, y2: 0.75, z2: 1, rotateY: 90 }, { x1: 0.625, y1: 0.75, z1: 0, x2: 1, y2: 1, z2: 1, rotateY: 90 } ],
		"*-west-*": [ { x1: 0, y1: 0, z1: 0, x2: 1, y2: 0.75, z2: 1, rotateY: 180 }, { x1: 0.625, y1: 0.75, z1: 0, x2: 1, y2: 1, z2: 1, rotateY: 180 } ],
		"*-south-*": [ { x1: 0, y1: 0, z1: 0, x2: 1, y2: 0.75, z2: 1, rotateY: 270 }, { x1: 0.625, y1: 0.75, z1: 0, x2: 1, y2: 1, z2: 1, rotateY: 270 } ],
		"*-east-*": [ { x1: 0, y1: 0, z1: 0, x2: 1, y2: 0.75, z2: 1 }, { x1: 0.625, y1: 0.75, z1: 0, x2: 1, y2: 1, z2: 1 } ]
	},
	soundsByType: {
		"*": {
			"place": "game:block/planks",
			"break": "game:block/planks",
			"hit": "game:block/planks"
		}
	},
	guiTransformByType: {
		"*": {
			rotation: { x: -22.6, y: -40, z: 0 },
			origin: { x: 0.53, y: 0.55, z: 0.46 },
			scale: 0.85
		}
	}
}