{
	code: "simpleredwoodmed",
	attributes: {
		canChisel: true
	},
	shape: { base: "block/pillar/wood/simple/simpleredwoodmed" },
	creativeinventory: { "general": ["*"], "construction": ["*"], "medieval": ["*"] },



	textures: {
		"north": { base: "block/wood/sincortezalog/debarked/pillar/simple/redwoodmed" },
		"east": { base: "block/wood/sincortezalog/debarked/pillar/simple/redwoodmed" },
		"south": { base: "block/wood/sincortezalog/debarked/pillar/simple/redwoodmed" },
		"west": { base: "block/wood/sincortezalog/debarked/pillar/simple/redwoodmed" },
		"up": { base: "block/wood/sincortezalog/debarked/redwood" },
		"down": { base: "block/wood/sincortezalog/debarked/redwood" },
		"inside-north": { base: "block/wood/sincortezalog/debarked/pillar/simple/redwoodmed" },
		"inside-east": { base: "block/wood/sincortezalog/debarked/pillar/simple/redwoodmed" },
		"inside-south": { base: "block/wood/sincortezalog/debarked/pillar/simple/redwoodmed" },
		"inside-west": { base: "block/wood/sincortezalog/debarked/pillar/simple/redwoodmed" },
		"inside-up": { base: "block/wood/sincortezalog/debarked/redwood" },
		"inside-down": { base: "block/wood/sincortezalog/debarked/redwood" }

	},
	replaceable: 90,
	fertility: 0,
	resistance: 2,
	blockmaterial: "Wood",
	sounds: {
		"place": "game:block/planks",
		"hit": "game:block/planks",
		"break": "game:block/planks",
		"walk": "game:walk/wood"
	},
	heldTpIdleAnimation: "holdbothhandslarge", heldTpUseAnimation: "twohandplaceblock",
	tpHandTransform: {
		translation: { x: -1.23, y: -0.91, z: -0.8 },
		rotation: { x: -2, y: 25, z: -78 },
		scale: 0.4
	}
}