{
	code: "forge",
	attributes: {
		canChisel: false,
	},
	creativeinventory: { "general": ["*"], "decorative": ["*"], "medieval": ["*"] },
	shape: { base: "medieval:block/stone/forge" },
	blockmaterial: "Stone",
	"replaceable": 140,
	resistance: 2,
	sounds: {
		"walk": "walk/stone",
		byTool: {
			"Pickaxe": { hit: "block/rock-hit-pickaxe", break: "block/rock-break-pickaxe" }
		}
	},
	heldTpIdleAnimation: "holdbothhandslarge", heldTpUseAnimation: "twohandplaceblock",
	tpHandTransform: {
		translation: { x: -1.23, y: -0.91, z: -0.8 },
		rotation: { x: -2, y: 25, z: -78 },
		scale: 0.4
	}
}