{
	code: "medievalstonefence",
	class: "BlockFence",
	behaviors: [ {name: "CanAttach", properties: { sides: ["up", "down"] } } ],
	attributes: {
	},
	variantgroups: [
		{ code: "material", states: ["andesite", "basalt", "bauxite", "chalk", "chert", "claystone", "conglomerate", "granite", "greenmarble", "kimberlite", "limestone", "peridotite", "phyllite", "redmarble", "sandstone", "shale", "slate", "suevite", "whitemarble"] },
		{ code: "type", states: ["empty", "n", "e", "s", "w", "ne", "ns", "nw", "es", "ew", "sw", "nes", "new", "nsw", "esw", "nesw"] },
		{ code: "cover", states: ["free"] }
	],
	creativeinventory: { "general": ["medievalstonefence-{material}-ew-free"], "decorative": ["medievalstonefence-{material}-ew-free"], "medieval": ["medievalstonefence-{material}-ew-free"] },	
	shapebytype: {
		"*-empty-free": { base: "block/medieval/medievalstonefence/empty" },
		"*-n-free": { base: "block/medieval/medievalstonefence/w", rotateY: 270},
		"*-e-free": { base: "block/medieval/medievalstonefence/w", rotateY: 180 },
		"*-s-free": { base: "block/medieval/medievalstonefence/w", rotateY: 90 },
		"*-w-free": { base: "block/medieval/medievalstonefence/w", rotateY: 0 },

		"*-ns-free": { base: "block/medieval/medievalstonefence/ew", rotateY: 90 },
		"*-ew-free": { base: "block/medieval/medievalstonefence/ew", rotateY: 0 },
		
		"*-ne-free": { base: "block/medieval/medievalstonefence/sw", rotateY: 180 },
		"*-nw-free": { base: "block/medieval/medievalstonefence/sw", rotateY: 270 },
		"*-es-free": { base: "block/medieval/medievalstonefence/sw", rotateY: 90 },
		"*-sw-free": { base: "block/medieval/medievalstonefence/sw", rotateY: 0 },
		
		"*-nes-free": { base: "block/medieval/medievalstonefence/nsw", rotateY: 180 },
		"*-new-free": { base: "block/medieval/medievalstonefence/nsw", rotateY: 270 },
		"*-nsw-free": { base: "block/medieval/medievalstonefence/nsw", rotateY: 0 },
		"*-esw-free": { base: "block/medieval/medievalstonefence/nsw", rotateY: 90 },
		
		"*-nesw-free": { base: "block/medieval/medievalstonefence/nesw", rotateY: 0 }
	},
	drawtypeByType: {
		"*-free": "JSON",
		"*-snow": "JSONAndSnowLayer",
	},
	blockmaterial: "Stone",
	texturesByType: {

		"*-andesite-*": { 
						"normal1": {base: "block/snow/normal1"},
						"material": {base: "block/stone/wallfancy/andesite"},
						"material1": {base: "block/stone/wallfancy/andesite1"}
		},

		"*-basalt-*": { 
						"normal1": {base: "block/snow/normal1"},
						"material": {base: "block/stone/wallfancy/basalt"},
						"material1": {base: "block/stone/wallfancy/basalt1"}
		},

		"*-bauxite-*": { 
						"normal1": {base: "block/snow/normal1"},
						"material": {base: "block/stone/wallfancy/bauxite"},
						"material1": {base: "block/stone/wallfancy/bauxite1"}
		},

		"*-chalk-*": { 
						"normal1": {base: "block/snow/normal1"},
						"material": {base: "block/stone/wallfancy/chalk"},
						"material1": {base: "block/stone/wallfancy/chalk1"}
		},

		"*-chert-*": { 
						"normal1": {base: "block/snow/normal1"},
						"material": {base: "block/stone/wallfancy/chert"},
						"material1": {base: "block/stone/wallfancy/chert1"}
		},

		"*-claystone-*": { 
						"normal1": {base: "block/snow/normal1"},
						"material": {base: "block/stone/wallfancy/claystone"},
						"material1": {base: "block/stone/wallfancy/claystone1"}
		},

		"*-conglomerate-*": { 
						"normal1": {base: "block/snow/normal1"},
						"material": {base: "block/stone/wallfancy/conglomerate"},
						"material1": {base: "block/stone/wallfancy/conglomerate1"}
		},

		"*-granite-*": { 
						"normal1": {base: "block/snow/normal1"},
						"material": {base: "block/stone/wallfancy/granite"},
						"material1": {base: "block/stone/wallfancy/granite1"}
		},

		"*-greenmarble-*": { 
						"normal1": {base: "block/snow/normal1"},
						"material": {base: "block/stone/wallfancy/greenmarble"},
						"material1": {base: "block/stone/wallfancy/greenmarble1"}
		},

		"*-kimberlite-*": { 
						"normal1": {base: "block/snow/normal1"},
						"material": {base: "block/stone/wallfancy/kimberlite"},
						"material1": {base: "block/stone/wallfancy/kimberlite1"}
		},

		"*-limestone-*": { 
						"normal1": {base: "block/snow/normal1"},
						"material": {base: "block/stone/wallfancy/limestone"},
						"material1": {base: "block/stone/wallfancy/limestone1"}
		},

		"*-peridotite-*": { 
						"normal1": {base: "block/snow/normal1"},
						"material": {base: "block/stone/wallfancy/peridotite"},
						"material1": {base: "block/stone/wallfancy/peridotite1"}
		},

		"*-phyllite-*": { 
						"normal1": {base: "block/snow/normal1"},
						"material": {base: "block/stone/wallfancy/phyllite"},
						"material1": {base: "block/stone/wallfancy/phyllite1"}
		},

		"*-redmarble-*": { 
						"normal1": {base: "block/snow/normal1"},
						"material": {base: "block/stone/wallfancy/redmarble"},
						"material1": {base: "block/stone/wallfancy/redmarble1"}
		},

		"*-sandstone-*": { 
						"normal1": {base: "block/snow/normal1"},
						"material": {base: "block/stone/wallfancy/sandstone"},
						"material1": {base: "block/stone/wallfancy/sandstone1"}
		},

		"*-shale-*": { 
						"normal1": {base: "block/snow/normal1"},
						"material": {base: "block/stone/wallfancy/shale"},
						"material1": {base: "block/stone/wallfancy/shale1"}
		},

		"*-slate-*": { 
						"normal1": {base: "block/snow/normal1"},
						"material": {base: "block/stone/wallfancy/slate"},
						"material1": {base: "block/stone/wallfancy/slate1"}
		},

		"*-suevite-*": { 
						"normal1": {base: "block/snow/normal1"},
						"material": {base: "block/stone/wallfancy/suevite"},
						"material1": {base: "block/stone/wallfancy/suevite1"}
		},

		"*-whitemarble-*": { 
						"normal1": {base: "block/snow/normal1"},
						"material": {base: "block/stone/wallfancy/whitemarble"},
						"material1": {base: "block/stone/wallfancy/whitemarble1"}
		}
	},
	sidesolid: {
		all: false
	},
	sideopaque: { all: false },
	resistance: 3,
	lightAbsorption: 0,
	sounds: {
		"walk": "game:walk/stone",
		byTool: {
			"Pickaxe": { hit: "game:block/rock-hit-pickaxe", break: "game:block/rock-break-pickaxe" }
		}
	},
	selectionboxbytype: {
		"*-empty-*": { x1: 0.375, y1: 0, z1: 0.375, x2: 0.625, y2: 1.0625, z2: 0.625 },
		"*-n-*": { x1: 0, y1: 0, z1: 0.375, x2: 0.625, y2: 1.0625, z2:  0.625, rotateY: 270},
		"*-e-*": { x1: 0, y1: 0, z1: 0.375, x2: 0.625, y2: 1.0625, z2:  0.625, rotateY: 180},
		"*-s-*": { x1: 0, y1: 0, z1: 0.375, x2: 0.625, y2: 1.0625, z2:  0.625, rotateY: 90},
		"*-w-*": { x1: 0, y1: 0, z1: 0.375, x2: 0.625, y2: 1.0625, z2:  0.625},
		
		"*-ns-*": { x1: 0, y1: 0, z1: 0.375, x2: 1, y2: 1.0625, z2:  0.625, rotateY: 90},
		"*-gns-*": { x1: 0, y1: 0, z1: 0.375, x2: 1, y2: 1.0625, z2:  0.625, rotateY: 90},
		"*-ngs-*": { x1: 0, y1: 0, z1: 0.375, x2: 1, y2: 1.0625, z2:  0.625, rotateY: 90},
		"*-ew-*": { x1: 0, y1: 0, z1: 0.375, x2: 1, y2: 1.0625, z2:  0.625},
		"*-egw-*": { x1: 0, y1: 0, z1: 0.375, x2: 1, y2: 1.0625, z2:  0.625},
		"*-gew-*": { x1: 0, y1: 0, z1: 0.375, x2: 1, y2: 1.0625, z2:  0.625},
	},
	selectionboxesbytype: {
		"*-sw-*": [ { x1: 0.375, y1: 0, z1: 0.375, x2: 0.625, y2: 1.0625, z2: 1 }, { x1: 0, y1: 0, z1: 0.375, x2: 0.375, y2: 1.0625, z2: 0.625, rotateY: 0 } ],
		"*-ne-*": [ { x1: 0.375, y1: 0, z1: 0.375, x2: 0.625, y2: 1.0625, z2: 1, rotateY: 180 }, { x1: 0, y1: 0, z1: 0.375, x2: 0.375, y2: 1.0625, z2: 0.625, rotateY: 180 } ] ,
		"*-nw-*": [ { x1: 0.375, y1: 0, z1: 0.375, x2: 0.625, y2: 1.0625, z2: 1, rotateY: 270 }, { x1: 0, y1: 0, z1: 0.375, x2: 0.375, y2: 1.0625, z2: 0.625, rotateY: 270 } ],
		"*-es-*": [ { x1: 0.375, y1: 0, z1: 0.375, x2: 0.625, y2: 1.0625, z2: 1, rotateY: 90 }, { x1: 0, y1: 0, z1: 0.375, x2: 0.375, y2: 1.0625, z2: 0.625, rotateY: 90 } ],
		
		"*-nes-*": [ { x1: 0.375, y1: 0, z1: 0, x2: 0.625, y2: 1.0625, z2: 1, rotateY: 180 }, { x1: 0, y1: 0, z1: 0.375, x2: 0.375, y2: 1.0625, z2: 0.625, rotateY: 180 } ],
		"*-new-*": [ { x1: 0.375, y1: 0, z1: 0, x2: 0.625, y2: 1.0625, z2: 1, rotateY: 270 }, { x1: 0, y1: 0, z1: 0.375, x2: 0.375, y2: 1.0625, z2: 0.625, rotateY: 270 } ],
		"*-nsw-*": [ { x1: 0.375, y1: 0, z1: 0, x2: 0.625, y2: 1.0625, z2: 1, rotateY: 0 }, { x1: 0, y1: 0, z1: 0.375, x2: 0.375, y2: 1.0625, z2: 0.625, rotateY: 0 } ],
		"*-esw-*": [ { x1: 0.375, y1: 0, z1: 0, x2: 0.625, y2: 1.0625, z2: 1, rotateY: 90 }, { x1: 0, y1: 0, z1: 0.375, x2: 0.375, y2: 1.0625, z2: 0.625, rotateY: 90 } ],
		
		"*-nesw-*": [ { x1: 0.375, y1: 0, z1: 0, x2: 0.625, y2: 1.0625, z2: 1 }, { x1: 0, y1: 0, z1: 0.375, x2: 1, y2: 1.0625, z2: 0.625 } ]
	},
	
	collisionboxbytype: {
		"*-empty-*": { x1: 0.375, y1: 0, z1: 0.375, x2: 0.625, y2: 1.3125, z2: 0.625 },
		"*-n-*": { x1: 0, y1: 0, z1: 0.375, x2: 0.625, y2: 1.3125, z2: 0.625, rotateY: 270},
		"*-e-*": { x1: 0, y1: 0, z1: 0.375, x2: 0.625, y2: 1.3125, z2: 0.625, rotateY: 180},
		"*-s-*": { x1: 0, y1: 0, z1: 0.375, x2: 0.625, y2: 1.3125, z2: 0.625, rotateY: 90},
		"*-w-*": { x1: 0, y1: 0, z1: 0.375, x2: 0.625, y2: 1.3125, z2: 0.625},
		
		"*-ns-*": { x1: 0, y1: 0, z1: 0.375, x2: 1, y2: 1.3125, z2: 0.625, rotateY: 90},
		"*-gns-*": { x1: 0, y1: 0, z1: 0.375, x2: 1, y2: 1.3125, z2: 0.625, rotateY: 90},
		"*-ngs-*": { x1: 0, y1: 0, z1: 0.375, x2: 1, y2: 1.3125, z2: 0.625, rotateY: 90},
		"*-ew-*": { x1: 0, y1: 0, z1: 0.375, x2: 1, y2: 1.3125, z2: 0.625},
		"*-egw-*": { x1: 0, y1: 0, z1: 0.375, x2: 1, y2: 1.3125, z2: 0.625},
		"*-gew-*": { x1: 0, y1: 0, z1: 0.375, x2: 1, y2: 1.3125, z2: 0.625},
	},
	collisionboxesbytype: {
		"*-sw-*": [ { x1: 0.375, y1: 0, z1: 0.375, x2: 0.625, y2: 1.3125, z2: 1 }, { x1: 0, y1: 0, z1: 0.375, x2: 0.375, y2: 1.3125, z2: 0.625, rotateY: 0 } ],
		"*-ne-*": [ { x1: 0.375, y1: 0, z1: 0.375, x2: 0.625, y2: 1.3125, z2: 1, rotateY: 180 }, { x1: 0, y1: 0, z1: 0.375, x2: 0.375, y2: 1.3125, z2: 0.625, rotateY: 180 } ] ,
		"*-nw-*": [ { x1: 0.375, y1: 0, z1: 0.375, x2: 0.625, y2: 1.3125, z2: 1, rotateY: 270 }, { x1: 0, y1: 0, z1: 0.375, x2: 0.375, y2: 1.3125, z2: 0.625, rotateY: 270 } ],
		"*-es-*": [ { x1: 0.375, y1: 0, z1: 0.375, x2: 0.625, y2: 1.3125, z2: 1, rotateY: 90 }, { x1: 0, y1: 0, z1: 0.375, x2: 0.375, y2: 1.3125, z2: 0.625, rotateY: 90 } ],
		
		"*-nes-*": [ { x1: 0.375, y1: 0, z1: 0, x2: 0.625, y2: 1.3125, z2: 1, rotateY: 180 }, { x1: 0, y1: 0, z1: 0.375, x2: 0.375, y2: 1.3125, z2: 0.625, rotateY: 180 } ],
		"*-new-*": [ { x1: 0.375, y1: 0, z1: 0, x2: 0.625, y2: 1.3125, z2: 1, rotateY: 270 }, { x1: 0, y1: 0, z1: 0.375, x2: 0.375, y2: 1.3125, z2: 0.625, rotateY: 270 } ],
		"*-nsw-*": [ { x1: 0.375, y1: 0, z1: 0, x2: 0.625, y2: 1.3125, z2: 1, rotateY: 0 }, { x1: 0, y1: 0, z1: 0.375, x2: 0.375, y2: 1.3125, z2: 0.625, rotateY: 0 } ],
		"*-esw-*": [ { x1: 0.375, y1: 0, z1: 0, x2: 0.625, y2: 1.3125, z2: 1, rotateY: 90 }, { x1: 0, y1: 0, z1: 0.375, x2: 0.375, y2: 1.3125, z2: 0.625, rotateY: 90 } ],
		
		"*-nesw-*": [ { x1: 0.375, y1: 0, z1: 0, x2: 0.625, y2: 1.3125, z2: 1 }, { x1: 0, y1: 0, z1: 0.375, x2: 1, y2: 1.3125, z2: 0.625 } ]
	},
	materialDensity: 900,
	tpHandTransform: {
		translation: { x: -1.5, y: -1, z: -1.2 },
		rotation: { x: 5, y: -3, z: -96 },
		scale: 0.37
	},
	groundTransform: {
		translation: { x: 0, y: 0.05, z: 0 },
		rotation: { x: 90, y: -45, z: 0 },
		origin: { x: 0.5, y: 0, z: 0.5 },
		scale: 2.07
	}
}