{
	code: "medievalstonewall",
	class: "BlockFence",
	behaviors: [ {name: "CanAttach", properties: { sides: ["up", "down"] } } ],
	attributes: {
	},
	variantgroups: [
		{ code: "material", states: ["andesite", "basalt", "bauxite", "chalk", "chert", "claystone", "conglomerate", "granite", "greenmarble", "kimberlite", "limestone", "peridotite", "phyllite", "redmarble", "sandstone", "shale", "slate", "suevite", "whitemarble"] },
		{ code: "type", states: ["empty", "n", "e", "s", "w", "ne", "ns", "nw", "es", "ew", "sw", "nes", "new", "nsw", "esw", "nesw"] },
		{ code: "cover", states: ["free"] }
	],
	creativeinventory: { "general": ["medievalstonewall-{material}-ew-free"], "decorative": ["medievalstonewall-{material}-ew-free"], "medieval": ["medievalstonewall-{material}-ew-free"] },	
	shapebytype: {
		"*-empty-free": { base: "block/medieval/medievalstonewall/empty" },
		"*-n-free": { base: "block/medieval/medievalstonewall/w", rotateY: 270},
		"*-e-free": { base: "block/medieval/medievalstonewall/w", rotateY: 180 },
		"*-s-free": { base: "block/medieval/medievalstonewall/w", rotateY: 90 },
		"*-w-free": { base: "block/medieval/medievalstonewall/w", rotateY: 0 },

		"*-ns-free": { base: "block/medieval/medievalstonewall/ew", rotateY: 90 },
		"*-ew-free": { base: "block/medieval/medievalstonewall/ew", rotateY: 0 },
		
		"*-ne-free": { base: "block/medieval/medievalstonewall/sw", rotateY: 180 },
		"*-nw-free": { base: "block/medieval/medievalstonewall/sw", rotateY: 270 },
		"*-es-free": { base: "block/medieval/medievalstonewall/sw", rotateY: 90 },
		"*-sw-free": { base: "block/medieval/medievalstonewall/sw", rotateY: 0 },
		
		"*-nes-free": { base: "block/medieval/medievalstonewall/nsw", rotateY: 180 },
		"*-new-free": { base: "block/medieval/medievalstonewall/nsw", rotateY: 270 },
		"*-nsw-free": { base: "block/medieval/medievalstonewall/nsw", rotateY: 0 },
		"*-esw-free": { base: "block/medieval/medievalstonewall/nsw", rotateY: 90 },
		
		"*-nesw-free": { base: "block/medieval/medievalstonewall/nesw", rotateY: 0 }
	},
	drawtypeByType: {
		"*-free": "JSON",
		"*-snow": "JSONAndSnowLayer",
	},
	blockmaterial: "Stone",
	texturesByType: {

		"*-andesite-*": { 
						"normal1": {base: "game:block/snow/normal1"},
						"material": {base: "game:block/stone/cobblestone/andesite*"}
		},

		"*-basalt-*": { 
						"normal1": {base: "game:block/snow/normal1"},
						"material": {base: "game:block/stone/cobblestone/basalt*"}
		},

		"*-bauxite-*": { 
						"normal1": {base: "game:block/snow/normal1"},
						"material": {base: "game:block/stone/cobblestone/bauxite*"}
		},

		"*-chalk-*": { 
						"normal1": {base: "game:block/snow/normal1"},
						"material": {base: "game:block/stone/cobblestone/chalk*"}
		},

		"*-chert-*": { 
						"normal1": {base: "game:block/snow/normal1"},
						"material": {base: "game:block/stone/cobblestone/chert*"}
		},

		"*-claystone-*": { 
						"normal1": {base: "game:block/snow/normal1"},
						"material": {base: "game:block/stone/cobblestone/claystone*"}
		},

		"*-conglomerate-*": { 
						"normal1": {base: "game:block/snow/normal1"},
						"material": {base: "game:block/stone/cobblestone/conglomerate*"}
		},

		"*-granite-*": { 
						"normal1": {base: "game:block/snow/normal1"},
						"material": {base: "game:block/stone/cobblestone/granite*"}
		},

		"*-greenmarble-*": { 
						"normal1": {base: "game:block/snow/normal1"},
						"material": {base: "game:block/stone/cobblestone/greenmarble*"}
		},

		"*-kimberlite-*": { 
						"normal1": {base: "game:block/snow/normal1"},
						"material": {base: "game:block/stone/cobblestone/kimberlite*"}
		},

		"*-limestone-*": { 
						"normal1": {base: "game:block/snow/normal1"},
						"material": {base: "game:block/stone/cobblestone/limestone*"}
		},

		"*-peridotite-*": { 
						"normal1": {base: "game:block/snow/normal1"},
						"material": {base: "game:block/stone/cobblestone/peridotite*"}
		},

		"*-phyllite-*": { 
						"normal1": {base: "game:block/snow/normal1"},
						"material": {base: "game:block/stone/cobblestone/phyllite*"}
		},

		"*-redmarble-*": { 
						"normal1": {base: "game:block/snow/normal1"},
						"material": {base: "game:block/stone/cobblestone/redmarble*"}
		},

		"*-sandstone-*": { 
						"normal1": {base: "game:block/snow/normal1"},
						"material": {base: "game:block/stone/cobblestone/sandstone*"}
		},

		"*-shale-*": { 
						"normal1": {base: "game:block/snow/normal1"},
						"material": {base: "game:block/stone/cobblestone/shale*"}
		},

		"*-slate-*": { 
						"normal1": {base: "game:block/snow/normal1"},
						"material": {base: "game:block/stone/cobblestone/slate*"}
		},

		"*-suevite-*": { 
						"normal1": {base: "game:block/snow/normal1"},
						"material": {base: "game:block/stone/cobblestone/suevite*"}
		},

		"*-whitemarble-*": { 
						"normal1": {base: "game:block/snow/normal1"},
						"material": {base: "game:block/stone/cobblestone/whitemarble*"}
		}
	},
	sidesolid: {
		all: false
	},
	sideopaque: { all: false },
	resistance: 3,
	lightAbsorption: 0,
	sounds: {
		"walk": "game:walk/stone",
		byTool: {
			"Pickaxe": { hit: "game:block/rock-hit-pickaxe", break: "game:block/rock-break-pickaxe" }
		}
	},
	selectionboxbytype: {
		"*-empty-*": { x1: 0.375, y1: 0, z1: 0.375, x2: 0.625, y2: 1.0625, z2: 0.625 },
		"*-n-*": { x1: 0, y1: 0, z1: 0.375, x2: 0.625, y2: 1.0625, z2:  0.625, rotateY: 270},
		"*-e-*": { x1: 0, y1: 0, z1: 0.375, x2: 0.625, y2: 1.0625, z2:  0.625, rotateY: 180},
		"*-s-*": { x1: 0, y1: 0, z1: 0.375, x2: 0.625, y2: 1.0625, z2:  0.625, rotateY: 90},
		"*-w-*": { x1: 0, y1: 0, z1: 0.375, x2: 0.625, y2: 1.0625, z2:  0.625},
		
		"*-ns-*": { x1: 0, y1: 0, z1: 0.375, x2: 1, y2: 1.0625, z2:  0.625, rotateY: 90},
		"*-gns-*": { x1: 0, y1: 0, z1: 0.375, x2: 1, y2: 1.0625, z2:  0.625, rotateY: 90},
		"*-ngs-*": { x1: 0, y1: 0, z1: 0.375, x2: 1, y2: 1.0625, z2:  0.625, rotateY: 90},
		"*-ew-*": { x1: 0, y1: 0, z1: 0.375, x2: 1, y2: 1.0625, z2:  0.625},
		"*-egw-*": { x1: 0, y1: 0, z1: 0.375, x2: 1, y2: 1.0625, z2:  0.625},
		"*-gew-*": { x1: 0, y1: 0, z1: 0.375, x2: 1, y2: 1.0625, z2:  0.625},
	},
	selectionboxesbytype: {
		"*-sw-*": [ { x1: 0.375, y1: 0, z1: 0.375, x2: 0.625, y2: 1.0625, z2: 1 }, { x1: 0, y1: 0, z1: 0.375, x2: 0.375, y2: 1.0625, z2: 0.625, rotateY: 0 } ],
		"*-ne-*": [ { x1: 0.375, y1: 0, z1: 0.375, x2: 0.625, y2: 1.0625, z2: 1, rotateY: 180 }, { x1: 0, y1: 0, z1: 0.375, x2: 0.375, y2: 1.0625, z2: 0.625, rotateY: 180 } ] ,
		"*-nw-*": [ { x1: 0.375, y1: 0, z1: 0.375, x2: 0.625, y2: 1.0625, z2: 1, rotateY: 270 }, { x1: 0, y1: 0, z1: 0.375, x2: 0.375, y2: 1.0625, z2: 0.625, rotateY: 270 } ],
		"*-es-*": [ { x1: 0.375, y1: 0, z1: 0.375, x2: 0.625, y2: 1.0625, z2: 1, rotateY: 90 }, { x1: 0, y1: 0, z1: 0.375, x2: 0.375, y2: 1.0625, z2: 0.625, rotateY: 90 } ],
		
		"*-nes-*": [ { x1: 0.375, y1: 0, z1: 0, x2: 0.625, y2: 1.0625, z2: 1, rotateY: 180 }, { x1: 0, y1: 0, z1: 0.375, x2: 0.375, y2: 1.0625, z2: 0.625, rotateY: 180 } ],
		"*-new-*": [ { x1: 0.375, y1: 0, z1: 0, x2: 0.625, y2: 1.0625, z2: 1, rotateY: 270 }, { x1: 0, y1: 0, z1: 0.375, x2: 0.375, y2: 1.0625, z2: 0.625, rotateY: 270 } ],
		"*-nsw-*": [ { x1: 0.375, y1: 0, z1: 0, x2: 0.625, y2: 1.0625, z2: 1, rotateY: 0 }, { x1: 0, y1: 0, z1: 0.375, x2: 0.375, y2: 1.0625, z2: 0.625, rotateY: 0 } ],
		"*-esw-*": [ { x1: 0.375, y1: 0, z1: 0, x2: 0.625, y2: 1.0625, z2: 1, rotateY: 90 }, { x1: 0, y1: 0, z1: 0.375, x2: 0.375, y2: 1.0625, z2: 0.625, rotateY: 90 } ],
		
		"*-nesw-*": [ { x1: 0.375, y1: 0, z1: 0, x2: 0.625, y2: 1.0625, z2: 1 }, { x1: 0, y1: 0, z1: 0.375, x2: 1, y2: 1.0625, z2: 0.625 } ]
	},
	
	collisionboxbytype: {
		"*-empty-*": { x1: 0.375, y1: 0, z1: 0.375, x2: 0.625, y2: 1.3125, z2: 0.625 },
		"*-n-*": { x1: 0, y1: 0, z1: 0.375, x2: 0.625, y2: 1.3125, z2: 0.625, rotateY: 270},
		"*-e-*": { x1: 0, y1: 0, z1: 0.375, x2: 0.625, y2: 1.3125, z2: 0.625, rotateY: 180},
		"*-s-*": { x1: 0, y1: 0, z1: 0.375, x2: 0.625, y2: 1.3125, z2: 0.625, rotateY: 90},
		"*-w-*": { x1: 0, y1: 0, z1: 0.375, x2: 0.625, y2: 1.3125, z2: 0.625},
		
		"*-ns-*": { x1: 0, y1: 0, z1: 0.375, x2: 1, y2: 1.3125, z2: 0.625, rotateY: 90},
		"*-gns-*": { x1: 0, y1: 0, z1: 0.375, x2: 1, y2: 1.3125, z2: 0.625, rotateY: 90},
		"*-ngs-*": { x1: 0, y1: 0, z1: 0.375, x2: 1, y2: 1.3125, z2: 0.625, rotateY: 90},
		"*-ew-*": { x1: 0, y1: 0, z1: 0.375, x2: 1, y2: 1.3125, z2: 0.625},
		"*-egw-*": { x1: 0, y1: 0, z1: 0.375, x2: 1, y2: 1.3125, z2: 0.625},
		"*-gew-*": { x1: 0, y1: 0, z1: 0.375, x2: 1, y2: 1.3125, z2: 0.625},
	},
	collisionboxesbytype: {
		"*-sw-*": [ { x1: 0.375, y1: 0, z1: 0.375, x2: 0.625, y2: 1.3125, z2: 1 }, { x1: 0, y1: 0, z1: 0.375, x2: 0.375, y2: 1.3125, z2: 0.625, rotateY: 0 } ],
		"*-ne-*": [ { x1: 0.375, y1: 0, z1: 0.375, x2: 0.625, y2: 1.3125, z2: 1, rotateY: 180 }, { x1: 0, y1: 0, z1: 0.375, x2: 0.375, y2: 1.3125, z2: 0.625, rotateY: 180 } ] ,
		"*-nw-*": [ { x1: 0.375, y1: 0, z1: 0.375, x2: 0.625, y2: 1.3125, z2: 1, rotateY: 270 }, { x1: 0, y1: 0, z1: 0.375, x2: 0.375, y2: 1.3125, z2: 0.625, rotateY: 270 } ],
		"*-es-*": [ { x1: 0.375, y1: 0, z1: 0.375, x2: 0.625, y2: 1.3125, z2: 1, rotateY: 90 }, { x1: 0, y1: 0, z1: 0.375, x2: 0.375, y2: 1.3125, z2: 0.625, rotateY: 90 } ],
		
		"*-nes-*": [ { x1: 0.375, y1: 0, z1: 0, x2: 0.625, y2: 1.3125, z2: 1, rotateY: 180 }, { x1: 0, y1: 0, z1: 0.375, x2: 0.375, y2: 1.3125, z2: 0.625, rotateY: 180 } ],
		"*-new-*": [ { x1: 0.375, y1: 0, z1: 0, x2: 0.625, y2: 1.3125, z2: 1, rotateY: 270 }, { x1: 0, y1: 0, z1: 0.375, x2: 0.375, y2: 1.3125, z2: 0.625, rotateY: 270 } ],
		"*-nsw-*": [ { x1: 0.375, y1: 0, z1: 0, x2: 0.625, y2: 1.3125, z2: 1, rotateY: 0 }, { x1: 0, y1: 0, z1: 0.375, x2: 0.375, y2: 1.3125, z2: 0.625, rotateY: 0 } ],
		"*-esw-*": [ { x1: 0.375, y1: 0, z1: 0, x2: 0.625, y2: 1.3125, z2: 1, rotateY: 90 }, { x1: 0, y1: 0, z1: 0.375, x2: 0.375, y2: 1.3125, z2: 0.625, rotateY: 90 } ],
		
		"*-nesw-*": [ { x1: 0.375, y1: 0, z1: 0, x2: 0.625, y2: 1.3125, z2: 1 }, { x1: 0, y1: 0, z1: 0.375, x2: 1, y2: 1.3125, z2: 0.625 } ]
	},
	materialDensity: 900,
	tpHandTransform: {
		translation: { x: -1.5, y: -1, z: -1.2 },
		rotation: { x: 5, y: -3, z: -96 },
		scale: 0.37
	},
	groundTransform: {
		translation: { x: 0, y: 0.05, z: 0 },
		rotation: { x: 90, y: -45, z: 0 },
		origin: { x: 0.5, y: 0, z: 0.5 },
		scale: 2.07
	}
}