[
  {
    "toolmode": "sawing",
    "ingredients":
    [ 
      {"inputs": 
       [
         {"type": "block", "code": "game:log-placed-*-ud", "name": "wood",  "states": ["aged"], "loadFromProperties": "block/wood"}
       ]
      }
    ],
    "output": {"type": "item", "code": "game:plank-{wood}", "quantity": 12}
  },
  {
    "toolmode": "sawing",
    "ingredients":
    [ 
      {"inputs": 
       [
         {"type": "block", "code": "game:logsection-placed-*-ne-ud", "name": "wood", "states": ["aged"], "loadFromProperties": "block/wood"}
       ]
      }
    ],
    "output": {"type": "item", "code": "game:plank-{wood}", "quantity": 12}
  },
  {
    "toolmode": "sawing",
    "ingredients":
    [ 
      {"inputs": 
       [
         {"type": "block", "code": "game:debarkedlog-*-ud", "name": "wood", "states": ["aged"], "loadFromProperties": "block/wood"}
       ]
      }
    ],
    "output": {"type": "item", "code": "game:plank-{wood}", "quantity": 12}
  }
]