{
	code: "mossystonebricks",
	class: "Block",
	attributes: {
		canChisel: true,
		handbook: {
			groupBy: ["stonebricks-*"]
		}
	},
	variantgroups: [
		{ "loadFromProperties": "block/rock" }
	],
	shape: { base: "block/basic/cube" },
	drawtype: "Cube",
	blockmaterial: "Stone",
	creativeinventory: { "general": ["*"], "construction": ["*"], "medieval": ["*"] },
	replaceable: 200,
	resistance: 4,
	lightAbsorption: 99,
	"textures": {
		"all": {  base: "game:block/stone/brick/{rock}1" , overlays: [ "block/overlay/stonebricks/moss1" ] ,
			      alternates: [
					{ base: "game:block/stone/brick/{rock}2", overlays: [ "block/overlay/stonebricks/moss2" ] },
					{ base: "game:block/stone/brick/{rock}3", overlays: [ "block/overlay/stonebricks/moss3" ] }
			]
			  }
	},
	sounds: {
		walk: "walk/stone",
		byTool: {
			"Pickaxe": { hit: "block/rock-hit-pickaxe", break: "block/rock-break-pickaxe" }
		}
	},
	heldTpIdleAnimation: "holdbothhandslarge", heldTpUseAnimation: "twohandplaceblock",
	tpHandTransform: {
		translation: { x: -1.23, y: -0.91, z: -0.8 },
		rotation: { x: -2, y: 25, z: -78 },
		scale: 0.4
	}
}