{
	"editor": {
		"allAngles": false,
		"entityTextureMode": false
	},
	"textureWidth": 16,
	"textureHeight": 16,
	"textureSizes": {
	},
	"textures": {
		"fire-orange": "game:block/fire-orange",
		"oak-dark": "game:block/wood/oak-dark",
		"basalt1": "game:block/stone/cobblestone/basalt1",
		"oak": "game:block/wood/debarked/oak",
		"granite1": "game:block/stone/cobblestone/granite1",
		"oak1": "game:block/wood/planks/oak1"
	},
	"elements": [
		{
			"name": "Cube1",
			"from": [ 0.0, 1.0, 0.0 ], 
			"to": [ 16.0, 4.0, 5.9 ], 
			"rotationOrigin": [ 0.0, 1.0, 0.0 ],
			"faces": {
				"north": { "texture": "#granite1", "uv": [ 0.0, 12.0, 16.0, 15.0 ] },
				"east": { "texture": "#granite1", "uv": [ 10.0, 12.0, 15.5, 15.0 ] },
				"south": { "texture": "#basalt1", "uv": [ 0.0, 12.0, 16.0, 15.0 ] },
				"west": { "texture": "#granite1", "uv": [ 0.0, 12.0, 5.5, 15.0 ] },
				"up": { "texture": "#granite1", "uv": [ 0.0, 0.0, 16.0, 5.5 ], "enabled": false },
				"down": { "texture": "#granite1", "uv": [ 0.0, 0.0, 16.0, 5.5 ], "enabled": false }
			}
		},
		{
			"name": "Cube2",
			"from": [ 0.0, 0.0, 0.0 ], 
			"to": [ 16.0, 1.0, 16.0 ], 
			"faces": {
				"north": { "texture": "#granite1", "uv": [ 0.0, 15.0, 16.0, 16.0 ] },
				"east": { "texture": "#granite1", "uv": [ 0.0, 15.0, 16.0, 16.0 ] },
				"south": { "texture": "#granite1", "uv": [ 0.0, 15.0, 16.0, 16.0 ] },
				"west": { "texture": "#granite1", "uv": [ 0.0, 15.0, 16.0, 16.0 ] },
				"up": { "texture": "#basalt1", "uv": [ 0.0, 0.0, 16.0, 16.0 ] },
				"down": { "texture": "#granite1", "uv": [ 0.0, 0.0, 16.0, 16.0 ] }
			}
		},
		{
			"name": "Cube3",
			"from": [ 0.0, 1.0, 10.1 ], 
			"to": [ 16.0, 4.0, 16.0 ], 
			"rotationOrigin": [ 0.0, 1.0, 10.1 ],
			"faces": {
				"north": { "texture": "#basalt1", "uv": [ 0.0, 12.0, 16.0, 15.0 ] },
				"east": { "texture": "#granite1", "uv": [ 0.0, 12.0, 5.5, 15.0 ] },
				"south": { "texture": "#granite1", "uv": [ 0.0, 12.0, 16.0, 15.0 ] },
				"west": { "texture": "#granite1", "uv": [ 10.0, 12.0, 15.5, 15.0 ] },
				"up": { "texture": "#granite1", "uv": [ 0.0, 0.0, 16.0, 5.5 ], "enabled": false },
				"down": { "texture": "#granite1", "uv": [ 0.0, 0.0, 16.0, 5.5 ], "enabled": false }
			}
		},
		{
			"name": "Cube5",
			"from": [ 15.1, 1.0, 6.0 ], 
			"to": [ 16.0, 4.0, 10.0 ], 
			"rotationOrigin": [ 15.1, 1.0, 6.0 ],
			"faces": {
				"north": { "texture": "#granite1", "uv": [ 0.0, 0.0, 0.5, 3.0 ], "enabled": false },
				"east": { "texture": "#granite1", "uv": [ 6.0, 12.0, 10.0, 15.0 ] },
				"south": { "texture": "#granite1", "uv": [ 0.0, 0.0, 0.5, 3.0 ], "enabled": false },
				"west": { "texture": "#basalt1", "uv": [ 6.0, 12.0, 10.0, 15.0 ] },
				"up": { "texture": "#granite1", "uv": [ 0.0, 0.0, 0.5, 4.0 ], "enabled": false },
				"down": { "texture": "#granite1", "uv": [ 0.0, 0.0, 0.5, 4.0 ], "enabled": false }
			}
		},
		{
			"name": "Cube6",
			"from": [ 0.1, 5.0, 0.1 ], 
			"to": [ 1.1, 20.1, 1.1 ], 
			"rotationOrigin": [ 0.1, 5.0, 0.1 ],
			"faces": {
				"north": { "texture": "#oak-dark", "uv": [ 2.0, 0.0, 3.0, 15.0 ] },
				"east": { "texture": "#oak-dark", "uv": [ 3.5, 0.0, 4.5, 15.0 ] },
				"south": { "texture": "#oak-dark", "uv": [ 9.5, 0.0, 10.5, 15.0 ] },
				"west": { "texture": "#oak-dark", "uv": [ 4.5, 0.0, 5.5, 15.0 ] },
				"up": { "texture": "#oak-dark", "uv": [ 0.0, 0.0, 1.0, 1.0 ] },
				"down": { "texture": "#oak-dark", "uv": [ 0.0, 0.0, 1.0, 1.0 ] }
			}
		},
		{
			"name": "Cube7",
			"from": [ 14.9, 5.0, 0.1 ], 
			"to": [ 15.9, 20.1, 1.1 ], 
			"rotationOrigin": [ 14.9, 5.0, 0.1 ],
			"faces": {
				"north": { "texture": "#oak-dark", "uv": [ 2.0, 0.0, 3.0, 15.0 ] },
				"east": { "texture": "#oak-dark", "uv": [ 3.5, 0.0, 4.5, 15.0 ] },
				"south": { "texture": "#oak-dark", "uv": [ 9.5, 0.0, 10.5, 15.0 ] },
				"west": { "texture": "#oak-dark", "uv": [ 4.5, 0.0, 5.5, 15.0 ] },
				"up": { "texture": "#oak-dark", "uv": [ 0.0, 0.0, 1.0, 1.0 ] },
				"down": { "texture": "#oak-dark", "uv": [ 0.0, 0.0, 1.0, 1.0 ] }
			}
		},
		{
			"name": "Cube8",
			"from": [ 14.9, 5.0, 14.9 ], 
			"to": [ 15.9, 20.1, 15.9 ], 
			"rotationOrigin": [ 14.9, 5.0, 14.9 ],
			"faces": {
				"north": { "texture": "#oak-dark", "uv": [ 2.0, 0.0, 3.0, 15.0 ] },
				"east": { "texture": "#oak-dark", "uv": [ 3.5, 0.0, 4.5, 15.0 ] },
				"south": { "texture": "#oak-dark", "uv": [ 9.5, 0.0, 10.5, 15.0 ] },
				"west": { "texture": "#oak-dark", "uv": [ 4.5, 0.0, 5.5, 15.0 ] },
				"up": { "texture": "#oak-dark", "uv": [ 0.0, 0.0, 1.0, 1.0 ] },
				"down": { "texture": "#oak-dark", "uv": [ 0.0, 0.0, 1.0, 1.0 ] }
			}
		},
		{
			"name": "Cube9",
			"from": [ 0.1, 5.0, 14.9 ], 
			"to": [ 1.1, 20.1, 15.9 ], 
			"rotationOrigin": [ 0.1, 5.0, 14.9 ],
			"faces": {
				"north": { "texture": "#oak-dark", "uv": [ 2.0, 0.0, 3.0, 15.0 ] },
				"east": { "texture": "#oak-dark", "uv": [ 3.5, 0.0, 4.5, 15.0 ] },
				"south": { "texture": "#oak-dark", "uv": [ 9.5, 0.0, 10.5, 15.0 ] },
				"west": { "texture": "#oak-dark", "uv": [ 4.5, 0.0, 5.5, 15.0 ] },
				"up": { "texture": "#oak-dark", "uv": [ 0.0, 0.0, 1.0, 1.0 ] },
				"down": { "texture": "#oak-dark", "uv": [ 0.0, 0.0, 1.0, 1.0 ] }
			}
		},
		{
			"name": "Cube10",
			"from": [ 1.0, 5.0, 1.0 ], 
			"to": [ 15.0, 20.0, 3.0 ], 
			"rotationOrigin": [ 0.0, 5.0, 1.0 ],
			"faces": {
				"north": { "texture": "#oak1", "uv": [ 0.5, 2.0, 15.5, 16.0 ], "rotation": 90 },
				"east": { "texture": "#oak1", "uv": [ 0.5, 2.0, 15.5, 4.0 ], "rotation": 90 },
				"south": { "texture": "#oak1", "uv": [ 0.5, 2.0, 15.5, 16.0 ], "rotation": 270 },
				"west": { "texture": "#oak1", "uv": [ 0.5, 2.0, 15.5, 4.0 ], "rotation": 270 },
				"up": { "texture": "#oak1", "uv": [ 0.5, 1.0, 14.5, 3.0 ], "enabled": false },
				"down": { "texture": "#oak1", "uv": [ 0.0, 0.0, 14.0, 2.0 ], "enabled": false }
			}
		},
		{
			"name": "Cube17",
			"from": [ 14.0, 20.0, 4.5 ], 
			"to": [ 16.0, 21.0, 11.5 ], 
			"rotationOrigin": [ 14.0, 20.0, 4.5 ],
			"faces": {
				"north": { "texture": "#oak", "uv": [ 0.0, 0.0, 2.0, 1.0 ] },
				"east": { "texture": "#oak", "uv": [ 0.0, 0.0, 7.0, 1.0 ] },
				"south": { "texture": "#oak", "uv": [ 0.0, 0.0, 2.0, 1.0 ] },
				"west": { "texture": "#oak", "uv": [ 0.0, 0.0, 7.0, 1.0 ] },
				"up": { "texture": "#oak", "uv": [ 0.0, 0.0, 2.0, 7.0 ] },
				"down": { "texture": "#oak", "uv": [ 0.0, 0.0, 2.0, 7.0 ] }
			},
			"children": [
				{
					"name": "Cube11",
					"from": [ -14.0, 0.0, -4.5 ], 
					"to": [ 2.0, 1.0, 0.0 ], 
					"rotationOrigin": [ -14.0, 0.0, -4.5 ],
					"faces": {
						"north": { "texture": "#oak", "uv": [ 0.0, 1.5, 16.0, 2.5 ] },
						"east": { "texture": "#oak", "uv": [ 11.0, 3.5, 15.5, 4.5 ] },
						"south": { "texture": "#oak", "uv": [ 0.0, 1.5, 16.0, 2.5 ] },
						"west": { "texture": "#oak", "uv": [ 1.5, 1.5, 6.0, 2.5 ] },
						"up": { "texture": "#oak", "uv": [ 0.0, 0.0, 16.0, 4.5 ] },
						"down": { "texture": "#oak", "uv": [ 0.0, 0.0, 16.0, 4.5 ] }
					}
				},
				{
					"name": "Cube12",
					"from": [ -14.0, 0.0, 7.0 ], 
					"to": [ 2.0, 1.0, 11.5 ], 
					"rotationOrigin": [ -14.0, 0.0, 7.0 ],
					"faces": {
						"north": { "texture": "#oak", "uv": [ 0.0, 10.5, 16.0, 11.5 ] },
						"east": { "texture": "#oak", "uv": [ 0.5, 10.5, 5.0, 11.5 ] },
						"south": { "texture": "#oak", "uv": [ 0.0, 10.5, 16.0, 11.5 ] },
						"west": { "texture": "#oak", "uv": [ 1.0, 6.5, 5.5, 7.5 ] },
						"up": { "texture": "#oak", "uv": [ 0.0, 11.5, 16.0, 16.0 ] },
						"down": { "texture": "#oak", "uv": [ 0.0, 11.5, 16.0, 16.0 ] }
					}
				},
				{
					"name": "Cube14",
					"from": [ -12.0, 0.0, 1.0 ], 
					"to": [ 0.0, 1.0, 2.0 ], 
					"rotationOrigin": [ -12.0, 0.0, 1.0 ],
					"faces": {
						"north": { "texture": "#oak", "uv": [ 3.0, 8.5, 15.0, 9.5 ] },
						"east": { "texture": "#oak", "uv": [ 0.0, 0.0, 1.0, 1.0 ] },
						"south": { "texture": "#oak", "uv": [ 1.5, 1.5, 13.5, 2.5 ] },
						"west": { "texture": "#oak", "uv": [ 0.0, 0.0, 1.0, 1.0 ] },
						"up": { "texture": "#oak", "uv": [ 3.5, 3.0, 15.5, 4.0 ] },
						"down": { "texture": "#oak", "uv": [ 0.0, 0.0, 12.0, 1.0 ] }
					}
				},
				{
					"name": "Cube13",
					"from": [ -12.0, 0.0, 3.0 ], 
					"to": [ 0.0, 1.0, 4.0 ], 
					"rotationOrigin": [ -12.0, 0.0, 3.0 ],
					"faces": {
						"north": { "texture": "#oak", "uv": [ 4.0, 12.5, 16.0, 13.5 ] },
						"east": { "texture": "#oak", "uv": [ 0.0, 0.0, 1.0, 1.0 ] },
						"south": { "texture": "#oak", "uv": [ 0.0, 12.5, 12.0, 13.5 ] },
						"west": { "texture": "#oak", "uv": [ 0.0, 0.0, 1.0, 1.0 ] },
						"up": { "texture": "#oak", "uv": [ 1.5, 12.0, 13.5, 13.0 ] },
						"down": { "texture": "#oak", "uv": [ 0.0, 0.0, 12.0, 1.0 ] }
					}
				},
				{
					"name": "Cube15",
					"from": [ -12.0, 0.0, 5.0 ], 
					"to": [ 0.0, 1.0, 6.0 ], 
					"rotationOrigin": [ -12.0, 0.0, 5.0 ],
					"faces": {
						"north": { "texture": "#oak", "uv": [ 1.5, 1.5, 13.5, 2.5 ] },
						"east": { "texture": "#oak", "uv": [ 0.0, 0.0, 1.0, 1.0 ] },
						"south": { "texture": "#oak", "uv": [ 3.0, 3.5, 15.0, 4.5 ] },
						"west": { "texture": "#oak", "uv": [ 0.0, 0.0, 1.0, 1.0 ] },
						"up": { "texture": "#oak", "uv": [ 3.5, 15.0, 15.5, 16.0 ] },
						"down": { "texture": "#oak", "uv": [ 0.0, 0.0, 12.0, 1.0 ] }
					}
				},
				{
					"name": "Cube16",
					"from": [ -14.0, 0.0, 0.0 ], 
					"to": [ -12.0, 1.0, 7.0 ], 
					"rotationOrigin": [ -14.0, 0.0, 0.0 ],
					"faces": {
						"north": { "texture": "#oak", "uv": [ 0.0, 0.0, 2.0, 1.0 ] },
						"east": { "texture": "#oak", "uv": [ 0.0, 0.0, 7.0, 1.0 ] },
						"south": { "texture": "#oak", "uv": [ 0.0, 0.0, 2.0, 1.0 ] },
						"west": { "texture": "#oak", "uv": [ 0.0, 0.0, 7.0, 1.0 ] },
						"up": { "texture": "#oak", "uv": [ 0.0, 0.0, 2.0, 7.0 ] },
						"down": { "texture": "#oak", "uv": [ 0.0, 0.0, 2.0, 7.0 ] }
					}
				}
			]
		},
		{
			"name": "Cube18",
			"from": [ 0.0, 6.0, 3.0 ], 
			"to": [ 1.0, 19.0, 13.0 ], 
			"rotationOrigin": [ 0.0, 6.0, 3.0 ],
			"faces": {
				"north": { "texture": "#oak1", "uv": [ 0.5, 2.5, 1.5, 15.5 ] },
				"east": { "texture": "#oak1", "uv": [ 0.0, 0.0, 10.0, 13.0 ] },
				"south": { "texture": "#oak1", "uv": [ 13.5, 2.5, 14.5, 15.5 ] },
				"west": { "texture": "#oak1", "uv": [ 3.0, 2.5, 13.0, 15.5 ] },
				"up": { "texture": "#oak1", "uv": [ 6.0, 0.0, 16.0, 1.0 ], "rotation": 90 },
				"down": { "texture": "#oak1", "uv": [ 0.0, 0.0, 1.0, 10.0 ] }
			},
			"children": [
				{
					"name": "Cube19",
					"from": [ -1.0, 5.0, 8.5 ], 
					"to": [ 0.0, 9.0, 9.5 ], 
					"rotationOrigin": [ -1.0, 5.0, 8.5 ],
					"faces": {
						"north": { "texture": "#oak-dark", "uv": [ 0.0, 0.0, 1.0, 4.0 ] },
						"east": { "texture": "#oak-dark", "uv": [ 0.0, 0.0, 1.0, 4.0 ] },
						"south": { "texture": "#oak-dark", "uv": [ 0.0, 0.0, 1.0, 4.0 ] },
						"west": { "texture": "#oak-dark", "uv": [ 0.0, 0.0, 1.0, 4.0 ] },
						"up": { "texture": "#oak-dark", "uv": [ 0.0, 0.0, 1.0, 1.0 ] },
						"down": { "texture": "#oak-dark", "uv": [ 0.0, 0.0, 1.0, 1.0 ] }
					}
				},
				{
					"name": "Cube20",
					"from": [ 0.5, 10.0, -0.5 ], 
					"to": [ 1.5, 12.0, 0.5 ], 
					"rotationOrigin": [ 0.5, 10.0, -0.5 ],
					"faces": {
						"north": { "texture": "#oak-dark", "uv": [ 0.0, 0.0, 1.0, 2.0 ] },
						"east": { "texture": "#oak-dark", "uv": [ 0.0, 0.0, 1.0, 2.0 ] },
						"south": { "texture": "#oak-dark", "uv": [ 0.0, 0.0, 1.0, 2.0 ] },
						"west": { "texture": "#oak-dark", "uv": [ 0.0, 0.0, 1.0, 2.0 ] },
						"up": { "texture": "#oak-dark", "uv": [ 0.0, 0.0, 1.0, 1.0 ] },
						"down": { "texture": "#oak-dark", "uv": [ 0.0, 0.0, 1.0, 1.0 ] }
					}
				},
				{
					"name": "Cube21",
					"from": [ 0.5, 1.0, -0.5 ], 
					"to": [ 1.5, 3.0, 0.5 ], 
					"rotationOrigin": [ 0.5, 1.0, -0.5 ],
					"faces": {
						"north": { "texture": "#oak-dark", "uv": [ 0.0, 0.0, 1.0, 2.0 ] },
						"east": { "texture": "#oak-dark", "uv": [ 0.0, 0.0, 1.0, 2.0 ] },
						"south": { "texture": "#oak-dark", "uv": [ 0.0, 0.0, 1.0, 2.0 ] },
						"west": { "texture": "#oak-dark", "uv": [ 0.0, 0.0, 1.0, 2.0 ] },
						"up": { "texture": "#oak-dark", "uv": [ 0.0, 0.0, 1.0, 1.0 ] },
						"down": { "texture": "#oak-dark", "uv": [ 0.0, 0.0, 1.0, 1.0 ] }
					}
				}
			]
		},
		{
			"name": "Cube22",
			"from": [ -0.5, 23.0, 8.0 ], 
			"to": [ 16.5, 25.0, 18.0 ], 
			"rotationOrigin": [ -0.5, 25.0, 8.0 ],
			"rotationX": 20.0,
			"faces": {
				"north": { "texture": "#oak-dark", "uv": [ 0.0, 0.0, 16.0, 2.0 ], "autoUv": false },
				"east": { "texture": "#oak-dark", "uv": [ 0.0, 0.0, 10.0, 2.0 ] },
				"south": { "texture": "#oak-dark", "uv": [ 0.0, 0.0, 16.0, 2.0 ], "autoUv": false },
				"west": { "texture": "#oak-dark", "uv": [ 0.0, 0.0, 10.0, 2.0 ] },
				"up": { "texture": "#oak-dark", "uv": [ 0.0, 4.0, 16.0, 14.0 ], "autoUv": false },
				"down": { "texture": "#oak-dark", "uv": [ 0.0, 4.0, 16.0, 14.0 ], "autoUv": false }
			}
		},
		{
			"name": "Cube23",
			"from": [ -0.4, 23.0, -2.0 ], 
			"to": [ 16.6, 25.0, 8.0 ], 
			"rotationOrigin": [ -0.4, 25.0, 8.0 ],
			"rotationX": -21.0,
			"faces": {
				"north": { "texture": "#oak-dark", "uv": [ 0.0, 9.5, 16.0, 11.5 ], "rotation": 180, "autoUv": false },
				"east": { "texture": "#oak-dark", "uv": [ 0.0, 0.0, 10.0, 2.0 ] },
				"south": { "texture": "#oak-dark", "uv": [ 0.0, 0.0, 16.0, 2.0 ], "autoUv": false },
				"west": { "texture": "#oak-dark", "uv": [ 0.0, 0.0, 10.0, 2.0 ] },
				"up": { "texture": "#oak-dark", "uv": [ 0.0, 0.0, 16.0, 10.0 ], "autoUv": false },
				"down": { "texture": "#oak-dark", "uv": [ 0.0, 4.0, 16.0, 14.0 ], "autoUv": false }
			}
		},
		{
			"name": "Cube27",
			"from": [ 2.3, 2.1, 8.0 ], 
			"to": [ 15.3, 4.1, 10.0 ], 
			"rotationOrigin": [ 2.3, 1.1, 8.0 ],
			"faces": {
				"north": { "texture": "#oak-dark", "uv": [ 0.0, 0.0, 13.0, 2.0 ] },
				"east": { "texture": "#oak-dark", "uv": [ 0.0, 14.0, 2.0, 16.0 ] },
				"south": { "texture": "#oak-dark", "uv": [ 0.0, 0.0, 13.0, 2.0 ] },
				"west": { "texture": "#oak-dark", "uv": [ 0.0, 14.0, 2.0, 16.0 ], "rotation": 90 },
				"up": { "texture": "#oak-dark", "uv": [ 0.0, 0.0, 13.0, 2.0 ] },
				"down": { "texture": "#oak-dark", "uv": [ 0.0, 0.0, 13.0, 2.0 ] }
			},
			"children": [
				{
					"name": "Cube24",
					"from": [ -0.3, -2.0, -2.0 ], 
					"to": [ 12.7, 0.0, 0.0 ], 
					"rotationOrigin": [ -0.3, -2.0, -2.0 ],
					"faces": {
						"north": { "texture": "#oak-dark", "uv": [ 0.0, 0.0, 13.0, 2.0 ] },
						"east": { "texture": "#oak-dark", "uv": [ 0.0, 14.0, 2.0, 16.0 ] },
						"south": { "texture": "#oak-dark", "uv": [ 0.0, 0.0, 13.0, 2.0 ] },
						"west": { "texture": "#oak-dark", "uv": [ 0.0, 14.0, 2.0, 16.0 ] },
						"up": { "texture": "#oak-dark", "uv": [ 0.0, 0.0, 13.0, 2.0 ] },
						"down": { "texture": "#oak-dark", "uv": [ 0.0, 0.0, 13.0, 2.0 ] }
					}
				},
				{
					"name": "Cube25",
					"from": [ -1.0, -2.0, 0.0 ], 
					"to": [ 12.0, 0.0, 2.0 ], 
					"rotationOrigin": [ -1.0, -2.0, 0.0 ],
					"faces": {
						"north": { "texture": "#oak-dark", "uv": [ 0.0, 0.0, 13.0, 2.0 ] },
						"east": { "texture": "#oak-dark", "uv": [ 0.0, 14.0, 2.0, 16.0 ] },
						"south": { "texture": "#oak-dark", "uv": [ 0.0, 0.0, 13.0, 2.0 ] },
						"west": { "texture": "#oak-dark", "uv": [ 0.0, 14.0, 2.0, 16.0 ], "rotation": 180 },
						"up": { "texture": "#oak-dark", "uv": [ 0.0, 0.0, 13.0, 2.0 ] },
						"down": { "texture": "#oak-dark", "uv": [ 0.0, 0.0, 13.0, 2.0 ] }
					}
				},
				{
					"name": "Cube26",
					"from": [ -0.9, 0.0, -2.0 ], 
					"to": [ 12.1, 2.0, 0.0 ], 
					"rotationOrigin": [ -0.9, 0.0, -2.0 ],
					"faces": {
						"north": { "texture": "#oak-dark", "uv": [ 0.0, 0.0, 13.0, 2.0 ] },
						"east": { "texture": "#oak-dark", "uv": [ 0.0, 14.0, 2.0, 16.0 ] },
						"south": { "texture": "#oak-dark", "uv": [ 0.0, 0.0, 13.0, 2.0 ] },
						"west": { "texture": "#oak-dark", "uv": [ 0.0, 14.0, 2.0, 16.0 ] },
						"up": { "texture": "#oak-dark", "uv": [ 0.0, 0.0, 13.0, 2.0 ] },
						"down": { "texture": "#oak-dark", "uv": [ 0.0, 0.0, 13.0, 2.0 ] }
					}
				}
			]
		},
		{
			"name": "Cube28",
			"from": [ 1.0, 5.0, 13.0 ], 
			"to": [ 15.0, 20.0, 15.0 ], 
			"rotationOrigin": [ 0.0, 5.0, 13.0 ],
			"faces": {
				"north": { "texture": "#oak1", "uv": [ 0.5, 2.0, 15.5, 16.0 ], "rotation": 90 },
				"east": { "texture": "#oak1", "uv": [ 0.5, 2.0, 15.5, 4.0 ], "rotation": 90 },
				"south": { "texture": "#oak1", "uv": [ 0.5, 2.0, 15.5, 16.0 ], "rotation": 270 },
				"west": { "texture": "#oak1", "uv": [ 0.5, 2.0, 15.5, 4.0 ], "rotation": 270 },
				"up": { "texture": "#oak1", "uv": [ 0.5, 1.0, 14.5, 3.0 ], "enabled": false },
				"down": { "texture": "#oak1", "uv": [ 0.0, 0.0, 14.0, 2.0 ], "enabled": false }
			}
		},
		{
			"name": "Cube29",
			"from": [ 1.0, 5.0, 3.0 ], 
			"to": [ 3.0, 7.0, 13.0 ], 
			"rotationOrigin": [ 0.0, 5.0, 3.0 ],
			"faces": {
				"north": { "texture": "#oak1", "uv": [ 0.5, 2.0, 2.5, 4.0 ], "rotation": 90, "enabled": false },
				"east": { "texture": "#oak1", "uv": [ 0.5, 2.0, 2.5, 12.0 ], "rotation": 90 },
				"south": { "texture": "#oak1", "uv": [ 0.5, 2.0, 2.5, 4.0 ], "rotation": 270, "enabled": false },
				"west": { "texture": "#oak1", "uv": [ 0.5, 2.0, 2.5, 12.0 ], "rotation": 270 },
				"up": { "texture": "#oak1", "uv": [ 0.5, 1.0, 2.5, 11.0 ] },
				"down": { "texture": "#oak1", "uv": [ 0.0, 0.0, 2.0, 10.0 ], "enabled": false }
			}
		},
		{
			"name": "Cube30",
			"from": [ 0.0, 4.0, 0.0 ], 
			"to": [ 3.0, 5.0, 16.0 ], 
			"rotationOrigin": [ 0.0, 4.0, 0.0 ],
			"faces": {
				"north": { "texture": "#granite1", "uv": [ 0.0, 11.0, 3.0, 12.0 ] },
				"east": { "texture": "#granite1", "uv": [ 0.0, 11.0, 16.0, 12.0 ] },
				"south": { "texture": "#granite1", "uv": [ 0.0, 11.0, 3.0, 12.0 ] },
				"west": { "texture": "#granite1", "uv": [ 0.0, 11.0, 16.0, 12.0 ] },
				"up": { "texture": "#granite1", "uv": [ 0.0, 0.0, 3.0, 16.0 ] },
				"down": { "texture": "#granite1", "uv": [ 0.0, 0.0, 3.0, 16.0 ] }
			},
			"children": [
				{
					"name": "Cube4",
					"from": [ 13.0, 0.0, 0.0 ], 
					"to": [ 16.0, 1.0, 16.0 ], 
					"rotationOrigin": [ 13.0, 0.0, 0.0 ],
					"faces": {
						"north": { "texture": "#granite1", "uv": [ 0.0, 11.0, 3.0, 12.0 ] },
						"east": { "texture": "#granite1", "uv": [ 0.0, 11.0, 16.0, 12.0 ] },
						"south": { "texture": "#granite1", "uv": [ 0.0, 11.0, 3.0, 12.0 ] },
						"west": { "texture": "#granite1", "uv": [ 0.0, 11.0, 16.0, 12.0 ] },
						"up": { "texture": "#granite1", "uv": [ 0.0, 0.0, 3.0, 16.0 ] },
						"down": { "texture": "#granite1", "uv": [ 0.0, 0.0, 3.0, 16.0 ] }
					}
				},
				{
					"name": "Cube31",
					"from": [ 3.0, 0.0, 0.0 ], 
					"to": [ 13.0, 1.0, 5.9 ], 
					"rotationOrigin": [ 3.0, 0.0, 0.0 ],
					"faces": {
						"north": { "texture": "#granite1", "uv": [ 0.0, 11.0, 10.0, 12.0 ] },
						"east": { "texture": "#granite1", "uv": [ 0.0, 11.0, 5.5, 12.0 ] },
						"south": { "texture": "#granite1", "uv": [ 0.0, 11.0, 10.0, 12.0 ] },
						"west": { "texture": "#granite1", "uv": [ 0.0, 11.0, 5.5, 12.0 ] },
						"up": { "texture": "#granite1", "uv": [ 0.0, 0.0, 10.0, 5.5 ] },
						"down": { "texture": "#granite1", "uv": [ 0.0, 0.0, 10.0, 5.5 ] }
					}
				},
				{
					"name": "Cube32",
					"from": [ 3.0, 0.0, 10.1 ], 
					"to": [ 13.0, 1.0, 16.0 ], 
					"rotationOrigin": [ 3.0, 0.0, 9.1 ],
					"faces": {
						"north": { "texture": "#granite1", "uv": [ 0.0, 11.0, 10.0, 12.0 ] },
						"east": { "texture": "#granite1", "uv": [ 0.0, 11.0, 5.5, 12.0 ] },
						"south": { "texture": "#granite1", "uv": [ 0.0, 11.0, 10.0, 12.0 ] },
						"west": { "texture": "#granite1", "uv": [ 0.0, 11.0, 5.5, 12.0 ] },
						"up": { "texture": "#granite1", "uv": [ 0.0, 0.0, 10.0, 5.5 ] },
						"down": { "texture": "#granite1", "uv": [ 0.0, 0.0, 10.0, 5.5 ] }
					}
				}
			]
		},
		{
			"name": "Cube33",
			"from": [ 1.0, 18.0, 3.0 ], 
			"to": [ 3.0, 20.0, 13.0 ], 
			"rotationOrigin": [ 0.0, 18.0, 3.0 ],
			"faces": {
				"north": { "texture": "#oak1", "uv": [ 0.5, 2.0, 2.5, 4.0 ], "rotation": 90, "enabled": false },
				"east": { "texture": "#oak1", "uv": [ 0.5, 2.0, 2.5, 12.0 ], "rotation": 90 },
				"south": { "texture": "#oak1", "uv": [ 0.5, 2.0, 2.5, 4.0 ], "rotation": 270, "enabled": false },
				"west": { "texture": "#oak1", "uv": [ 0.5, 2.0, 2.5, 12.0 ], "rotation": 270 },
				"up": { "texture": "#oak1", "uv": [ 0.5, 1.0, 2.5, 11.0 ], "enabled": false },
				"down": { "texture": "#oak1", "uv": [ 0.0, 0.0, 2.0, 10.0 ] }
			}
		},
		{
			"name": "Cube34",
			"from": [ 13.0, 5.0, 3.0 ], 
			"to": [ 15.0, 20.0, 13.0 ], 
			"rotationOrigin": [ 12.0, 5.0, 3.0 ],
			"faces": {
				"north": { "texture": "#oak1", "uv": [ 0.5, 2.0, 15.5, 4.0 ], "rotation": 90, "enabled": false },
				"east": { "texture": "#oak1", "uv": [ 0.5, 2.0, 15.5, 12.0 ], "rotation": 90 },
				"south": { "texture": "#oak1", "uv": [ 0.5, 2.0, 15.5, 4.0 ], "rotation": 270, "enabled": false },
				"west": { "texture": "#oak1", "uv": [ 0.5, 2.0, 15.5, 12.0 ], "rotation": 270 },
				"up": { "texture": "#oak1", "uv": [ 0.5, 1.0, 2.5, 11.0 ], "enabled": false },
				"down": { "texture": "#oak1", "uv": [ 0.0, 0.0, 2.0, 10.0 ], "enabled": false }
			}
		}
	]}