{
	code: "brickarchm",
	behaviors: [ {name: "HorizontalOrientable"} ],
	attributes: {
		canChisel: false
	},
	variantgroups: [
		{ code: "material", states: [ "blue", "brown", "fire", "red" ] },
		{ code: "side", loadFromProperties: "abstract/horizontalorientation" }
	],
	creativeinventory: { "general": ["*-north"], "decorative": ["*-north"], "medieval": ["*-north"] },
	shapeByType: {
			"*-north": { base: "block/arch/brickarchm", rotateY: 0 },
			"*-west": { base: "block/arch/brickarchm", rotateY: 90 },
			"*-south": { base: "block/arch/brickarchm", rotateY: 180 },
			"*-east": { base: "block/arch/brickarchm", rotateY: 270 }

	},
	drawtype: "json",

	blockmaterial: "Stone",
	"textures": {
		"all": {  base: "block/arch/bricks/{material}" }
	},
	"replaceable": 300,
	drawtype: "json",
	resistance: 2,
	faceCullMode: "NeverCull",
	lightAbsorption: 0,
	emitSideAo: {all: false },
	sideAo: { all: false },
	sideopaque: {
		all: false
	},
	sounds: {
		"walk": "game:walk/stone",
		byTool: {
			"Pickaxe": { hit: "game:block/rock-hit-pickaxe", break: "game:block/rock-break-pickaxe" }
		}
	},
	collisionbox: null,
	"selectionBoxes": [
		{
			"x1": 0,
			"y1": 0,
			"z1": 0,
			"x2": 1,
			"y2": 1,
			"z2": 0.0625,
			"rotateYByType": {
				"*-north": 0,
				"*-east": 270,
				"*-south": 180,
				"*-west": 90
			} 
		}
	],
	heldTpIdleAnimation: "holdbothhandslarge", heldTpUseAnimation: "twohandplaceblock",
		tpHandTransform: {
		translation: { x: -1.13, y: -2.01, z: -1.2 },
		rotation: { x: -83, y: 25, z: -78 },
		scale: 0.4
	}
}