{
	"editor": {
		"allAngles": true,
		"entityTextureMode": false
	},
	"textureWidth": 16,
	"textureHeight": 16,
	"textureSizes": {
	},
	"textures": {
		"ironframe": "item/bag/miningpack/ironframe",
		"linen": "item/bag/miningpack/silk",
		"leather": "item/bag/miningpack/leather",
		"linen2": "item/bag/miningpack/silk2"
	},
	"elements": [
		{
			"name": "backpack",
			"stepParentName": "UpperTorso",
			"from": [ 5.75, -0.2, 1.3 ], 
			"to": [ 10.75, 4.8, 4.8 ], 
			"rotationOrigin": [ 8.0, -4.7, 3.3 ],
			"rotationX": -90.0,
			"rotationY": 82.0,
			"rotationZ": 90.0,
			"faces": {
				"north": { "texture": "#leather", "uv": [ 0.0, 3.5, 5.0, 9.5 ] },
				"east": { "texture": "#leather", "uv": [ 1.0, 3.5, 4.5, 9.5 ] },
				"south": { "texture": "#leather", "uv": [ 5.0, 2.5, 10.0, 8.5 ] },
				"west": { "texture": "#leather", "uv": [ 10.0, 3.5, 13.5, 9.5 ] },
				"up": { "texture": "#leather", "uv": [ 5.0, 1.0, 10.0, 4.5 ] },
				"down": { "texture": "#leather", "uv": [ 0.0, 7.0, 5.0, 10.5 ] }
			},
			"children": [
				{
					"name": "top",
					"from": [ 0.5, 5.0, 1.0 ], 
					"to": [ 4.5, 5.5, 3.0 ], 
					"rotationOrigin": [ 0.0, 1.0, 0.0 ],
					"faces": {
						"north": { "texture": "#leather", "uv": [ 11.0, 0.0, 15.0, 0.5 ] },
						"east": { "texture": "#leather", "uv": [ 5.0, 5.0, 7.0, 5.5 ] },
						"south": { "texture": "#leather", "uv": [ 5.5, 9.0, 9.5, 9.5 ] },
						"west": { "texture": "#leather", "uv": [ 8.0, 5.0, 10.0, 5.5 ] },
						"up": { "texture": "#leather", "uv": [ 5.5, 4.0, 9.5, 6.0 ] },
						"down": { "texture": "#leather", "uv": [ 1.0, 8.0, 5.0, 10.0 ], "enabled": false }
					}
				},
				{
					"name": "bottom",
					"from": [ 0.0, -0.5, 0.5 ], 
					"to": [ 5.0, 0.0, 3.5 ], 
					"faces": {
						"north": { "texture": "#leather", "uv": [ 0.0, 5.0, 5.0, 5.5 ] },
						"east": { "texture": "#leather", "uv": [ 1.0, 5.0, 4.0, 5.5 ] },
						"south": { "texture": "#leather", "uv": [ 11.0, 5.0, 16.0, 5.5 ] },
						"west": { "texture": "#leather", "uv": [ 11.0, 5.0, 14.0, 5.5 ] },
						"up": { "texture": "#leather", "uv": [ 0.0, 3.0, 5.0, 6.0 ], "enabled": false },
						"down": { "texture": "#leather", "uv": [ 6.0, 11.0, 11.0, 14.0 ] }
					}
				},
				{
					"name": "L pocket",
					"from": [ -0.7, 1.5, 0.6 ], 
					"to": [ 0.3, 4.5, 3.1 ], 
					"rotationOrigin": [ -0.2, 4.5, 2.0 ],
					"rotationZ": -10.0,
					"faces": {
						"north": { "texture": "#linen", "uv": [ 4.0, 4.0, 5.0, 7.0 ] },
						"east": { "texture": "#linen", "uv": [ 4.0, 4.5, 6.5, 7.5 ] },
						"south": { "texture": "#linen", "uv": [ 4.0, 4.5, 5.0, 7.5 ] },
						"west": { "texture": "#linen", "uv": [ 5.0, 4.5, 7.5, 7.5 ] },
						"up": { "texture": "#linen", "uv": [ 11.0, 1.0, 12.0, 3.5 ] },
						"down": { "texture": "#linen", "uv": [ 5.0, 6.5, 6.0, 9.0 ] }
					}
				},
				{
					"name": "R pocket",
					"from": [ 4.7, 1.5, 0.6 ], 
					"to": [ 5.7, 4.5, 3.1 ], 
					"rotationOrigin": [ 5.2, 4.5, 1.6 ],
					"rotationZ": 10.0,
					"faces": {
						"north": { "texture": "#leather", "uv": [ 13.0, 4.5, 14.0, 7.5 ] },
						"east": { "texture": "#leather", "uv": [ 2.0, 4.5, 4.5, 7.5 ] },
						"south": { "texture": "#leather", "uv": [ 10.5, 4.5, 11.5, 7.5 ] },
						"west": { "texture": "#leather", "uv": [ 1.0, 4.0, 3.5, 7.0 ], "enabled": false },
						"up": { "texture": "#leather", "uv": [ 8.0, 1.0, 9.0, 3.5 ] },
						"down": { "texture": "#leather", "uv": [ 2.0, 6.5, 3.0, 9.0 ] }
					}
				},
				{
					"name": "top pocket",
					"from": [ 0.0, 0.2, 3.0 ], 
					"to": [ 5.0, 5.2, 4.0 ], 
					"rotationOrigin": [ 1.5, 5.1, 3.0 ],
					"rotationX": -15.0,
					"faces": {
						"north": { "texture": "#leather", "uv": [ 0.0, 3.0, 5.0, 8.0 ], "enabled": false },
						"east": { "texture": "#linen2", "uv": [ 15.0, 2.5, 16.0, 7.5 ] },
						"south": { "texture": "#linen2", "uv": [ 9.0, 2.5, 14.0, 7.5 ] },
						"west": { "texture": "#linen2", "uv": [ 15.0, 2.5, 16.0, 7.5 ] },
						"up": { "texture": "#linen2", "uv": [ 8.0, 3.0, 13.0, 4.0 ] },
						"down": { "texture": "#linen2", "uv": [ 9.5, 6.5, 14.5, 7.5 ] }
					}
				},
				{
					"name": "L frame",
					"from": [ -0.1, -3.1, -0.1 ], 
					"to": [ 0.9, 5.9, 0.9 ], 
					"rotationOrigin": [ 0.4, 5.9, 0.0 ],
					"rotationX": 2.0,
					"rotationZ": -3.0,
					"faces": {
						"north": { "texture": "#ironframe", "uv": [ 5.0, 4.0, 10.0, 13.0 ], "autoUv": false },
						"east": { "texture": "#ironframe", "uv": [ 5.0, 5.0, 10.0, 14.0 ], "autoUv": false },
						"south": { "texture": "#ironframe", "uv": [ 0.0, 7.0, 5.0, 16.0 ], "autoUv": false },
						"west": { "texture": "#ironframe", "uv": [ 0.0, 1.5, 5.0, 10.5 ], "autoUv": false },
						"up": { "texture": "#ironframe", "uv": [ 2.5, 5.5, 3.5, 6.5 ] },
						"down": { "texture": "#ironframe", "uv": [ 1.5, 2.0, 2.5, 3.0 ] }
					},
					"children": [
						{
							"name": "Cube17",
							"from": [ 0.2, 5.0, -0.55 ], 
							"to": [ 0.8, 9.0, -0.05 ], 
							"rotationOrigin": [ 0.0, 5.0, 0.0 ],
							"rotationX": 6.0,
							"faces": {
								"north": { "texture": "#linen", "uv": [ 0.0, 2.0, 4.0, 14.0 ], "autoUv": false },
								"east": { "texture": "#linen", "uv": [ 0.0, 2.0, 4.0, 14.0 ], "autoUv": false },
								"south": { "texture": "#linen", "uv": [ 0.0, 2.0, 4.0, 14.0 ], "autoUv": false },
								"west": { "texture": "#linen", "uv": [ 0.0, 2.0, 4.0, 14.0 ], "autoUv": false },
								"up": { "texture": "#linen", "uv": [ 0.0, 0.0, 0.5, 0.5 ] },
								"down": { "texture": "#linen", "uv": [ 0.0, 0.0, 0.5, 0.5 ] }
							},
							"children": [
								{
									"name": "Cube18",
									"from": [ 1.02, 0.05, 0.05 ], 
									"to": [ 1.58, 5.05, 0.55 ], 
									"rotationOrigin": [ 0.8, 0.0, -0.45 ],
									"rotationX": -12.0,
									"rotationZ": 180.0,
									"faces": {
										"north": { "texture": "#linen", "uv": [ 0.0, 2.0, 4.0, 14.0 ], "autoUv": false },
										"east": { "texture": "#linen", "uv": [ 0.0, 2.0, 4.0, 14.0 ], "autoUv": false },
										"south": { "texture": "#linen", "uv": [ 4.0, 2.0, 0.0, 14.0 ], "autoUv": false },
										"west": { "texture": "#linen", "uv": [ 0.0, 2.0, 4.0, 14.0 ], "autoUv": false },
										"up": { "texture": "#linen", "uv": [ 0.0, 0.0, 0.5, 0.5 ] },
										"down": { "texture": "#linen", "uv": [ 0.0, 0.0, 0.5, 0.5 ] }
									}
								}
							]
						}
					]
				},
				{
					"name": "R frame",
					"from": [ 4.3, -3.1, -0.1 ], 
					"to": [ 5.3, 5.9, 0.9 ], 
					"rotationOrigin": [ 4.8, 5.9, 0.0 ],
					"rotationX": 3.0,
					"rotationZ": 3.0,
					"faces": {
						"north": { "texture": "#ironframe", "uv": [ 5.0, 7.0, 10.0, 16.0 ], "autoUv": false },
						"east": { "texture": "#ironframe", "uv": [ 5.0, 5.0, 10.0, 14.0 ], "autoUv": false },
						"south": { "texture": "#ironframe", "uv": [ 5.0, 1.5, 10.0, 10.5 ], "autoUv": false },
						"west": { "texture": "#ironframe", "uv": [ 5.0, 5.0, 10.0, 14.0 ], "autoUv": false },
						"up": { "texture": "#ironframe", "uv": [ 7.0, 3.0, 8.0, 4.0 ] },
						"down": { "texture": "#ironframe", "uv": [ 0.0, 0.0, 1.0, 1.0 ] }
					},
					"children": [
						{
							"name": "Cube1",
							"from": [ -0.25, 0.0, 1.0 ], 
							"to": [ 4.5, 1.0, 1.75 ], 
							"rotationOrigin": [ 0.0, 0.0, 1.0 ],
							"rotationX": -2.0,
							"rotationY": -180.0,
							"rotationZ": 3.0,
							"faces": {
								"north": { "texture": "#ironframe", "uv": [ 0.0, 0.0, 5.0, 4.5 ], "rotation": 90, "autoUv": false },
								"east": { "texture": "#ironframe", "uv": [ 0.0, 0.0, 0.5, 1.0 ] },
								"south": { "texture": "#ironframe", "uv": [ 0.0, 0.0, 5.0, 5.0 ], "rotation": 90, "autoUv": false },
								"west": { "texture": "#ironframe", "uv": [ 0.0, 0.0, 0.5, 1.0 ] },
								"up": { "texture": "#ironframe", "uv": [ 0.0, 0.0, 4.5, 5.5 ], "rotation": 90, "autoUv": false },
								"down": { "texture": "#ironframe", "uv": [ 0.0, 0.0, 4.5, 5.5 ], "rotation": 90, "autoUv": false }
							}
						},
						{
							"name": "Cube14",
							"from": [ -0.25, 4.0, 1.0 ], 
							"to": [ 4.5, 5.0, 1.75 ], 
							"rotationOrigin": [ 0.0, 4.0, 1.0 ],
							"rotationX": -2.0,
							"rotationY": -180.0,
							"rotationZ": 3.0,
							"faces": {
								"north": { "texture": "#ironframe", "uv": [ 0.0, 0.0, 5.0, 4.5 ], "rotation": 90, "autoUv": false },
								"east": { "texture": "#ironframe", "uv": [ 0.0, 0.0, 0.5, 1.0 ] },
								"south": { "texture": "#ironframe", "uv": [ 0.0, 0.0, 5.0, 5.0 ], "rotation": 90, "autoUv": false },
								"west": { "texture": "#ironframe", "uv": [ 0.0, 0.0, 0.5, 1.0 ] },
								"up": { "texture": "#ironframe", "uv": [ 0.0, 0.0, 4.5, 5.5 ], "rotation": 90, "autoUv": false },
								"down": { "texture": "#ironframe", "uv": [ 0.0, 0.0, 4.5, 5.5 ], "rotation": 90, "autoUv": false }
							}
						},
						{
							"name": "Cube15",
							"from": [ 0.2, 5.0, -0.55 ], 
							"to": [ 0.8, 9.0, -0.05 ], 
							"rotationOrigin": [ 0.0, 5.0, 0.0 ],
							"rotationX": 6.0,
							"faces": {
								"north": { "texture": "#linen", "uv": [ 0.0, 2.0, 4.0, 14.0 ], "autoUv": false },
								"east": { "texture": "#linen", "uv": [ 0.0, 2.0, 4.0, 14.0 ], "autoUv": false },
								"south": { "texture": "#linen", "uv": [ 0.0, 2.0, 4.0, 14.0 ], "autoUv": false },
								"west": { "texture": "#linen", "uv": [ 0.0, 2.0, 4.0, 14.0 ], "autoUv": false },
								"up": { "texture": "#linen", "uv": [ 0.0, 0.0, 0.5, 0.5 ] },
								"down": { "texture": "#linen", "uv": [ 0.0, 0.0, 0.5, 0.5 ] }
							},
							"children": [
								{
									"name": "Cube16",
									"from": [ 1.02, 0.05, 0.05 ], 
									"to": [ 1.58, 5.05, 0.55 ], 
									"rotationOrigin": [ 0.8, 0.0, -0.45 ],
									"rotationX": -12.0,
									"rotationZ": 180.0,
									"faces": {
										"north": { "texture": "#linen", "uv": [ 0.0, 2.0, 4.0, 14.0 ], "autoUv": false },
										"east": { "texture": "#linen", "uv": [ 0.0, 2.0, 4.0, 14.0 ], "autoUv": false },
										"south": { "texture": "#linen", "uv": [ 4.0, 2.0, 0.0, 14.0 ], "autoUv": false },
										"west": { "texture": "#linen", "uv": [ 0.0, 2.0, 4.0, 14.0 ], "autoUv": false },
										"up": { "texture": "#linen", "uv": [ 0.0, 0.0, 0.5, 0.5 ] },
										"down": { "texture": "#linen", "uv": [ 0.0, 0.0, 0.5, 0.5 ] }
									}
								}
							]
						}
					]
				},
				{
					"name": "L large pocket",
					"from": [ -2.5, -3.0, 0.5 ], 
					"to": [ -0.5, 2.0, 4.0 ], 
					"rotationOrigin": [ -2.0, 2.0, 2.4 ],
					"rotationZ": 6.0,
					"faces": {
						"north": { "texture": "#linen2", "uv": [ 0.0, 6.0, 2.0, 11.0 ] },
						"east": { "texture": "#linen2", "uv": [ 0.0, 6.0, 3.5, 11.0 ] },
						"south": { "texture": "#linen2", "uv": [ 0.0, 6.0, 2.0, 11.0 ] },
						"west": { "texture": "#linen2", "uv": [ 0.0, 6.0, 3.5, 11.0 ] },
						"up": { "texture": "#linen2", "uv": [ 5.0, 5.5, 7.0, 9.0 ] },
						"down": { "texture": "#linen2", "uv": [ 0.0, 0.0, 2.0, 3.5 ] }
					},
					"children": [
						{
							"name": "base",
							"from": [ 1.2601, -2.1184, -0.1 ], 
							"to": [ 7.2601, 5.8816, 3.9 ], 
							"rotationOrigin": [ 1.2601, -2.1184, -0.6 ],
							"rotationX": 0.0,
							"rotationY": 0.0,
							"rotationZ": -6.0,
							"faces": {
								"north": { "texture": "#linen2", "uv": [ 8.0, 8.0, 14.0, 16.0 ] },
								"east": { "texture": "#linen2", "uv": [ 4.0, 8.0, 8.0, 16.0 ], "autoUv": false },
								"south": { "texture": "#linen2", "uv": [ 8.0, 3.5, 15.0, 16.0 ], "autoUv": false },
								"west": { "texture": "#linen2", "uv": [ 4.0, 8.0, 8.0, 16.0 ], "autoUv": false },
								"up": { "texture": "#linen", "uv": [ 4.0, 5.5, 8.0, 9.5 ], "autoUv": false },
								"down": { "texture": "#linen", "uv": [ 0.5, 10.0, 6.5, 14.0 ] }
							}
						}
					]
				},
				{
					"name": "R large pocket",
					"from": [ 5.4, -3.0, 0.5 ], 
					"to": [ 7.4, 1.9, 4.0 ], 
					"rotationOrigin": [ 5.9, 2.0, 2.0 ],
					"rotationZ": -6.0,
					"faces": {
						"north": { "texture": "#linen2", "uv": [ 0.0, 6.0, 2.0, 11.0 ] },
						"east": { "texture": "#linen2", "uv": [ 0.0, 6.0, 3.5, 11.0 ] },
						"south": { "texture": "#linen2", "uv": [ 0.0, 6.0, 2.0, 11.0 ] },
						"west": { "texture": "#linen2", "uv": [ 0.0, 6.0, 3.5, 11.0 ] },
						"up": { "texture": "#linen2", "uv": [ 5.0, 5.5, 7.0, 9.0 ] },
						"down": { "texture": "#linen2", "uv": [ 0.0, 0.0, 2.0, 3.5 ] }
					}
				},
				{
					"name": "bottom 1",
					"from": [ 0.0, -5.5, 0.4 ], 
					"to": [ 5.0, -5.0, 3.9 ], 
					"rotationOrigin": [ -0.5, -5.5, -0.1 ],
					"faces": {
						"north": { "texture": "#linen", "uv": [ 5.0, 15.5, 10.0, 16.0 ] },
						"east": { "texture": "#linen", "uv": [ 10.5, 15.5, 14.0, 16.0 ] },
						"south": { "texture": "#linen", "uv": [ 6.5, 15.5, 11.5, 16.0 ] },
						"west": { "texture": "#linen", "uv": [ 6.0, 15.5, 9.5, 16.0 ] },
						"up": { "texture": "#leather", "uv": [ 1.0, 12.0, 6.0, 15.5 ], "enabled": false },
						"down": { "texture": "#linen", "uv": [ 0.0, 12.5, 5.0, 16.0 ] }
					}
				}
			]
		}
	]}