{
	code: "knifebladehead",
	variantgroups: [
		{ code: "metal", states: ["copper", "tinbronze", "bismuthbronze", "blackbronze", "gold", "silver", "iron", "meteoriciron", "steel", "stainlesssteel", "titanium" ] },
	],
	maxstacksize: 4,
	shape: { base: "item/tool/knifebladehead" },
	textures: {
		"metal": { base: "item/tool/sword/{metal}" }
	},
	creativeinventory: { "general": ["*"], "items": ["*"], "tools": ["*"], "medieval": ["*"] },
	fpHandTransform: {
		translation: { x: 0.2, y: 0.1, z: 0.5 },
		rotation: { x: 140, y: 93, z: -75 },
		scale: 2.5
		
	},
	guiTransform: {
			translation: { x: 4, y: 3, z: 0 },
			rotation: { x: -8, y: -152, z: 142 },
			origin: { x: 0.53, y: 0.05, z: 0.4 },
			scale: 3
	},
	groundTransform: {
		translation: { x: 0, y: 0, z: 0 },
		rotation: { x: 90, y: 0, z: 0 },
		origin: { x: 0.5, y: 0, z: 0.55 },
		scale: 3.5
	},
	tpHandTransform: {
			translation: { x: -0.64, y: -0.08, z: -0.48 },
			rotation: { x: 0, y: 0, z: -10 },
			scale: 1
		
}