{
	code: "littlescythehead",
	variantgroups: [
		{ code: "metal", states: [ "copper", "tinbronze", "bismuthbronze", "blackbronze", "gold", "silver", "iron", "meteoriciron", "steel" ] }
	],
	maxstacksize: 4,

	shape: { "base": "item/tool/littlescythehead" },

	textures: {	"metal": { base: "item/tool/sword/{metal}" }},

	creativeinventory: { "general": ["*"], "items": ["*"], "tools": ["*"], "medieval": ["*"] },
	fpHandTransform: {
		translation: { x: -0.5, y: -0.4, z: 0 },
		rotation: { x: 25, y: 0, z: 86 },
		scale: 2.5
	},
			guiTransform: {
		translation: { x: 0, y: -5, z: 100 },
		rotation: { x: -52, y: -110, z: -180 },
		origin: { x: 0.35, y: 0.31, z: 0.31 },
		scale: 2.2
	},
	groundTransform: {
		translation: { x: 0, y: 0.3, z: 0 },
		rotation: { x: 0, y: 0, z: 0 },
		origin: { x: 0.81, y: 0.45, z: 0.42 },
		scale: 3.5
	},
		tpHandTransform: {
		translation: { x: -0.68, y: -0.58, z: -0.15 },
		rotation: { x: 90, y: -29, z: 0 },
		scale: 0.8
	}
}