{
	code: "shortswordhandle",
	variantgroups: [
		{ code: "metal", states: [ "brass", "molybdochalkos", "silversolder"] },
	],
	maxstacksize: 4,
	shape: { base: "item/tool/handle/shortswordhandle" },
	textures: {
		"metal": { base: "item/tool/sword/handle/{metal}" }
	},
	creativeinventory: { "general": ["*"], "items": ["*"], "tools": ["*"], "medieval": ["*"] },
	guiTransform: {
				translation: { x: 8, y: -12, z: 0 },
				rotation: { x: -89, y: 47, z: 44 },
				origin: { x: 0.6, y: -0.2, z: 0.44 },
				scale: 3.18
	},
	fpHandTransform: {
				translation: { x: -0.2, y: -0.2, z: 0 },
				rotation: { x: -3, y: 15, z: 90 },
				scale: 3.18
	},
	groundTransform: {
				translation: { x: 0, y: 0, z: 0 },
				rotation: { x: 0, y: 0, z: 0 },
				origin: { x: 0.5, y: 0, z: 0.5 },
				scale: 3.4
	},
	tpHandTransform: {
				translation: { x: -1, y: -0.01, z: -0.62 },
				rotation: { x: -90, y: 0, z: 0 },
				origin: { x: 0.5, y: 0, z: 0.5 },
				scale: 0.8
	}
}