{
	code: "shovelcover",
	variantgroups: [
		{ code: "metal", states: [ "copper", "tinbronze", "bismuthbronze", "blackbronze", "gold", "silver", "iron", "meteoriciron", "steel", "stainlesssteel" ] },
	],
	heldTpUseAnimation: "interactstatic", maxstacksize: 4,
	shapeByType: {
		"*": { "base": "item/tool/shovelcover" }
	},
	texturesByType: {
		"*": { 	"metal": { base: "item/tool/sword/axe/{metal}" }}
	},
	creativeinventory: { "general": ["*"], "items": ["*"], "tools": ["*"], "medieval": ["*"] },
	fpHandTransformByType: {
		"@shovelcover-(copper|tinbronze|bismuthbronze|blackbronze|iron|meteoriciron|gold|silver|steel|stainlesssteel)": {
			translation: { x: -0.25, y: -0.1, z: 0 },
			rotation: { x: 3, y: 15, z: 90 },
			scale: 2.5
		}
	},
	guiTransformByType: {
		"@shovelcover-(copper|tinbronze|bismuthbronze|blackbronze|iron|meteoriciron|gold|silver|steel|stainlesssteel)": {
			rotate: false,
			translation: { x: 0, y: 0, z: 4 },
			rotation: { x: 141, y: 33, z: -38 },
			origin: { x: 0.52, y: 0.29, z: 0.3 },
			scale: 2.24
		}
	},
	groundTransform: {
		translation: { x: 0, y: 0.33, z: 0 },
		rotation: { x: 0, y: 0, z: 0 },
		origin: { x: 0.8, y: 0.47, z: 0.5 },
		scale: 3.6
	},
	tpHandTransformByType: {
		"@shovelcover-(copper|tinbronze|bismuthbronze|blackbronze|iron|meteoriciron|gold|silver|steel|stainlesssteel)": {
			translation: { x: -0.7, y: -0.6, z: -0.1 },
			rotation: { x: 90, y: 20, z: 0 },
			scale: 0.85
		}
	}
}