{
	"editor": {
		"allAngles": false,
		"entityTextureMode": false
	},
	"textureWidth": 16,
	"textureHeight": 16,
	"textureSizes": {
		
	},
	"textures": {
		"clan": "item/tool/shield/clan/9",
		"iron": "item/tool/shield/metal/iron"
	},
	"elements": [
		{
			"name": "origin",
			"stepParentName": "LowerArmL",
			"from": [ 0.0, 0.0, 0.0 ], 
			"to": [ 0.0, 0.0, 0.0 ], 
			"faces": {
				"north": { "texture": "#null", "uv": [ 0.0, 0.0, 0.5, 0.5 ], "enabled": false },
				"east": { "texture": "#null", "uv": [ 0.0, 0.0, 0.5, 0.5 ], "enabled": false },
				"south": { "texture": "#null", "uv": [ 0.0, 0.0, 0.5, 0.5 ], "enabled": false },
				"west": { "texture": "#null", "uv": [ 0.0, 0.0, 0.5, 0.5 ], "enabled": false },
				"up": { "texture": "#null", "uv": [ 0.0, 0.0, 0.5, 0.5 ], "enabled": false },
				"down": { "texture": "#null", "uv": [ 0.0, 0.0, 0.5, 0.5 ], "enabled": false }
			},
			"children": [
				{
					"name": "METAL",
					"from": [ 0.0, 0.0, 0.0 ], 
					"to": [ 0.0, 0.0, 0.0 ], 
					"faces": {
						"north": { "texture": "#null", "uv": [ 0.0, 0.0, 0.5, 0.5 ], "enabled": false },
						"east": { "texture": "#null", "uv": [ 0.0, 0.0, 0.5, 0.5 ], "enabled": false },
						"south": { "texture": "#null", "uv": [ 0.0, 0.0, 0.5, 0.5 ], "enabled": false },
						"west": { "texture": "#null", "uv": [ 0.0, 0.0, 0.5, 0.5 ], "enabled": false },
						"up": { "texture": "#null", "uv": [ 0.0, 0.0, 0.5, 0.5 ], "enabled": false },
						"down": { "texture": "#null", "uv": [ 0.0, 0.0, 0.5, 0.5 ], "enabled": false }
					},
					"children": [
						{
							"name": "hexadecagon0",
							"from": [ -0.273, -5.4, 2.6 ], 
							"to": [ 2.273, 7.4, 3.4 ], 
							"rotationOrigin": [ 1.0, 1.0, 3.0 ],
							"rotationZ": -135.0,
							"faces": {
								"north": { "texture": "#iron", "uv": [ 6.5, 6.375, 7.5, 9.0 ], "autoUv": false },
								"east": { "texture": "#iron", "uv": [ 0.0, 0.0, 1.0, 1.0 ], "autoUv": false },
								"south": { "texture": "#iron", "uv": [ 6.5, 6.375, 7.5, 9.0 ], "autoUv": false },
								"west": { "texture": "#iron", "uv": [ 0.0, 0.0, 1.0, 1.0 ], "autoUv": false },
								"up": { "texture": "#iron", "uv": [ 7.75, 6.5, 8.75, 9.5 ], "rotation": 90, "autoUv": false },
								"down": { "texture": "#iron", "uv": [ 7.75, 6.5, 8.75, 9.5 ], "rotation": 90, "autoUv": false }
							}
						},
						{
							"name": "hexadecagon1",
							"from": [ -5.4, -0.273, 2.6 ], 
							"to": [ 7.4, 2.273, 3.4 ], 
							"rotationOrigin": [ 1.0, 1.0, 3.0 ],
							"rotationZ": -90.0,
							"faces": {
								"north": { "texture": "#iron", "uv": [ 6.5, 6.375, 7.5, 9.0 ], "rotation": 90, "autoUv": false },
								"east": { "texture": "#iron", "uv": [ 7.75, 6.5, 8.75, 9.5 ], "autoUv": false },
								"south": { "texture": "#iron", "uv": [ 6.5, 6.375, 7.5, 9.0 ], "rotation": 90, "autoUv": false },
								"west": { "texture": "#iron", "uv": [ 7.75, 6.5, 8.75, 9.5 ], "autoUv": false },
								"up": { "texture": "#iron", "uv": [ 0.0, 0.0, 1.0, 1.0 ], "autoUv": false },
								"down": { "texture": "#iron", "uv": [ 0.0, 0.0, 1.0, 1.0 ], "autoUv": false }
							}
						},
						{
							"name": "hexadecagon2",
							"from": [ -0.273, -5.4, 2.6 ], 
							"to": [ 2.273, 7.4, 3.4 ], 
							"rotationOrigin": [ 1.0, 1.0, 3.0 ],
							"rotationZ": -112.5,
							"faces": {
								"north": { "texture": "#iron", "uv": [ 6.5, 6.375, 7.5, 9.0 ], "autoUv": false },
								"east": { "texture": "#iron", "uv": [ 0.0, 0.0, 1.0, 1.0 ], "autoUv": false },
								"south": { "texture": "#iron", "uv": [ 6.5, 6.375, 7.5, 9.0 ], "autoUv": false },
								"west": { "texture": "#iron", "uv": [ 0.0, 0.0, 1.0, 1.0 ], "autoUv": false },
								"up": { "texture": "#iron", "uv": [ 7.75, 6.5, 8.75, 9.5 ], "rotation": 90, "autoUv": false },
								"down": { "texture": "#iron", "uv": [ 7.75, 6.5, 8.75, 9.5 ], "rotation": 90, "autoUv": false }
							}
						},
						{
							"name": "hexadecagon3",
							"from": [ -0.273, -5.4, 2.6 ], 
							"to": [ 2.273, 7.4, 3.4 ], 
							"rotationOrigin": [ 1.0, 1.0, 3.0 ],
							"rotationZ": -90.0,
							"faces": {
								"north": { "texture": "#iron", "uv": [ 6.5, 6.375, 7.5, 9.0 ], "autoUv": false },
								"east": { "texture": "#iron", "uv": [ 0.0, 0.0, 1.0, 1.0 ], "autoUv": false },
								"south": { "texture": "#iron", "uv": [ 6.5, 6.375, 7.5, 9.0 ], "autoUv": false },
								"west": { "texture": "#iron", "uv": [ 0.0, 0.0, 1.0, 1.0 ], "autoUv": false },
								"up": { "texture": "#iron", "uv": [ 7.75, 6.5, 8.75, 9.5 ], "rotation": 90, "autoUv": false },
								"down": { "texture": "#iron", "uv": [ 7.75, 6.5, 8.75, 9.5 ], "rotation": 90, "autoUv": false }
							}
						},
						{
							"name": "hexadecagon4",
							"from": [ -0.273, -5.4, 2.6 ], 
							"to": [ 2.273, 7.4, 3.4 ], 
							"rotationOrigin": [ 1.0, 1.0, 3.0 ],
							"rotationZ": -67.5,
							"faces": {
								"north": { "texture": "#iron", "uv": [ 6.5, 6.375, 7.5, 9.0 ], "autoUv": false },
								"east": { "texture": "#iron", "uv": [ 0.0, 0.0, 1.0, 1.0 ], "autoUv": false },
								"south": { "texture": "#iron", "uv": [ 6.5, 6.375, 7.5, 9.0 ], "autoUv": false },
								"west": { "texture": "#iron", "uv": [ 0.0, 0.0, 1.0, 1.0 ], "autoUv": false },
								"up": { "texture": "#iron", "uv": [ 7.75, 6.5, 8.75, 9.5 ], "rotation": 90, "autoUv": false },
								"down": { "texture": "#iron", "uv": [ 7.75, 6.5, 8.75, 9.5 ], "rotation": 90, "autoUv": false }
							}
						},
						{
							"name": "hexadecagon5",
							"from": [ -0.273, -5.4, 2.6 ], 
							"to": [ 2.273, 7.4, 3.4 ], 
							"rotationOrigin": [ 1.0, 1.0, 3.0 ],
							"rotationZ": -45.0,
							"faces": {
								"north": { "texture": "#iron", "uv": [ 6.5, 6.375, 7.5, 9.0 ], "autoUv": false },
								"east": { "texture": "#iron", "uv": [ 0.0, 0.0, 1.0, 1.0 ], "autoUv": false },
								"south": { "texture": "#iron", "uv": [ 6.5, 6.375, 7.5, 9.0 ], "autoUv": false },
								"west": { "texture": "#iron", "uv": [ 0.0, 0.0, 1.0, 1.0 ], "autoUv": false },
								"up": { "texture": "#iron", "uv": [ 7.75, 6.5, 8.75, 9.5 ], "rotation": 90, "autoUv": false },
								"down": { "texture": "#iron", "uv": [ 7.75, 6.5, 8.75, 9.5 ], "rotation": 90, "autoUv": false }
							}
						},
						{
							"name": "hexadecagon6",
							"from": [ -5.4, -0.273, 2.6 ], 
							"to": [ 7.4, 2.273, 3.4 ], 
							"rotationOrigin": [ 1.0, 1.0, 3.0 ],
							"rotationZ": -112.5,
							"faces": {
								"north": { "texture": "#iron", "uv": [ 6.5, 6.375, 7.5, 9.0 ], "rotation": 90, "autoUv": false },
								"east": { "texture": "#iron", "uv": [ 7.75, 6.5, 8.75, 9.5 ], "autoUv": false },
								"south": { "texture": "#iron", "uv": [ 6.5, 6.375, 7.5, 9.0 ], "rotation": 90, "autoUv": false },
								"west": { "texture": "#iron", "uv": [ 7.75, 6.5, 8.75, 9.5 ], "autoUv": false },
								"up": { "texture": "#iron", "uv": [ 0.0, 0.0, 1.0, 1.0 ], "autoUv": false },
								"down": { "texture": "#iron", "uv": [ 0.0, 0.0, 1.0, 1.0 ], "autoUv": false }
							}
						},
						{
							"name": "hexadecagon7",
							"from": [ -5.4, -0.273, 2.6 ], 
							"to": [ 7.4, 2.273, 3.4 ], 
							"rotationOrigin": [ 1.0, 1.0, 3.0 ],
							"rotationZ": -67.5,
							"faces": {
								"north": { "texture": "#iron", "uv": [ 6.5, 6.375, 7.5, 9.0 ], "rotation": 90, "autoUv": false },
								"east": { "texture": "#iron", "uv": [ 7.75, 6.5, 8.75, 9.5 ], "autoUv": false },
								"south": { "texture": "#iron", "uv": [ 6.5, 6.375, 7.5, 9.0 ], "rotation": 90, "autoUv": false },
								"west": { "texture": "#iron", "uv": [ 7.75, 6.5, 8.75, 9.5 ], "autoUv": false },
								"up": { "texture": "#iron", "uv": [ 0.0, 0.0, 1.0, 1.0 ], "autoUv": false },
								"down": { "texture": "#iron", "uv": [ 0.0, 0.0, 1.0, 1.0 ], "autoUv": false }
							}
						}
					]
				},
				{
					"name": "WOOD",
					"from": [ 0.0, 0.0, 0.0 ], 
					"to": [ 0.0, 0.0, 0.0 ], 
					"faces": {
						"north": { "texture": "#null", "uv": [ 0.0, 0.0, 0.5, 0.5 ], "enabled": false },
						"east": { "texture": "#null", "uv": [ 0.0, 0.0, 0.5, 0.5 ], "enabled": false },
						"south": { "texture": "#null", "uv": [ 0.0, 0.0, 0.5, 0.5 ], "enabled": false },
						"west": { "texture": "#null", "uv": [ 0.0, 0.0, 0.5, 0.5 ], "enabled": false },
						"up": { "texture": "#null", "uv": [ 0.0, 0.0, 0.5, 0.5 ], "enabled": false },
						"down": { "texture": "#null", "uv": [ 0.0, 0.0, 0.5, 0.5 ], "enabled": false }
					}
				}
			]
		},
		{
			"name": "CLAN",
			"from": [ -5.2, -5.2, 2.58 ], 
			"to": [ 7.2, 7.2, 3.42 ], 
			"rotationOrigin": [ 1.0, 1.0, 3.0 ],
			"rotationZ": -90.0,
			"faces": {
				"north": { "texture": "#clan", "uv": [ 1.75, 14.25, 14.25, 1.75 ], "autoUv": false },
				"east": { "texture": "#clan", "uv": [ 0.0, 0.0, 0.0, 0.0 ], "enabled": false, "autoUv": false },
				"south": { "texture": "#clan", "uv": [ 14.25, 14.25, 1.75, 1.75 ], "autoUv": false },
				"west": { "texture": "#clan", "uv": [ 0.0, 0.0, 0.0, 0.0 ], "enabled": false, "autoUv": false },
				"up": { "texture": "#clan", "uv": [ 0.0, 0.0, 0.0, 0.0 ], "enabled": false, "autoUv": false },
				"down": { "texture": "#clan", "uv": [ 0.0, 0.0, 0.0, 0.0 ], "enabled": false, "autoUv": false }
			}
		}
	]}