{
	code: "sandstonesingle",
	attributes: {
		canChisel: true
	},
	shape: { base: "block/pillar/stone/sandstone/sandstonesingle" },
	creativeinventory: { "general": ["*"], "construction": ["*"], "terrain": ["*"], "medieval": ["*"] },



	textures: {
		"north": { base: "block/stone/pillar/sandstone/sandstonesingle" },
		"east": { base: "block/stone/pillar/sandstone/sandstonesingle" },
		"south": { base: "block/stone/pillar/sandstone/sandstonesingle" },
		"west": { base: "block/stone/pillar/sandstone/sandstonesingle" },
		"up": { base: "game:block/stone/polishedrock/sandstone" },
		"down": { base: "game:block/stone/polishedrock/sandstone" },
		"inside-north": { base: "block/stone/pillar/sandstone/sandstonesingle" },
		"inside-east": { base: "block/stone/pillar/sandstone/sandstonesingle" },
		"inside-south": { base: "block/stone/pillar/sandstone/sandstonesingle" },
		"inside-west": { base: "block/stone/pillar/sandstone/sandstonesingle" },
		"inside-up": { base: "game:block/stone/polishedrock/sandstone" },
		"inside-down": { base: "game:block/stone/polishedrock/sandstone" }

	},
	replaceable: 90,
	resistance: 3,
	sounds: {
		"walk": "game:walk/stone",
		byTool: {
			"Pickaxe": { hit: "game:block/rock-hit-pickaxe", break: "game:block/rock-break-pickaxe" }
		}
	},
	heldTpIdleAnimation: "holdbothhandslarge", heldTpUseAnimation: "twohandplaceblock",
	tpHandTransform: {
		translation: { x: -1.23, y: -0.91, z: -0.8 },
		rotation: { x: -2, y: 25, z: -78 },
		scale: 0.4
	}
}