{
	"code": "cropsapling",
	"class": "BlockPlant",
	"behaviors": [ { "name": "DropNotSnowCovered" } ],
	"variantgroups": [
		{ "code": "type", "states": [ "amaranth", "sunflower", "pineapple", "cassava" ] },
		{ "code": "cover", "states": [ "free", "snow"] }
	],
	"attributes": {
		"reinforcable": true,
		"plantContainable": {
			"smallContainerByType": {
				"*-amaranth-*": {
				       "shape": { "base": "bricklayers:block/clay/flowerpot/contents", "scale": 0.9 },
				       "textures": {
						"south": { "base": "game:block/plant/crop/{type}/e9" },
						"north": { "base": "game:block/plant/crop/{type}/w9" }
				       }
				},
				"*-cassava-*": {
				       "shape": { "base": "bricklayers:block/plant/cassava_stage5" },
				       "textures": {
						"leaves5": { "base": "game:block/plant/crop/cassava/leaves5" },
						"bark": { "base": "game:block/plant/crop/cassava/bark" }
					}
				},
				"*-pineapple-*": {
				       "shape": { "base": "game:block/plant/crop/pineapple/stage8" },
				       "textures": {
						"plant8": { "base": "game:block/plant/crop/pineapple/plant8" }
					}
				},
				"*-sunflower-*": {
				       "shape": { "base": "bricklayers:block/plant/sunflower_potted_small" },
				       "textures": {
						"normal1-6": { "base": "game:block/plant/crop/sunflower/normal1-6" },
						"normal7-12": { "base": "game:block/plant/crop/sunflower/normal7-12" }
				       }
				}
			},
			"largeContainer": {
				"shapeByType": {
					"*-amaranth-*": { "base": "bricklayers:block/plant/crossdense", "scale": 1.4 },
					"*-cassava-*": { "base": "bricklayers:block/plant/cassava_stage7" },
					"*-pineapple-*": { "base": "game:block/plant/crop/pineapple/stage15" },
					"*-sunflower-*": { "base": "bricklayers:block/plant/sunflower_potted" }
				}
			}
		}
	},
	"creativeinventory": { "general": [ "*-free" ], "flora": [ "*-free" ], "decorative": [ "*-free" ] },
	"renderpass": "OpaqueNoCull",
	"drawtypeByType": {
		"*-free": "JSON",
		"*-snow": "JSONAndSnowLayer"
	},
	"randomDrawOffset": true,
	"randomizeRotations": true,
	"shapeByType": {
		"*-amaranth-*": { "base": "bricklayers:block/plant/crossdense", "scale": 1.4 },
		"*-cassava-*": { "base": "bricklayers:block/plant/cassava_stage7" },
		"*-pineapple-*": { "base": "game:block/plant/crop/pineapple/stage15" },
		"*-sunflower-*": { "base": "bricklayers:block/plant/sunflower_potted" }
	},
	"drops": [
		{ "type": "block", "code": "bricklayers:cropsapling-{type}-free", "quantity": { "avg": 1, "var": 0 } }
	],
	"blockmaterial": "Plant",
	"sideopaqueByType": {
		"*-snow": { "all": false, "down": true },
		"*": { "all": false }
	},
	"sidesolid": { "all": false },
	"texturesByType": {
		"*-amaranth-*": {
			"south": { "base": "game:block/plant/crop/{type}/e9" },
			"north": { "base": "game:block/plant/crop/{type}/w9" },
			"e9": { "base": "game:block/plant/crop/{type}/e9" },
			"w9": { "base": "game:block/plant/crop/{type}/w9" },
			"0": { "base": "game:block/plant/crop/{type}/e9" },
			"1": { "base": "game:block/plant/crop/{type}/w9" }
		},
		"*-cassava-*": {
			"leaves5": { "base": "game:block/plant/crop/cassava/leaves5" },
			"bark": { "base": "game:block/plant/crop/cassava/bark" }
		},
		"*-pineapple-*": {
			"plant1-6": { "base": "game:block/plant/crop/pineapple/plant1-6" },
			"plant8": { "base": "game:block/plant/crop/pineapple/plant8" }
		},
		"*-sunflower-*": {
			"normal1-6": { "base": "game:block/plant/crop/sunflower/normal1-6" },
			"normal7-12": { "base": "game:block/plant/crop/sunflower/normal7-12" }
		}
	},
	"replaceable": 5200,
	"lightAbsorption": 0,
	"resistance": 1,
	"collisionbox": null,
	"selectionbox": {
		"x1": 0.3, "y1": 0, "z1": 0.2,
		"x2": 0.7, "y2": 0.5, "z2": 0.7
	},
	"sounds": {
		"place": "game:block/plant",
		"break": "game:block/plant",
		"hit": "game:block/plant"
	},
	"rainPermeable": true,
	"materialDensity": 200,
	"combustibleProps": {
		"burnTemperature": 600,
		"burnDuration": 10
	},
	"guiTransformByType": {
		"*": {
			"rotation": { "x": -22, "y": -44, "z": 0 },
			"translation": { "x": 0, "y": 5, "z": 0 },
			"origin": { "x": 0.5, "y": 0.28, "z": 0.5 },
			"scale": 1
		}
	},
	"tpHandTransform": {
		"translation": { "x": -1.3, "y": -1, "z": -1 },
		"rotation": { "x": 2, "y": -12, "z": -105 },
		"scale": 0.5
	},
	"groundTransform": {
		"translation": { "x": 0, "y": 0, "z": 0 },
		"rotation": { "x": 0, "y": -45, "z": 0 },
		"origin": { "x": 0.5, "y": 0, "z": 0.5 },
		"scale": 3
	},
	"frostable": true,
	"vertexFlags": {
		"grassWindwave": true,
                "weakWave": true,
                "foliageWaveSpecial": 4,
		"leavesWindWave": false
	}
}
