{
	"editor": {
		"allAngles": false,
		"entityTextureMode": false
	},
	"textureWidth": 16,
	"textureHeight": 16,
	"textureSizes": {
	},
	"textures": {
		"aged": "/Users/vinte/AppData/Roaming/Vintagestory/1179/assets/survival/textures/block/wood/debarked/aged"
	},
	"elements": [
		{
			"name": "Cube1",
			"from": [ 16.0, 0.0, 0.0 ], 
			"to": [ 32.0, 16.0, 16.0 ], 
			"rotationOrigin": [ 16.0, 0.0, 0.0 ],
			"rotationY": -90.0,
			"faces": {
				"north": { "texture": "#aged", "uv": [ 0.0, 0.0, 16.0, 16.0 ] },
				"east": { "texture": "#aged", "uv": [ 0.0, 0.0, 16.0, 16.0 ] },
				"south": { "texture": "#aged", "uv": [ 0.0, 0.0, 16.0, 16.0 ] },
				"west": { "texture": "#aged", "uv": [ 0.0, 0.0, 16.0, 16.0 ] },
				"up": { "texture": "#aged", "uv": [ 0.0, 0.0, 16.0, 16.0 ] },
				"down": { "texture": "#aged", "uv": [ 0.0, 0.0, 16.0, 16.0 ] }
			},
			"children": [
				{
					"name": "Cube2",
					"from": [ -1.0, 11.88, 0.01 ], 
					"to": [ 0.0, 15.88, 15.99 ], 
					"rotationOrigin": [ 0.0, 11.9, 0.0 ],
					"rotationZ": -14.0,
					"faces": {
						"north": { "texture": "#aged", "uv": [ 0.0, 0.0, 1.0, 4.0 ] },
						"east": { "texture": "#aged", "uv": [ 0.0, 0.0, 15.5, 4.0 ], "enabled": false },
						"south": { "texture": "#aged", "uv": [ 0.0, 0.0, 1.0, 4.0 ] },
						"west": { "texture": "#aged", "uv": [ 0.0, 0.0, 15.5, 4.0 ] },
						"up": { "texture": "#aged", "uv": [ 0.0, 0.0, 1.0, 15.5 ], "enabled": false },
						"down": { "texture": "#aged", "uv": [ 0.0, 0.0, 1.0, 15.5 ] }
					}
				},
				{
					"name": "Cube3",
					"from": [ -1.0, 8.0, 0.01 ], 
					"to": [ 0.0, 12.0, 15.99 ], 
					"rotationOrigin": [ 0.0, 8.0, 0.0 ],
					"rotationZ": -14.0,
					"faces": {
						"north": { "texture": "#aged", "uv": [ 0.0, 0.0, 1.0, 4.0 ] },
						"east": { "texture": "#aged", "uv": [ 0.0, 0.0, 15.5, 4.0 ], "enabled": false },
						"south": { "texture": "#aged", "uv": [ 0.0, 0.0, 1.0, 4.0 ] },
						"west": { "texture": "#aged", "uv": [ 0.0, 0.0, 15.5, 4.0 ] },
						"up": { "texture": "#aged", "uv": [ 0.0, 0.0, 1.0, 15.5 ], "enabled": false },
						"down": { "texture": "#aged", "uv": [ 0.0, 0.0, 1.0, 15.5 ] }
					}
				},
				{
					"name": "Cube4",
					"from": [ -1.0, 4.0, 0.01 ], 
					"to": [ 0.0, 8.0, 15.99 ], 
					"rotationOrigin": [ 0.0, 4.0, 0.0 ],
					"rotationZ": -14.0,
					"faces": {
						"north": { "texture": "#aged", "uv": [ 0.0, 0.0, 1.0, 4.0 ] },
						"east": { "texture": "#aged", "uv": [ 0.0, 0.0, 15.5, 4.0 ], "enabled": false },
						"south": { "texture": "#aged", "uv": [ 0.0, 0.0, 1.0, 4.0 ] },
						"west": { "texture": "#aged", "uv": [ 0.0, 0.0, 15.5, 4.0 ] },
						"up": { "texture": "#aged", "uv": [ 0.0, 0.0, 1.0, 15.5 ], "enabled": false },
						"down": { "texture": "#aged", "uv": [ 0.0, 0.0, 1.0, 15.5 ] }
					}
				},
				{
					"name": "Cube5",
					"from": [ -1.0, 0.0, 0.01 ], 
					"to": [ 0.0, 4.0, 15.99 ], 
					"rotationOrigin": [ 0.0, 0.0, 0.0 ],
					"rotationZ": -22.5,
					"faces": {
						"north": { "texture": "#aged", "uv": [ 0.0, 0.0, 1.0, 4.0 ] },
						"east": { "texture": "#aged", "uv": [ 0.0, 0.0, 15.5, 4.0 ], "enabled": false },
						"south": { "texture": "#aged", "uv": [ 0.0, 0.0, 1.0, 4.0 ] },
						"west": { "texture": "#aged", "uv": [ 0.0, 0.0, 15.5, 4.0 ] },
						"up": { "texture": "#aged", "uv": [ 0.0, 0.0, 1.0, 15.5 ], "enabled": false },
						"down": { "texture": "#aged", "uv": [ 0.0, 0.0, 1.0, 15.5 ] }
					}
				}
			]
		}
	]}