{
	"code": "clothes",
	"class": "ItemWearable",
	"variantgroups": [
		{ "code": "category",  "states": ["arm"] },
		{ "code": "arm", "combine": "SelectiveMultiply", "onVariant": "category", "states": ["esclava", "medieval-leather-bracers", "medieval-metal-bracers", "medieval-bracers"] }
	],
	"shapeByType": {
		"*-esclava": {
			"base": "entity/humanoid/seraph/clothing/arm/esclava"
		},
		"*-bracers": {
			"base": "game:entity/humanoid/seraph" 
		}
	},
	"storageFlags": 128,
	"attributesByType": {
		"*-esclava": {
			"wearableAttachment": true,
			"clothescategory": "arm",
			"warmth": 0
		},
		"*-bracers": {
			"clothescategory": "arm",
			"warmth": 0.5
		}
	},
	"texturesByType": {
		"*-esclava": {
			"seraph": { "base": "game:block/transparent" }
		},
		"*-bracers": {
			"seraph": { "base": "entity/humanoid/seraphclothes/{category}/{arm}" }
		}
	},
	"creativeinventory": { "general": ["*"], "items": ["*"], "clothing": ["*"], "medieval": ["*"] },
	"renderAlphaTest": 0.25,
	"fpHandTransformByType": {
		"*-esclava": {
			"translation": { "x": 0.6, "y": -0.3, "z": -0.7 },
			"rotation": { "x": 180, "y": 42, "z": -29 },
			"scale": 2.5
		},
		"*-bracers": {
			"translation": { "x": 0.6, "y": 0, "z": -0.5 },
			"rotation": { "x": 180, "y": 42, "z": -29 },
			"scale": 2.5
		}
	},
	"tpHandTransformByType": {
		"*-esclava": {
			"translation": { "x": -0.9, "y": -0.8, "z": -0.55 },
			"rotation": { "x": -13, "y": -64, "z": 49 },
			"scale": 0.87
		},
		"*-bracers": {
			"translation": { "x": -0.9, "y": -1, "z": -1 },
			"rotation": { "x": -13, "y": -64, "z": 49 },
			"scale": 0.55
		}
	},
	"guiTransformByType": {
		"*-esclava": {
			"rotate": false,
			"translation": { "x": 0, "y": 0, "z": 0 },
			"rotation": { "x": 180, "y": -32, "z": -9 },
			"origin": { "x": 1.1, "y": 0.86, "z": 1.75 },
			"scale": 4.5
		},
		"*-bracers": {
			"translation": { "x": 0, "y": 0, "z": 19 },
			"rotation": { "x": 174, "y": -30, "z": 23 },
			"origin": { "x": 0.52, "y": 0.88, "z": 0.5 },
			"scale": 2.5
		}
	},
	"groundTransformByType": {
		"*-esclava": {
			"translation": { "x": 0.05, "y": -0.08, "z": 0 },
			"rotation": { "x": 0, "y": 0, "z": 0 },
			"scale": 2
		},
		"*-bracers": {
			"translation": { "x": 0.05, "y": -0.3, "z": 0 },
			"rotation": { "x": 0, "y": 0, "z": 0 },
			"scale": 2
		}
	}
}