{
	code: "clothes",
	class: "ItemWearable",
	variantgroups: [
		{ code: "category",  states: ["head"] },
		{ code: "head", combine: "SelectiveMultiply", onVariant: "category", states: ["medieval-hood-white", "medieval-hood-brown", "medieval-hood-black", "medieval-hood", "embroidered-coif", "embroidered-coif-pink", "embroidered-coif-purple", "embroidered-coif-blue", "medieval-woman-coat-head1", "armor11", "armor21", "armor31", "armor41", "armor51", "armor61", "armor7", "armor8", "king", "queen", "silver", "viking", "hunter", "turbante", "lad" ] },
	],
	shapeByType: { 
		"*-lad": {
			base: "medieval:entity/humanoid/seraph/clothing/head/lad" 
		},
		"*-turbante": {
			base: "medieval:entity/humanoid/seraph/clothing/head/turbante" 
		},
		"*-viking": {
			base: "medieval:entity/humanoid/seraph/clothing/head/viking" 
		},
		"*-armor11": {
			base: "medieval:entity/humanoid/seraph/clothing/head/armor11" 
		},
		"*-armor21": {
			base: "medieval:entity/humanoid/seraph/clothing/head/armor21" 
		},
		"*-armor31": {
			base: "medieval:entity/humanoid/seraph/clothing/head/armor31" 
		},
		"*-armor41": {
			base: "medieval:entity/humanoid/seraph/clothing/head/armor41" 
		},
		"*-armor51": {
			base: "medieval:entity/humanoid/seraph/clothing/head/armor51" 
		},
		"*-armor61": {
			base: "medieval:entity/humanoid/seraph/clothing/head/armor61" 
		},
		"*-armor7": {
			base: "medieval:entity/humanoid/seraph/clothing/head/armor7" 
		},
		"*-armor8": {
			base: "medieval:entity/humanoid/seraph/clothing/head/armor8" 
		},
		"*-medieval-woman-coat-head1": {
			base: "medieval:entity/humanoid/seraph/clothing/head/medieval-woman-coat-head1" 
		},
		"*": {
			base: "game:entity/humanoid/seraph" 
		}
	},
	storageFlags: 128,
	attributesByType: {
		"*-medieval-woman-coat-head1": {
			wearableAttachment: true,
			clothescategory: "head",
			disableElements: ["Ponytail1", "hideme"],
			warmth: 1
		},
		"*-turbante": {
			clothescategory: "head",
			wearableAttachment: true,
			disableElements: ["Ponytail1", "hideme"],
			warmth: 1
		},
		"*-lad": {
			clothescategory: "head",
			wearableAttachment: true,
			disableElements: ["Ponytail1", "hideme"],
			warmth: 1
		},
		"*-viking": {
			clothescategory: "head",
			wearableAttachment: true,
			disableElements: ["Ponytail1", "hideme"],
			warmth: 1
		},
		"*-armor11": {
			clothescategory: "head",
			wearableAttachment: true,
			disableElements: ["Ponytail1", "hideme"],
			warmth: 1
		},
		"*-armor21": {
			clothescategory: "head",
			wearableAttachment: true,
			disableElements: ["Ponytail1", "hideme"],
			warmth: 1
		},
		"*-armor31": {
			clothescategory: "head",
			wearableAttachment: true,
			disableElements: ["Ponytail1", "hideme"],
			warmth: 1
		},
		"*-armor41": {
			clothescategory: "head",
			wearableAttachment: true,
			disableElements: ["Ponytail1", "hideme"],
			warmth: 1
		},
		"*-armor51": {
			clothescategory: "head",
			wearableAttachment: true,
			disableElements: ["Ponytail1", "hideme"],
			warmth: 1
		},
		"*-armor61": {
			clothescategory: "head",
			wearableAttachment: true,
			disableElements: ["Ponytail1", "hideme"],
			warmth: 1
		},
		"*-armor7": {
			clothescategory: "head",
			wearableAttachment: true,
			disableElements: ["Ponytail1", "hideme"],
			warmth: 1
		},
		"*-armor8": {
			clothescategory: "head",
			wearableAttachment: true,
			disableElements: ["Ponytail1", "hideme"],
			warmth: 1
		},
		"*": {
			clothescategory: "head",
			disableElements: ["Ponytail1", "hideme"],
			warmth: 1
		}
	},
	texturesByType: {
		"*-viking": {
			"seraph": { "base": "game:block/transparent" }
		},
		"*-turbante": {
			"seraph": { "base": "game:block/transparent" }
		},
		"*-lad": {
			"seraph": { "base": "game:block/transparent" }
		},
		"*-armor11": {
			"seraph": { "base": "game:block/transparent" }
		},
		"*-armor21": {
			"seraph": { "base": "game:block/transparent" }
		},
		"*-armor31": {
			"seraph": { "base": "game:block/transparent" }
		},
		"*-armor41": {
			"seraph": { "base": "game:block/transparent" }
		},
		"*-armor51": {
			"seraph": { "base": "game:block/transparent" }
		},
		"*-armor61": {
			"seraph": { "base": "game:block/transparent" }
		},
		"*-armor7": {
			"seraph": { "base": "game:block/transparent" }
		},
		"*-armor8": {
			"seraph": { "base": "game:block/transparent" }
		},
		"*-medieval-woman-coat-head1": {
			"seraph": { "base": "game:block/transparent" }
		},
		"*": {
			"seraph": { base: "entity/humanoid/seraphclothes/{category}/{head}" }
		}
	},
	creativeinventory: { "general": ["*"], "items": ["*"], "clothing": ["*"], "medieval": ["*"] },
	renderAlphaTest: 0.25,
	fpHandTransformByType: {
		"*": {
			translation: { x: 0.6, y: -1.6, z: -0.5 },
			rotation: { x: 180, y: -108, z: -180 },
			origin: { x: 0.5, y: 1.6, z: 0.5 },
			scale: 2.15
		}
	},
	tpHandTransformByType: {
		"*": {
			translation: { x: -1, y: -3, z: -1 },
			rotation: { x: -13, y: -80, z: 29 },
			origin: { x: 0.5, y: 1.5, z: 0.5 },
			scale: 0.55
		}
	},
	guiTransformByType: {
		"*-medieval-woman-coat-head1": {
			rotate: false,
			translation: { x: 0, y: 0, z: 19 },
			rotation: { x: 174, y: -45, z: 23 },
			origin: { x: 0.52, y: 1.65, z: 0.6 },
			scale: 1.99
		},
		"*-medieval-hood": {
			rotate: false,
			translation: { x: 0, y: 0, z: 19 },
			rotation: { x: 174, y: -45, z: 23 },
			origin: { x: 0.52, y: 1.65, z: 0.6 },
			scale: 1.99
		},
		"*-black": {
			rotate: false,
			translation: { x: 0, y: 0, z: 19 },
			rotation: { x: 174, y: -45, z: 23 },
			origin: { x: 0.52, y: 1.65, z: 0.6 },
			scale: 1.99
		},
		"*-embroidered-coif": {
			rotate: false,
			translation: { x: 0, y: 0, z: 0 },
			rotation: { x: 174, y: -42, z: 17 },
			origin: { x: 0.8, y: 1.6, z: 0.9 },
			scale: 2.17
		},
		"*-embroidered-coif-*": {
			rotate: false,
			translation: { x: 0, y: 0, z: 0 },
			rotation: { x: 174, y: -42, z: 17 },
			origin: { x: 0.8, y: 1.6, z: 0.9 },
			scale: 2.17
		},
		"*-brown": {
			rotate: false,
			translation: { x: 0, y: 0, z: 0 },
			rotation: { x: 174, y: -42, z: 17 },
			origin: { x: 0.8, y: 1.6, z: 0.9 },
			scale: 2.17
		},
		"*-white": {
			rotate: false,
			translation: { x: 0, y: 0, z: 0 },
			rotation: { x: 174, y: -42, z: 17 },
			origin: { x: 0.8, y: 1.6, z: 0.9 },
			scale: 2.17
		},
		"*-armor*": {
			rotate: false,
			translation: { x: 0, y: 0, z: 19 },
			rotation: { x: 174, y: -45, z: 23 },
			origin: { x: 0.52, y: 1.65, z: 0.6 },
			scale: 1.99
		},
		"*-king": {
			rotate: false,
			translation: { x: 0, y: 0, z: 19 },
			rotation: { x: 174, y: -45, z: 23 },
			origin: { x: 0.52, y: 1.65, z: 0.6 },
			scale: 1.99
		},
		"*-queen": {
			rotate: false,
			translation: { x: 0, y: 0, z: 19 },
			rotation: { x: 174, y: -45, z: 23 },
			origin: { x: 0.52, y: 1.65, z: 0.6 },
			scale: 1.99
		},
		"*-silver": {
			rotate: false,
			translation: { x: 0, y: 0, z: 19 },
			rotation: { x: 174, y: -45, z: 23 },
			origin: { x: 0.52, y: 1.65, z: 0.6 },
			scale: 1.99
		},
		"*-viking": {
			rotate: false,
			translation: { x: 0, y: 0, z: 19 },
			rotation: { x: 174, y: -45, z: 23 },
			origin: { x: 0.52, y: 1.65, z: 0.6 },
			scale: 1.99
		},
		"*-turbante": {
			rotate: false,
			translation: { x: 0, y: 0, z: 19 },
			rotation: { x: 174, y: -45, z: 23 },
			origin: { x: 0.52, y: 1.65, z: 0.6 },
			scale: 1.99
		},
		"*-lad": {
			rotate: false,
			translation: { x: 0, y: 0, z: 19 },
			rotation: { x: 174, y: -45, z: 23 },
			origin: { x: 0.52, y: 1.65, z: 0.6 },
			scale: 1.99
		},
		"*-hunter": {
			rotate: false,
			translation: { x: 0, y: 0, z: 19 },
			rotation: { x: 174, y: -45, z: 23 },
			origin: { x: 0.52, y: 1.65, z: 0.6 },
			scale: 1.99
		},
		"*-armor11": {
			rotate: false,
			translation: { x: 0, y: 0, z: 19 },
			rotation: { x: 174, y: -45, z: 23 },
			origin: { x: 0.52, y: 1.65, z: 0.6 },
			scale: 1.99
		},
		"*-armor21": {
			rotate: false,
			translation: { x: 0, y: 0, z: 19 },
			rotation: { x: 174, y: -45, z: 23 },
			origin: { x: 0.52, y: 1.65, z: 0.6 },
			scale: 1.99
		},
		"*-armor31": {
			rotate: false,
			translation: { x: 0, y: 0, z: 19 },
			rotation: { x: 174, y: -45, z: 23 },
			origin: { x: 0.52, y: 1.65, z: 0.6 },
			scale: 1.99
		},
		"*-armor41": {
			rotate: false,
			translation: { x: 0, y: 0, z: 19 },
			rotation: { x: 174, y: -45, z: 23 },
			origin: { x: 0.52, y: 1.65, z: 0.6 },
			scale: 1.99
		},
		"*-armor51": {
			rotate: false,
			translation: { x: 0, y: 0, z: 19 },
			rotation: { x: 174, y: -45, z: 23 },
			origin: { x: 0.52, y: 1.65, z: 0.6 },
			scale: 1.99
		},
		"*-armor61": {
			rotate: false,
			translation: { x: 0, y: 0, z: 19 },
			rotation: { x: 174, y: -45, z: 23 },
			origin: { x: 0.52, y: 1.65, z: 0.6 },
			scale: 1.99
		},
		"*-armor7": {
			rotate: false,
			translation: { x: 0, y: 0, z: 19 },
			rotation: { x: 174, y: -45, z: 23 },
			origin: { x: 0.52, y: 1.65, z: 0.6 },
			scale: 1.99
		},
		"*-armor8": {
			rotate: false,
			translation: { x: 0, y: 0, z: 19 },
			rotation: { x: 174, y: -45, z: 23 },
			origin: { x: 0.52, y: 1.65, z: 0.6 },
			scale: 1.99
		}
	},
	groundTransformByType: {
		"*": {
			translation: { x: 0.05, y: -0.3, z: 0 },
			rotation: { x: 0, y: 0, z: 0 },
			scale: 2
		}
	}
}