{
	code: "clothes",
	class: "ItemWearable",
	variantgroups: [
		{ code: "category",  states: ["shoulder"] },		
		{ code: "shoulder", combine: "SelectiveMultiply", onVariant: "category", states: [ "medieval-cape", "medieval-robes-brown", "medieval-robes-green", "medieval-robes-red", "medieval-robes", "medieval-hide-robe", "medieval-jord-robe", "medieval-leather-poncho", "medieval-leather-poncho-black", "medieval-scarf", "embroidered-collar", "embroidered-collar-pink", "embroidered-collar-purple", "embroidered-collar-blue", "medieval-woman-coat-shoulder", "lux", "azul", "beekeeper", "chaleco", "delantal", "reli", "reli2", "shawl", "shawl-green", "blackgray" ] }
	],
	shape: { base: "game:entity/humanoid/seraph" },
	storageFlags: 128,
	attributes: {
		clothescategory: "shoulder",
		disableElementsByType: {
			"*-malefactor-cloak": ["Ponytail1", "hideme"],
			"*-stained-leather-poncho": ["Ponytail1", "hideme"],
			"*-beekeeper": ["Ponytail1", "hideme"]
		},
		warmthByType: {
			"*-azul": 1,
			"*-beekeeper": 0.5,
			"*-chaleco": 2,
			"*-delantal": 0.5,
			"*-embroidered-collar": 0.5,
			"*-embroidered-collar-blue": 0.5,
			"*-embroidered-collar-pink": 0.5,
			"*-embroidered-collar-purple": 0.5,
			"*-lux": 2,
			"*-medieval-cape": 2,
			"*-medieval-hide-robe": 2,
			"*-medieval-jord-robe": 2,
			"*-medieval-leather-poncho": 2.5,
			"*-medieval-leather-poncho-black": 2.5,
			"*-medieval-robes": 2.5,
			"*-medieval-robes-brown": 2.5,
			"*-medieval-robes-green": 2.5,
			"*-medieval-robes-red": 2.5,
			"*-medieval-scarf": 2.5,
			"*-medieval-woman-coat-shoulder": 3,
			"*-reli": 3,
			"*-reli2": 3,
			"*-shawl": 2,
			"*-shawl-green": 1.5,
			"*-blackgray": 2
		}
	},
	textures: {
		"seraph": { base: "entity/humanoid/seraphclothes/{category}/{shoulder}" }
	},
	creativeinventory: { "general": ["*"], "items": ["*"], "clothing": ["*"], "medieval": ["*"] },
	renderAlphaTest: 0.25,
	fpHandTransform: {
		translation: { x: -0.15, y: -0.8, z: 0.3 },
		rotation: { x: 180, y: 150, z: 180 },
		scale: 2
	},
	tpHandTransformByType: {
		"*-apron": {
			translation: { x: -0.6, y: -1.4, z: -0.85 },
			rotation: { x: -87, y: -96, z: 91 },
			scale: 0.72
		},
		"*-scarf": {
			translation: { x: -0.8, y: -1.8, z: -1 },
			rotation: { x: -81, y: -89, z: 91 },
			scale: 0.59
		},
		"*-medieval-cape": {
			translation: { x: -0.7, y: -1.7, z: -0.85 },
			rotation: { x: 91, y: 94, z: 93 },
			scale: 0.59
		},
		"@*-(lux|azul|beekeeper|chaleco|delantal|reli|reli2|shawl|shawl-green|blackgray)": {
			translation: { x: -0.7, y: -1.7, z: -0.85 },
			rotation: { x: 91, y: 94, z: 93 },
			scale: 0.59
		},
		"*-embroidered-collar": {
			translation: { x: -0.8, y: -1.8, z: -1 },
			rotation: { x: -81, y: -89, z: 91 },
			scale: 0.59
		},
		"*-embroidered-collar-*": {
			translation: { x: -0.8, y: -1.8, z: -1 },
			rotation: { x: -81, y: -89, z: 91 },
			scale: 0.59
		},
		"*": {
			translation: { x: 0, y: -0.7, z: -0.7 },
			rotation: { x: -81, y: 180, z: 91 },
			scale: 0.59
		}
	},
	guiTransformByType: {
		"*-embroidered-collar": {
			rotate: false,
			translation: { x: 0, y: 0, z: 19 },
			rotation: { x: 174, y: -45, z: 23 },
			origin: { x: 0.47, y: 1.5, z: 0.5 },
			scale: 2.5
		},
		"*-embroidered-collar-*": {
			rotate: false,
			translation: { x: 0, y: 0, z: 19 },
			rotation: { x: 174, y: -45, z: 23 },
			origin: { x: 0.47, y: 1.5, z: 0.5 },
			scale: 2.5
		},
		"*-heavy-blacksmith-apron": {
			rotate: false,
			translation: { x: 0, y: 0, z: 0 },
			rotation: { x: -178, y: -74, z: 22 },
			origin: { x: 0.2, y: 1.2, z: 0.5 },
			scale: 1.75
		},
		"*-medieval-cape": {
			rotate: false,
			translation: { x: 0, y: 0, z: 0 },
			rotation: { x: -178, y: -87, z: 16 },
			origin: { x: 0.2, y: 1.2, z: 0.5 },
			scale: 1.76
		},
		"@*-(lux|azul|beekeeper|chaleco|delantal|reli|reli2|shawl|shawl-green|blackgray)": {
			rotate: false,
			translation: { x: 0, y: 0, z: 0 },
			rotation: { x: -178, y: -87, z: 16 },
			origin: { x: 0.2, y: 1.2, z: 0.5 },
			scale: 1.76
		},
		"*-medieval-scarf": {
			rotate: false,
			translation: { x: 0, y: 0, z: 0 },
			rotation: { x: -180, y: -96, z: -18 },
			origin: { x: 0.2, y: 1.2, z: 0.6 },
			scale: 2.42
		},
		"*-medieval-hide-robe": {
			rotate: false,
			translation: { x: 0, y: 0, z: 0 },
			rotation: { x: -180, y: -65, z: 10 },
			origin: { x: 0.4, y: 1.3, z: 0.5 },
			scale: 2.2
		},
		"*-medieval-woman-coat-shoulder": {
			rotate: false,
			translation: { x: 0, y: 0, z: 0 },
			rotation: { x: -180, y: -65, z: 10 },
			origin: { x: 0.4, y: 1.3, z: 0.5 },
			scale: 2.2
		},
		"*-robe": {
			rotate: false,
			translation: { x: 0, y: 0, z: 0 },
			rotation: { x: -178, y: -65, z: 10 },
			origin: { x: 0.4, y: 1.2, z: 0.5 },
			scale: 1.82
		},
		"*-medieval-robes": {
			rotate: false,
			translation: { x: 0, y: 0, z: 0 },
			rotation: { x: -178, y: -65, z: 10 },
			origin: { x: 0.4, y: 1.2, z: 0.5 },
			scale: 1.4
		},
		"@*-(brown|green|red)": {
			rotate: false,
			translation: { x: 0, y: 0, z: 0 },
			rotation: { x: -178, y: -65, z: 10 },
			origin: { x: 0.4, y: 1.2, z: 0.5 },
			scale: 1.4
		},
		"*-scarf": {
			rotate: false,
			translation: { x: 0, y: 0, z: 0 },
			rotation: { x: -180, y: -90, z: 52 },
			origin: { x: 0.4, y: 1.3, z: 0.6 },
			scale: 2.24
		},
		"*": {
			rotate: false,
			translation: { x: 2, y: 0, z: 17 },
			rotation: { x: -178, y: -65, z: 10 },
			origin: { x: 0.5, y: 1.4, z: 0.5 },
			scale: 2.2
		}
	},
	groundTransform: {
		translation: { x: 0.05, y: 0.1, z: 0 },
		rotation: { x: 0, y: 0, z: -87 },
		origin: { x: 0.5, y: 0.5, z: 0.5299 },
		scale: 2.19
	}
}