{
	code: "clothes",
	class: "ItemWearable",
	variantgroups: [
		{ code: "category",  states: ["upperbodyover"] },
		{ code: "upperbodyover", combine: "SelectiveMultiply", onVariant: "category", states: [ "medieval-travelers-earthrobe", "large-hunter-coat"] },
	],
	shapeByType: {
		"@*-(medieval-travelers-earthrobe|large-hunter-coat)": {
			base: "game:entity/humanoid/seraph" 
		}
	},
	storageFlags: 128,
	attributesByType: {
		"*-large-hunter-coat": {
			clothescategory: "upperbodyover",
			inCharacterCreationDialog: false,
			warmth: 3
		},
		"*": {
			clothescategory: "upperbodyover",
			inCharacterCreationDialog: false,
			warmth: 2
		}
	},
	texturesByType: {
		"@*-(medieval-travelers-earthrobe|large-hunter-coat)": {
			"seraph": { base: "entity/humanoid/seraphclothes/{category}/{upperbodyover}" }
		}

	},
	creativeinventory: { "general": ["*"], "items": ["*"], "clothing": ["*"], "medieval": ["*"] },
	renderAlphaTest: 0.25,
	fpHandTransform: {
		translation: { x: 0.05, y: -0.6, z: 0.3 },
		rotation: { x: 180, y: 150, z: 180 },
		scale: 2
	},
	tpHandTransform: {
		translation: { x: -0.3, y: -0.9, z: -0.7 },
		rotation: { x: -71, y: 180, z: 83 },
		scale: 0.55
	},
	guiTransformByType: {
		"*-large-hunter-coat": {
			rotate: false,
			translation: { x: 0, y: 0, z: 0 },
			rotation: { x: -180, y: -66, z: 18 },
			origin: { x: 0.2, y: 1.3, z: 0.45 },
			scale: 1.8
		},
		"*-medieval-travelers-earthrobe": {
			rotate: false,
			translation: { x: 0, y: -2, z: 0 },
			rotation: { x: -180, y: -66, z: 18 },
			origin: { x: 0.2, y: 1.36, z: 0.4 },
			scale: 2
		},
		"*": {
			rotate: false,
			translation: { x: 0, y: 0, z: 0 },
			rotation: { x: -180, y: -66, z: 18 },
			origin: { x: 0.2, y: 1.36, z: 0.4 },
			scale: 1.35
		}
	},
	groundTransform: {
		translation: { x: 0.05, y: 0.05, z: 0 },
		rotation: { x: 0, y: 0, z: -87 },
		origin: { x: 0.5, y: 0.5, z: 0.5299 },
		scale: 2.19
	}
}