{
	code: "clothes",
	enabled: false,
	class: "ItemWearable",
	variantgroups: [
		{ code: "category",  states: ["waist"] },
		{ code: "waist", combine: "SelectiveMultiply", onVariant: "category", states: [ "medieval-large-belt-knife-lantern-on" ] },
	],
	shape: { base: "entity/humanoid/seraph/clothing/waist/{waist}" },
	storageFlags: 128,
	attributes: {
		wearableAttachment: true,
		clothescategory: "waist",
		warmth: 0.25
	},	
	textures: {
		"seraph": { base: "game:block/transparent" }
	},
	creativeinventory: { "general": ["*"], "items": ["*"], "clothing": ["*"], "medieval": ["*"] },
	renderAlphaTest: 0.25,
	fpHandTransform: {
		translation: { x: 0.6, y: -1.5, z: -1.3 },
		rotation: { x: 42, y: 100, z: -9 },
		scale: 3.06
	},
	tpHandTransform: {
		translation: { x: -0.9, y: -1.15, z: -1.25 },
		rotation: { x: 26, y: -91, z: 49 },
		scale: 0.55
	},
	guiTransformByType: {
		"*": {
			translation: { x: 0, y: 0, z: 19 },
			rotation: { x: 174, y: -45, z: 23 },
			origin: { x: 0.4, y: 1.1, z: 0.4 },
			scale: 2.85
		}
	},
	groundTransform: {
		translation: { x: 0.05, y: -0.21, z: 0 },
		rotation: { x: 0, y: 0, z: 0 },
		origin: { x: 0.5, y: 0.5, z: 0.5299 },
		scale: 2.72
	}
}