[
	{
		ingredientPattern: "HS",
		width: 1,
		height: 2,
		ingredients: {
			"H": { 
				type: "item", 
				name: "head",
				code: "indappledgroves:adzehead-*" 
			},
			"S": { 
				type: "item", 
				code: "game:stick" 
			}
		},
		output: { 
			type: "item", 
			code: "indappledgroves:adze-wood-{head}",
			quantity: 1
		}
	},
	{
		ingredientPattern: "HB",
		width: 1,
		height: 2,
		ingredients: {
			"H": { 
				type: "item", 
				name: "head",
				code: "indappledgroves:adzehead-chert" 
			},
			"B": { 
				type: "item", 
				code: "game:bone" 
			}
		},
		output: { 
			type: "item", 
			code: "indappledgroves:adze-bone-chert",
			quantity: 1
		}
	},
	{
		ingredientPattern: "HB",
		width: 1,
		height: 2,
		ingredients: {
			"H": { 
				type: "item", 
				name: "head",
				code: "indappledgroves:adzehead-granite" 
			},
			"B": { 
				type: "item", 
				code: "game:bone" 
			}
		},
		output: { 
			type: "item", 
			code: "indappledgroves:adze-bone-granite",
			quantity: 1
		}
	},
	{
		ingredientPattern: "HB",
		width: 1,
		height: 2,
		ingredients: {
			"H": { 
				type: "item", 
				name: "head",
				code: "indappledgroves:adzehead-andesite" 
			},
			"B": { 
				type: "item", 
				code: "game:bone" 
			}
		},
		output: { 
			type: "item", 
			code: "indappledgroves:adze-bone-andesite",
			quantity: 1
		}
	},
	{
		ingredientPattern: "HB",
		width: 1,
		height: 2,
		ingredients: {
			"H": { 
				type: "item", 
				name: "head",
				code: "indappledgroves:adzehead-basalt" 
			},
			"B": { 
				type: "item", 
				code: "game:bone" 
			}
		},
		output: { 
			type: "item", 
			code: "indappledgroves:adze-bone-basalt",
			quantity: 1
		}
	},
	{
		ingredientPattern: "HB",
		width: 1,
		height: 2,
		ingredients: {
			"H": { 
				type: "item", 
				name: "head",
				code: "indappledgroves:adzehead-chert" 
			},
			"B": { 
				type: "item", 
				code: "game:bone" 
			}
		},
		output: { 
			type: "item", 
			code: "indappledgroves:adze-bone-chert",
			quantity: 1
		}
	},
	{
		ingredientPattern: "HB",
		width: 1,
		height: 2,
		ingredients: {
			"H": { 
				type: "item", 
				name: "head",
				code: "indappledgroves:adzehead-obsidian" 
			},
			"B": { 
				type: "item", 
				code: "game:bone" 
			}
		},
		output: { 
			type: "item", 
			code: "indappledgroves:adze-bone-obsidian",
			quantity: 1
		}
	},
	{
		ingredientPattern: "HB",
		width: 1,
		height: 2,
		ingredients: {
			"H": { 
				type: "item", 
				name: "head",
				code: "indappledgroves:adzehead-peridotite" 
			},
			"B": { 
				type: "item", 
				code: "game:bone" 
			}
		},
		output: { 
			type: "item", 
			code: "indappledgroves:adze-bone-peridotite",
			quantity: 1
		}
	},
	{
		ingredientPattern: "HB",
		width: 1,
		height: 2,
		ingredients: {
			"H": { 
				type: "item", 
				name: "head",
				code: "indappledgroves:adzehead-flint" 
			},
			"B": { 
				type: "item", 
				code: "game:bone" 
			}
		},
		output: { 
			type: "item", 
			code: "indappledgroves:adze-bone-flint",
			quantity: 1
		}
	}
]