[
	{
		"ingredientPattern": "B_B,_P_,B_B",
		"ingredients": {
			"B": { "type": "item", "code": "game:plank-*", "name": "supports", "states": ["aged"], "loadFromProperties": "game:block/wood"},
			"P": { "type": "item", "code": "game:plank-aged", "name": "crossbeam", "states": ["aged"], "loadFromProperties": "game:block/wood"}
		},
		"width": 3,
		"height": 3,
		"output": { "type": "block", "code": "indappledgroves:sawbuck-{supports}-aged-east"}
	},
	{
		"ingredientPattern": "B_B,_P_,B_B",
		"ingredients": {
			"B": { "type": "item", "code": "game:plank-*", "name": "supports", "states": ["aged"], "loadFromProperties": "game:block/wood"},
			"P": { "type": "item", "code": "game:plank-birch", "name": "crossbeam", "states": ["aged"], "loadFromProperties": "game:block/wood"}
		},
		"width": 3,
		"height": 3,
		"output": { "type": "block", "code": "indappledgroves:sawbuck-{supports}-birch-east"}
	},
	{
		
		"ingredientPattern": "B_B,_P_,B_B",
		"ingredients": {
			"B": { "type": "item", "code": "game:plank-*", "name": "supports", "states": ["aged"], "loadFromProperties": "game:block/wood"},
			"P": { "type": "item", "code": "game:plank-oak", "name": "crossbeam", "states": ["aged"], "loadFromProperties": "game:block/wood"}
		},
		"width": 3,
		"height": 3,
		"output": { "type": "block", "code": "indappledgroves:sawbuck-{supports}-oak-east"}
	},
	{
		"ingredientPattern": "B_B,_P_,B_B",
		"ingredients": {
			"B": { "type": "item", "code": "game:plank-*", "name": "supports", "states": ["aged"], "loadFromProperties": "game:block/wood"},
			"P": { "type": "item", "code": "game:plank-maple", "name": "crossbeam", "states": ["aged"], "loadFromProperties": "game:block/wood"}
		},
		"width": 3,
		"height": 3,
		"output": { "type": "block", "code": "indappledgroves:sawbuck-{supports}-maple-east"}
	},
	{
		
		"ingredientPattern": "B_B,_P_,B_B",
		"ingredients": {
			"B": { "type": "item", "code": "game:plank-*", "name": "supports", "states": ["aged"], "loadFromProperties": "game:block/wood"},
			"P": { "type": "item", "code": "game:plank-pine", "name": "crossbeam", "states": ["aged"], "loadFromProperties": "game:block/wood"}
		},
		"width": 3,
		"height": 3,
		"output": { "type": "block", "code": "indappledgroves:sawbuck-{supports}-pine-east"}
	},
	{
		
		"ingredientPattern": "B_B,_P_,B_B",
		"ingredients": {
			"B": { "type": "item", "code": "game:plank-*", "name": "supports", "states": ["aged"], "loadFromProperties": "game:block/wood"},
			"P": { "type": "item", "code": "game:plank-acacia", "name": "crossbeam", "states": ["aged"], "loadFromProperties": "game:block/wood"}
		},
		"width": 3,
		"height": 3,
		"output": { "type": "block", "code": "indappledgroves:sawbuck-{supports}-acacia-east"}
	},
	{
		
		"ingredientPattern": "B_B,_P_,B_B",
		"ingredients": {
			"B": { "type": "item", "code": "game:plank-*", "name": "supports", "states": ["aged"], "loadFromProperties": "game:block/wood"},
			"P": { "type": "item", "code": "game:plank-kapok", "name": "crossbeam", "states": ["aged"], "loadFromProperties": "game:block/wood"}
		},
		"width": 3,
		"height": 3,
		"output": { "type": "block", "code": "indappledgroves:sawbuck-{supports}-kapok-east"}
	},
	{
		
		"ingredientPattern": "B_B,_P_,B_B",
		"ingredients": {
			"B": { "type": "item", "code": "game:plank-*", "name": "supports", "states": ["aged"], "loadFromProperties": "game:block/wood"},
			"P": { "type": "item", "code": "game:plank-baldcypress", "name": "crossbeam", "states": ["aged"], "loadFromProperties": "game:block/wood"}
		},
		"width": 3,
		"height": 3,
		"output": { "type": "block", "code": "indappledgroves:sawbuck-{supports}-baldcypress-east"}
	},
	{
		
		"ingredientPattern": "B_B,_P_,B_B",
		"ingredients": {
			"B": { "type": "item", "code": "game:plank-*", "name": "supports", "states": ["aged"], "loadFromProperties": "game:block/wood"},
			"P": { "type": "item", "code": "game:plank-larch", "name": "crossbeam", "states": ["aged"], "loadFromProperties": "game:block/wood"}
		},
		"width": 3,
		"height": 3,
		"output": { "type": "block", "code": "indappledgroves:sawbuck-{supports}-larch-east"}
	},
	{
		
		"ingredientPattern": "B_B,_P_,B_B",
		"ingredients": {
			"B": { "type": "item", "code": "game:plank-*", "name": "supports", "states": ["aged"], "loadFromProperties": "game:block/wood"},
			"P": { "type": "item", "code": "game:plank-redwood", "name": "crossbeam", "states": ["aged"], "loadFromProperties": "game:block/wood"}
		},
		"width": 3,
		"height": 3,
		"output": { "type": "block", "code": "indappledgroves:sawbuck-{supports}-redwood-east"}
	},
	{
		
		"ingredientPattern": "B_B,_P_,B_B",
		"ingredients": {
			"B": { "type": "item", "code": "game:plank-*", "name": "supports", "states": ["aged"], "loadFromProperties": "game:block/wood"},
			"P": { "type": "item", "code": "game:plank-ebony", "name": "crossbeam", "states": ["aged"], "loadFromProperties": "game:block/wood"}
		},
		"width": 3,
		"height": 3,
		"output": { "type": "block", "code": "indappledgroves:sawbuck-{supports}-ebony-east"}
	},
	{
		
		"ingredientPattern": "B_B,_P_,B_B",
		"ingredients": {
			"B": { "type": "item", "code": "game:plank-*", "name": "supports", "states": ["aged"], "loadFromProperties": "game:block/wood"},
			"P": { "type": "item", "code": "game:plank-walnut", "name": "crossbeam", "states": ["aged"], "loadFromProperties": "game:block/wood"}
		},
		"width": 3,
		"height": 3,
		"output": { "type": "block", "code": "indappledgroves:sawbuck-{supports}-walnut-east"}
	},
	{
		
		"ingredientPattern": "B_B,_P_,B_B",
		"ingredients": {
			"B": { "type": "item", "code": "game:plank-*", "name": "supports", "states": ["aged"], "loadFromProperties": "game:block/wood"},
			"P": { "type": "item", "code": "game:plank-purpleheart", "name": "crossbeam", "states": ["aged"], "loadFromProperties": "game:block/wood"}
		},
		"width": 3,
		"height": 3,
		"output": { "type": "block", "code": "indappledgroves:sawbuck-{supports}-purpleheart-east"}
	}
]