{
	code: "axerack",
	behaviors: [{name: "UnstableFalling"}, {name: "HorizontalOrientable"} ],
	heldTpIdleAnimation: "holdunderarm",
	creativeinventory: { "general": ["*-north"], "decorative": ["*-north"], "medieval": ["*-north"] },
	variantgroups: [
		{ code: "side", loadFromProperties: "abstract/horizontalorientation" }
	],
	shapeByType: {
		"*-north": { base: "block/wood/axerack", rotateY: 0 },
		"*-east": { base: "block/wood/axerack", rotateY: 270 },
		"*-west": { base: "block/wood/axerack", rotateY: 90 },
		"*-south": { base: "block/wood/axerack", rotateY: 180 },
	},
	blockmaterial: "Wood",
	replaceable: 900,
	resistance: 1.5,
	lightAbsorption: 0.1,
	collisionbox: {
		x1: 0.5, y1: 0, z1: 0, x2: 1, y2: 0.625, z2: 1,
			rotateYByType: {
				"*-east": 0,
				"*-west": 180,
				"*-south": 270,
				"*-north": 90

			}},
	selectionbox: {
		x1: 0.5, y1: 0, z1: 0, x2: 1, y2: 0.625, z2: 1,
			rotateYByType: {
				"*-east": 0,
				"*-west": 180,
				"*-south": 270,
				"*-north": 90

			}},
	sideopaque: {
		all: false
	},
	sidesolid: {
		all: false
	},
	sounds: {
		"place": "game:block/planks",
		"hit": "game:creature/planks",
		"break": "game:block/planks",
		"walk": "game:walk/wood"
	},
	materialDensity: 400,
	tpHandTransform: {
		translation: { x: -0.7, y: -0.6, z: -0.9 },
		rotation: { x: 80, y: 0, z: 0 },
		scale: 0.56
	},
		guiTransform: {
		rotation: { x: -22, y: -135, z: 0 },
		origin: { x: 0.5, y: 0.5, z: 0.3 },
		scale: 1.2
	},
		fpHandTransform: {
		translation: { x: 0.08, y: 0.2, z: 0.6 },
		rotation: { x: 0, y: -90, z: 0 }
	}
}