{
	"code": "bigchest",
	"class": "BlockContainers",
	"entityclass": "BlockEntityContainers",
	"attributes": {
		"partialAttachable": true,
		"inventoryClassName": "container",
		"defaultType": "bigchest",
		"types": [ "bigchest" ],
		"rotatatableInterval": {
			"bigchest": "90deg"
		},
		"canAutoPull": {
			"bigchest": true
		},
		"drop": {
			"bigchest": true
		},
		"quantitySlots": {
			"bigchest": 80
		},
		"quantityColumns": {
			"bigchest": 10
		},
		"dialogTitleLangCode": {
			"bigchest": "Cofre Enorme"
		},
		"storageType": {
			"bigchest": 189
		},
		"retrieveOnly": {
			"bigchest": false
		},
		"shape": {
			"bigchest": "block/medieval/bigchest"
		},
		"typedOpenSound": {
			"bigchest": "game:sounds/block/largechestopen"
		},
		"typedCloseSound": {
			"bigchest": "game:sounds/block/largechestclose"
		},
		"variantByGroup": "side",
		"variantByGroupInventory": null,
		"slotBgColor": "#bf6e6e"
	},
	"behaviors": [{"name": "Lockable" }, {"name": "Container"},	{ "name": "HorizontalOrientable", "properties": { "dropBlockFace": "east" }
		}, { name: "Carryable", properties: { translation: [ 0.0625, 0, 0 ], rotation: [ 0, 180, 0 ], slots: { "Hands": {  }, "Back": {  },}
    }}],
	"entityBehaviors": [{ "name": "Animatable" }],
	"variantgroups": [
		{ "code":"side", "loadFromProperties": "abstract/horizontalorientation" }
	],
	"creativeinventory": {  },
	"creativeinventoryStacksByType": {
		"*-east": [
			{
				"tabs": [ "general", "decorative", "medieval" ],
				"stacks": [
					{ "type": "block", "code": "bigchest-east", "attributes": { "type": "bigchest" } }
				]
			}
		]
	},
	"heldTpIdleAnimation": "holdunderarm",
	"shapeInventory": { "base": "block/medieval/bigchest", "rotateY": 270 },
	"shapeByType": {
		"*-north": { "base": "block/medieval/bigchest", "rotateY": 0 },
		"*-east": { "base": "block/medieval/bigchest", "rotateY": 270 },
		"*-west": { "base": "block/medieval/bigchest", "rotateY": 90 },
		"*-south": { "base": "block/medieval/bigchest", "rotateY": 180 }
	},
	"_comment": "Must declare textures so they get added to the block texture atlas",
	"textures": {

		"bigchest-chest-front": { 
			"base": "block/medieval/chest-front"
		},
		"bigchest-chest-back": { 
			"base": "block/medieval/chest-back"
		},
		"bigchest-chest-top": { 
			"base": "block/medieval/chest-top"
		},
		"bigchest-chest-bottom": { 
			"base": "block/medieval/chest-bottom"
		},
		"bigchest-chest-acc": { 
			"base": "block/medieval/chest-acc"
		},
		"bigchest-chest-side": { 
			"base": "block/medieval/chest-side"
		},
		"bigchest-chest-int": { 
			"base": "block/medieval/chest-int"
		}


	},
	"blockmaterial": "Wood",
	"replaceable": 900,
	"resistance": 3,
	"lightAbsorption": 0,
	"sideAo": { "all": false },
	"sidesolid": {
		"all": false
	},
	"sideopaque": {
		"all": false
	},
	"selectionBoxes": [
		{
			"x1": 0.0625,
			"y1": 0,
			"z1": 0,
			"x2": 0.9375,
			"y2": 0.9375,
			"z2": 0.9375,
			"rotateYByType": {
				"*-north": 0,
				"*-east": 270,
				"*-south": 180,
				"*-west": 90
			} 
		},
		{
			"x1": 0,
			"y1": 0,
			"z1": 0,
			"x2": 1,
			"y2": 1,
			"z2": 1,
			"rotateYByType": {
				"*-north": 0,
				"*-east": 270,
				"*-south": 180,
				"*-west": 90
			} 
		}
	],
	"collisionSelectionBoxes": [
		{
			"x1": 0.0625,
			"y1": 0,
			"z1": 0,
			"x2": 0.9375,
			"y2": 0.9375,
			"z2": 0.9375,
			"rotateYByType": {
				"*-north": 0,
				"*-east": 270,
				"*-south": 180,
				"*-west": 90
			} 
		},
		{
			"x1": 0,
			"y1": 0,
			"z1": 0,
			"x2": 1,
			"y2": 1,
			"z2": 1,
			"rotateYByType": {
				"*-north": 0,
				"*-east": 270,
				"*-south": 180,
				"*-west": 90
			} 
		}
	],
	"sounds": {
		"place": "game:block/planks",
		"hit": "game:block/planks",
		"break": "game:block/planks",
		"walk": "game:walk/wood"
	},
	"materialDensity": 300,
	"tpHandTransform": {
		"translation": { "x": -0.9, "y": -0.5, "z": -0.3 },
		"rotation": { "x": 0, "y": 90, "z": -102 },
		"scale": 0.56
	},
	"guiTransform": {
		"origin": { "x": 0.5, "y": 0.4, "z": 0.5 },
		"scale": 1.16
	}
}