{
	code: "bonee",
	behaviors: [ {name: "HorizontalOrientable"}, { name: "UnstableFalling", properties: { attachableFaces: [ "down"] }}, 
		{ "name": "RightClickPickup" } ],
	attributes: {
	},
	variantgroups: [
		{ code: "side", loadFromProperties: "abstract/horizontalorientation" }
	],
	creativeinventory: { "general": ["*-north"], "decorative": ["*-north"], "medieval": ["*-north"] },
	shapeByType: {
			"*-north": { base: "game:block/bone/carcass/large", rotateY: 270 },
			"*-west": { base: "game:block/bone/carcass/large", rotateY: 0 },
			"*-south": { base: "game:block/bone/carcass/large", rotateY: 90 },
			"*-east": { base: "game:block/bone/carcass/large", rotateY: 180 }

	},

	"replaceable": 300,
	drawtype: "json",
	resistance: 1,
	faceCullMode: "NeverCull",
	lightAbsorption: 0,
	emitSideAo: {all: false },
	sideAo: { all: false },
	sidesolid: { all: false },
	sideopaque: {
		all: false
	},


	dropsByType: {
		"*": [
			{
				type: "item", 
				code: "game:bone", 
				quantity: { avg: 64, var: 0 } 
			}
		]
	},



	collisionbox: null,
	selectionBox: {
		x1: 0, y1: 0, z1: 0, x2: 1, y2: 0.125, z2: 1,
		rotateYByType: {
			"*-east": 270,
			"*-west": 90,
			"*-south": 180
		}
	},
	soundsByType: {
		"*": {
			"place": "game:block/planks",
			"break": "game:block/planks",
			"hit": "game:block/planks",
			"walk": "game:walk/wood"
		}
	},
	heldTpIdleAnimation: "holdbothhandslarge", heldTpUseAnimation: "twohandplaceblock",
	tpHandTransform: {
		translation: { x: -1.23, y: -0.91, z: -0.8 },
		rotation: { x: -2, y: 25, z: -78 },
		scale: 0.4
	},
		guiTransform: {
		translation: { x: 0, y: -6, z: 0 },
		scale: 1.75
	}
}