{
	"code": "bottleb",
	"classByType": {
		"*-medieval": "BlockLiquidContainerTopOpened"
	},
	"behaviors": [
                { "name": "GroundStorable", "properties": { "layout": "Quadrants", "collisionBox": { "x1": 0, "y1": 0, "z1": 0, "x2": 1, "y2": 0.175, "z2": 1 } } },
                { "name": "Unplaceable" },
                { "name": "RightClickPickup"}
        ],
	"variantgroups": [
		{ "code": "type", "states": [ "medieval" ] }
	],
	"attributesByType": {
		"*-medieval": {
			bookshelveable: true,
			"shelvable": false,
                        "liquidContainerProps": {
                                "capacityLitres": 1,
                                "transferSizeLitres": 0.1,
                                "emptyShapeLoc": "medieval:block/medieval/bottleb/bottle-empty-ground",
                                "opaqueContentShapeLoc": "medieval:block/medieval/bottleb/bottle-contents",
                                "liquidContentShapeLoc": "medieval:block/medieval/bottleb/bottle-liquidcontents",
                                "liquidMaxYTranslate": 0.01
                        },
			"mealContainer": false,
			"displaycaseable": false,
			"onDisplayTransform": {
			translation: { x: 0, y: -0.02, z: 0 },
			rotation: { x: 0, y: -35, z: 0 },
			origin: { x: 0.5, y: 0, z: 0.5 },
			scale: 0.7
			},
			groundStorageTransform: {
			translation: { x: 0, y: 0.05, z: 0 },
			rotation: { x:0, y:-130, z:0 },
			scale: 1.1
		}
		}
	},
	"shape": { "base": "medieval:block/medieval/bottleb/bottle-empty-ground" },
	"doNotRenderAtLod2": true,
	"blockmaterial": "Wood",
	"creativeinventory": { "general": ["*"], "decorative": ["*"], "medieval": ["*"] },
	"replaceable": 300,
	"liquidSelectable": 1,
	"resistance": 0.75,
	"maxStackSize": 16,
	"lightAbsorption": 0,
	"texturesByType": {
		"*-medieval": {
			"content": { "base": "game:block/transparent" },
			"whisky4": { "base": "block/medieval/whisky4" }
		}
	},
	"sounds": { "walk": "game:walk/stone" },
	"sidesolid": { "all": false },
 	"sideao": { "all": true },
	"sideopaque": { "all": false },
	"emitsideao": { "all": false },
	"collisionbox": { "x1": 0.3125, "y1": 0, "z1": 0.3125, "x2": 0.6875, "y2": 0.125, "z2": 0.6875 },
	"selectionbox": { "x1": 0.3125, "y1": 0, "z1": 0.3125, "x2": 0.6875, "y2": 0.125, "z2": 0.6875 },
		guiTransform: {
		translation: { x: 1, y: 5, z: 0 },
		rotation: { x: -30, y: 135, z: 0 },
		origin: { x: 0.5, y: 0.1, z: 0.5 },
		scale: 3
	},
	"groundTransform": { "scale": 5.3 },
		fpHandTransform: {
		translation: { x: 0.2, y: 0.5, z: 0.2 },
		rotation: { x: 0, y: -110, z: 0 },
		scale: 3
	},
		tpHandTransform: {
		translation: { x: -0.55, y: -0.3, z: -0.6 },
		rotation: { x: 80, y: -44, z: -75 },
		origin: { x: 0.5, y: 0.1, z: 0.5 },
		scale: 0.85
	}
}
