{
  "code": "cajitafloor",
  "behaviors": [ {"name": "HorizontalOrientable"}, { "name": "UnstableFalling", "properties": { "attachableFaces": [ "down"] }} ],
  "variantgroups": [
    { "code": "material", "states": ["none", "cabbage", "carrot", "onion", "soybean", "turnip"] },
    { "code": "side", "loadFromProperties": "abstract/horizontalorientation" }
  ],
  "drops": [
    {
      "type": "block",
      "code": "cajitafloor-{material}-north",
      "quantity": { "avg": 1 }
    }
  ],
  "shapebytype": {

    "*-north": { "base": "block/medieval/cajitafloor", "rotateY": 0
    },
    "*-east": { "base": "block/medieval/cajitafloor", "rotateY": 270
    },
    "*-south": { "base": "block/medieval/cajitafloor", "rotateY": 180
    },
    "*-west": { "base": "block/medieval/cajitafloor", "rotateY": 90
    }
  },
  "sidesolid": { "all": false },
  "sideopaque": { "all": false },
  "blockmaterial": "Wood",
  "creativeinventory": {
    "general": [ "*-{material}-north" ],
    "decorative": [ "*-{material}-north" ],
    "medieval": [ "*-{material}-north" ]
  },
  "replaceable": 900,
  "resistance": 2,
  "lightAbsorption": 0,
  "texturesByType": {
    "*": {
      "oak1": {
        "base": "block/wood/planks/oak1"
      },
      "material": {
        "base": "block/medieval/cajita/{material}"
      }
    }
  },
  "selectionBox": {
    "x1": 0, "y1": 0, "z1": 0.25, "x2": 1, "y2": 0.5, "z2": 0.75,
    "rotateYByType": {
      "*-east": 270,
      "*-west": 90,
      "*-south": 180
    }
  },
  "collisionbox": null,
  "combustibleProps": {
    "burnTemperature": 400,
    "burnDuration": 10
  },
  "soundsByType": {
    "*": {
      "place": "game:block/planks",
      "break": "game:block/planks",
      "hit": "game:block/planks",
      "walk": "game:walk/wood"
    }
  },
  "tpHandTransform": {
    "translation": { "x": -1.23, "y": -0.91, "z": -0.8 },
    "rotation": { "x": -2, "y": 25, "z": -78 },
    "scale": 0.4
  },
  "materialDensity": 200
}
