{
	"code": "canteen",
	"classByType": {
		"*-medieval": "BlockLiquidContainerTopOpened"
	},
	"behaviors": [
                { "name": "GroundStorable", "properties": { "layout": "Quadrants", "collisionBox": { "x1": 0, "y1": 0, "z1": 0, "x2": 1, "y2": 0.175, "z2": 1 } } },
                { "name": "Unplaceable" },
                { "name": "RightClickPickup"}
        ],
	"variantgroups": [
		{ "code": "type", "states": [ "medieval" ] }
	],
	"attributesByType": {
		"*-medieval": {
			"shelvable": false,
                        "liquidContainerProps": {
                                "capacityLitres": 10,
                                "transferSizeLitres": 0.1,
                                "emptyShapeLoc": "medieval:block/medieval/canteen",
                                "opaqueContentShapeLoc": "game:shapes/block/basic/nothing",
                                "liquidContentShapeLoc": "game:shapes/block/basic/nothing",
                                "liquidMaxYTranslate": 0.05
                        },
			"mealContainer": false,
			"displaycaseable": false,
			"onDisplayTransform": {
				"rotation": { "x": 0, "y": -35, "z": 0 },
				"origin": { "x": 0.5, "y": 0, "z": 0.5 },
				"scale": 1.05
			}
		}
	},
	"shape": { "base": "medieval:block/medieval/canteen" },
	"doNotRenderAtLod2": true,
	"blockmaterial": "Wood",
	"creativeinventory": { "general": ["*"], "decorative": ["*"], "medieval": ["*"] },
	"replaceable": 300,
	"liquidSelectable": 1,
	"resistance": 0.75,
	"maxStackSize": 1,
	"lightAbsorption": 0,
	"texturesByType": {
		"*-medieval": {
			"canteen": { "base": "block/leather/canteen/canteen" }
		}
	},
	"sidesolid": { "all": false },
	"sideopaque": { "all": false },
	"emitsideao": { "all": false },
		guiTransform: {
		translation: { x: 1, y: -4, z: 0 },
		rotation: { x: -30, y: -47, z: 0 },
		origin: { x: 0.5, y: 0.2, z: 0.5 },
		scale: 3.5
	},
	"groundTransform": { "scale": 4.5 },
		fpHandTransform: {
		translation: { x: 0.1, y: 0.5, z: 0.2 },
		rotation: { x: 0, y: -14, z: 0 },
		scale: 2.5
	},
		tpHandTransform: {
		translation: { x: -0.72, y: -0.22, z: -0.67 },
		rotation: { x: 90, y: 125, z: 90 },
		origin: { x: 0.5, y: 0.1, z: 0.5 },
		scale: 0.75
	}
}
