{
	code: "chain45",
	behaviors: [ {name: "HorizontalOrientable"} ],
	attributes: {
		canChisel: false
	},
	variantgroups: [
		{ code: "metal", states: [ "brass", "molybdochalkos" ] },
		{ code: "side", loadFromProperties: "abstract/horizontalorientation" }
	],
	creativeinventory: { "general": ["*-north"], "decorative": ["*-north"], "medieval": ["*-north"] },
	shapeByType: {
			"*-north": { base: "block/metal/chain45", rotateY: 0 },
			"*-west": { base: "block/metal/chain45", rotateY: 90 },
			"*-south": { base: "block/metal/chain45", rotateY: 180 },
			"*-east": { base: "block/metal/chain45", rotateY: 270 }

	},

	blockmaterial: "Metal",
	"textures": {
		"metal": { base: "block/metal/chain/{metal}" }
	},
	drawtype: "json",
	resistance: 3,
	faceCullMode: "NeverCull",
	lightAbsorption: 0,
	emitSideAo: {all: false },
	sidesolid: { all: false	},
	sideAo: { all: false },
	sideopaque: {all: false },
	collisionbox: null,
	selectionBox: {
		x1: 0, y1: 0, z1: 0, x2: 1, y2: 1, z2: 1,
		rotateYByType: {
			"*-east": 270,
			"*-west": 90,
			"*-south": 180
		}
	},
	sounds: {
		"place": "block/metal/chain2",
		"hit": "block/metal/hit1",
		"break": "block/metal/chain1",
		"walk": "block/metal/chain3"
	},
	tpHandTransform: {
		translation: { x: -1.23, y: -0.91, z: -0.8 },
		rotation: { x: -2, y: 25, z: -78 },
		scale: 0.4
	},
		guiTransform: {
		translation: { x: 0, y: -9, z: 0 },
		scale: 1.53
	}
}