{
	code: "craneo",
	behaviors: [ {name: "HorizontalOrientable"}, { name: "UnstableFalling", properties: { attachableFaces: [ "down"] }},
		{ "name": "RightClickPickup" } ],
	attributes: {
		canChisel: false
	},
	variantgroups: [
		{ code: "side", loadFromProperties: "abstract/horizontalorientation" }
	],
	creativeinventory: { "general": ["*-north"], "decorative": ["*-north"], "medieval": ["*-north"] },
	shapeByType: {
			"*-north": { base: "block/medieval/craneo2", rotateY: 0 },
			"*-west": { base: "block/medieval/craneo2", rotateY: 90 },
			"*-south": { base: "block/medieval/craneo2", rotateY: 180 },
			"*-east": { base: "block/medieval/craneo2", rotateY: 270 }

	},

	blockmaterial: "Stone",
	"textures": {
		"craneo": {base: "block/bonehumanoid"}
	},
	"replaceable": 300,
	drawtype: "json",
	resistance: 2,
	faceCullMode: "NeverCull",
	lightAbsorption: 0,
	emitSideAo: {all: false },
	sideAo: { all: false },
	sideopaque: {
		all: false
	},
	collisionbox: null,
	selectionBox: {
		x1: 0, y1: 0, z1: 0, x2: 1, y2: 0.125, z2: 1,
		rotateYByType: {
			"*-east": 270,
			"*-west": 90,
			"*-south": 180
		}
	},
	soundsByType: {
		"*": {
			"place": "game:block/planks",
			"break": "game:block/planks",
			"hit": "game:block/planks",
			"walk": "game:walk/wood"
		}
	},
	drops: [
		{ type: "block", code: "craneo-north" }],
	heldTpIdleAnimation: "holdbothhandslarge", heldTpUseAnimation: "twohandplaceblock",
	tpHandTransform: {
		translation: { x: -1.23, y: -0.91, z: -0.8 },
		rotation: { x: -2, y: 25, z: -78 },
		scale: 0.4
	},
		guiTransform: {
		translation: { x: 0, y: -12, z: 0 },
		rotation: { x: -22.6, y: -135, z: 0 },
		scale: 2
	},
		groundTransform: {
		translation: { x: 0, y: 0, z: 0 },
		rotation: { x: 0, y: -45, z: 0 },
		origin: { x: 0.5, y: 0, z: 0.5 },
		scale: 4.5
	},
		fpHandTransform: {
		translation: { x: 0, y: 0.65, z: 0.5 },
		rotation: { x: 0, y: -115, z: 0 },
		scale: 1.7
	}
}