{
	code: "leon",
	behaviors: [ {name: "HorizontalOrientable"}, { name: "UnstableFalling", properties: { attachableFaces: [ "down"] }} ],
	attributes: {
		canChisel: false
	},
	variantgroups: [
		{ code: "side", loadFromProperties: "abstract/horizontalorientation" }
	],
	creativeinventory: { "general": ["*-north"], "decorative": ["*-north"], "medieval": ["*-north"] },
	shapeByType: {
			"*-north": { base: "block/medieval/leon", rotateY: 0 },
			"*-west": { base: "block/medieval/leon", rotateY: 90 },
			"*-south": { base: "block/medieval/leon", rotateY: 180 },
			"*-east": { base: "block/medieval/leon", rotateY: 270 }

	},

	blockmaterial: "Stone",
	"textures": {
		"stone_leon": {base: "block/medieval/stone_leon"}
	},
	"replaceable": 300,
	drawtype: "json",
	resistance: 2,
	faceCullMode: "NeverCull",
	lightAbsorption: 0,
	emitSideAo: {all: false },
	sideAo: { all: false },
	sideopaque: {
		all: false
	},
	collisionbox: null,
	selectionBox: {
		x1: 0, y1: 0, z1: 0, x2: 1, y2: 0.125, z2: 1,
		rotateYByType: {
			"*-east": 270,
			"*-west": 90,
			"*-south": 180
		}
	},
	soundsByType: {
		"*": {
			"place": "game:block/planks",
			"break": "game:block/planks",
			"hit": "game:block/planks",
			"walk": "game:walk/wood"
		}
	},
	heldTpIdleAnimation: "holdbothhandslarge", heldTpUseAnimation: "twohandplaceblock",
		tpHandTransform: {
		translation: { x: -1.29, y: -0.77, z: -0.37 },
		rotation: { x: -2, y: 25, z: -78 },
		scale: 0.6
	},
		guiTransform: {
		translation: { x: 0, y: -6, z: 0 },
		rotation: { x: -22.6, y: -135, z: 0 },
		origin: { x: 0.5, y: 0.35, z: 0.5 },
		scale: 2
	},
		fpHandTransform: {
		translation: { x: 0, y: 0.25, z: 0.5 },
		rotation: { x: 0, y: -101, z: 0 }
	},
		groundTransform: {
		translation: { x: 0, y: 0, z: 0 },
		rotation: { x: 0, y: -45, z: 0 },
		origin: { x: 0.5, y: 0, z: 0.5 },
		scale: 3.5
	}
}