{
	code: "logsbridge",
	behaviors: [ {name: "HorizontalOrientable"} ],
	attributes: {
		canChisel: false
	},
	variantgroups: [
		{ code: "side", loadFromProperties: "abstract/horizontalorientation" }
	],
	creativeinventory: { "general": ["*-east"], "decorative": ["*-east"], "medieval": ["*-east"] },
	shapeByType: {
			"*-north": { base: "block/wood/logsbridge", rotateY: 0 },
			"*-west": { base: "block/wood/logsbridge", rotateY: 90 },
			"*-south": { base: "block/wood/logsbridge", rotateY: 0 },
			"*-east": { base: "block/wood/logsbridge", rotateY: 90 }

	},

	blockmaterial: "Wood",
	"textures": {
		"oak-dark": {  base: "block/wood/oak-dark" }
	},
	"replaceable": 300,
	drawtype: "json",
	resistance: 2,
	faceCullMode: "NeverCull",
	lightAbsorption: 0,
	emitSideAo: {all: false },
	sideAo: { all: false },
	sideopaque: {
		all: false
	},
	sidesolid: {
		all: false
	},	
	collisionbox: {
		x1: 0, y1: 0, z1: 0, x2: 1, y2: 0.1875, z2: 1,
		rotateYByType: {
			"*-east": 270,
			"*-west": 90,
			"*-south": 180
		}
	},
	selectionBox: {
		x1: 0, y1: 0, z1: 0, x2: 1, y2: 0.1875, z2: 1,
		rotateYByType: {
			"*-east": 270,
			"*-west": 90,
			"*-south": 180
		}
	},
	soundsByType: {
		"*": {
			"place": "game:block/planks",
			"break": "game:block/planks",
			"hit": "game:block/planks",
			"walk": "game:walk/wood"
		}
	},
	heldTpIdleAnimation: "holdbothhandslarge", heldTpUseAnimation: "twohandplaceblock",
		tpHandTransform: {
		translation: { x: -1.83, y: -0.91, z: -0.7 },
		rotation: { x: 0, y: 9, z: -78 },
		scale: 0.4
	},
		guiTransform: {
		translation: { x: 0, y: -9, z: 0 }
	}
}