{
	code: "stove",
	behaviors: [ {name: "HorizontalOrientable"}, { name: "UnstableFalling", properties: { attachableFaces: [ "down"] }} ],
	attributes: {
		canChisel: false
	},
	variantgroups: [
		{ code: "side", loadFromProperties: "abstract/horizontalorientation" }
	],
	creativeinventory: { "general": ["*-north"], "decorative": ["*-north"], "medieval": ["*-north"] },
	shapeByType: {
			"*-north": { base: "block/metal/stove", rotateY: 90 },
			"*-west": { base: "block/metal/stove", rotateY: 180 },
			"*-south": { base: "block/metal/stove", rotateY: 270 },
			"*-east": { base: "block/metal/stove", rotateY: 0 }

	},

	blockmaterial: "Metal",
	"textures": {
		"blackiron": {base: "block/medieval/blackiron"},
		"blackiron1": {base: "block/medieval/blackiron1"},
		"blackiron3": {base: "block/medieval/blackiron3"},
		"blackironhot": {base: "block/medieval/blackironhot"},
		"blackirontop": {base: "block/medieval/blackirontop"},
		"fire": {base: "block/medieval/fire"}
	},
	"replaceable": 300,
	lightHsv: [4, 2, 5],
	drawtype: "json",
	resistance: 3,
	faceCullMode: "NeverCull",
	lightAbsorption: 0,
	emitSideAo: {all: false },
	sideAo: { all: false },
	sideopaque: {
		all: false
	},
	sidesolid: {
		up: true,
		all: false
	},
	collisionbox: {
		x1: 0.125, y1: 0, z1: 0.125, x2: 0.875, y2: 1, z2: 0.875,
		rotateYByType: {
			"*-east": 270,
			"*-west": 90,
			"*-south": 180
		}
		},
	selectionBox: {
		x1: 0.125, y1: 0, z1: 0.125, x2: 0.875, y2: 1, z2: 0.875,
		rotateYByType: {
			"*-east": 270,
			"*-west": 90,
			"*-south": 180
		}
	},
	soundsByType: {
		"*": {
		"place": "game:block/metaldoor-place",
		"break": "game:block/metaldoor-place",
		"hit": "game:block/metaldoor-place"
		}
	},
	heldTpIdleAnimation: "holdbothhandslarge", heldTpUseAnimation: "twohandplaceblock",
	tpHandTransform: {
		translation: { x: -1.23, y: -0.91, z: -0.8 },
		rotation: { x: -2, y: 25, z: -78 },
		scale: 0.4
	},
		guiTransform: {
		translation: { x: 0, y: -6, z: 0 },
		rotation: { x: -22.6, y: -135, z: 0 },
		origin: { x: 0.5, y: 0.6, z: 0.5 },
		scale: 1.3
	},
		fpHandTransform: {
		rotation: { x: 0, y: -110, z: 0 }
	}
}