[
  {
    "op": "add",
    "path": "/variantgroups/0/states/19",
    "value": "skull",
    "file": "game:blocktypes/clay/storagevessel.json"
  },
  {
    "op": "add",
    "path": "/variantgroups/0/states/20",
    "value": "celtic",
    "file": "game:blocktypes/clay/storagevessel.json"
  },
  {
    "op": "add",
    "path": "/variantgroups/0/states/21",
    "value": "sky",
    "file": "game:blocktypes/clay/storagevessel.json"
  },
  {
    "op": "add",
    "path": "/variantgroups/0/states/22",
    "value": "vs",
    "file": "game:blocktypes/clay/storagevessel.json"
  },
  {
    "op": "add",
    "path": "/variantgroups/0/states/23",
    "value": "sea",
    "file": "game:blocktypes/clay/storagevessel.json"
  }
]