[
  {
    "op": "replace",
    "path": "/drops/0/quantityByType/*/avg",
    "value": 0.2,
    "file": "game:blocktypes/plant/leaves/normal.json"
  },
  {
    "op": "replace",
    "path": "/drops/0/quantityByType/*-acacia/avg",
    "value": 0.2,
    "file": "game:blocktypes/plant/leaves/normal.json"
  },
  {
    "op": "replace",
    "path": "/drops/0/quantityByType/*-crimsonkingmaple/avg",
    "value": 0.2,
    "file": "game:blocktypes/plant/leaves/normal.json"
  },
  {
    "op": "replace",
    "path": "/drops/0/quantityByType/*-ebony/avg",
    "value": 0.2,
    "file": "game:blocktypes/plant/leaves/normal.json"
  },
  {
    "op": "replace",
    "path": "/drops/0/quantityByType/*-larch/avg",
    "value": 0.2,
    "file": "game:blocktypes/plant/leaves/normal.json"
  },
  {
    "op": "replace",
    "path": "/drops/0/quantityByType/*-pine/avg",
    "value": 0.2,
    "file": "game:blocktypes/plant/leaves/normal.json"
  },
  {
    "op": "replace",
    "path": "/drops/0/quantityByType/*-purpleheart/avg",
    "value": 0.2,
    "file": "game:blocktypes/plant/leaves/normal.json"
  },
  {
    "op": "replace",
    "path": "/drops/0/quantityByType/*-redwood/avg",
    "value": 0.2,
    "file": "game:blocktypes/plant/leaves/normal.json"
  },
  {
    "op": "replace",
    "path": "/drops/1/quantity/avg",
    "value": 0.2,
    "file": "game:blocktypes/plant/leaves/normal.json"
  }
]