{
	"code": "bigbowl",
	"classByType": {
		"*-medieval": "BlockLiquidContainerTopOpened"
	},
	"behaviors": [
		{ "name": "GroundStorable", "properties": { "layout": "Quadrants", "collisionBox": { "x1": 0, "y1": 0, "z1": 0, "x2": 1, "y2": 0.125, "z2": 1 } } },
		{ "name": "Unplaceable", "__comment": "The ground storable obsoletes this being a block. Should be an item, but is kept a block for backwards compatibility" },	
		{ "name": "RightClickPickup"} 
	],
	"variantgroups": [
		{ "code":"type", "states": [ "medieval"] }
	],
	"attributesByType": {
		"*-medieval": {
			"shelvable": true,
			"liquidContainerProps": {
				"capacityLitres": 1,
				"transferSizeLitres": 0.1,
				"emptyShapeLoc": "medieval:block/clay/bigbowl/bigbowl-empty-ground",
				"opaqueContentShapeLoc": "medieval:block/clay/bigbowl/bigbowl-contents",
				"liquidContentShapeLoc": "medieval:block/clay/bigbowl/bigbowl-liquidcontents",
				"liquidMaxYTranslate": 0.05
			},
			"mealContainer": true,
			"mealBlockCode": "medieval:bigbowl-meal",
			"servingCapacity": 1,
			"bowlContents": null,
			"groundStorageTransform": {
			"translation": { "x": 0, "y": 0.1, "z": 0 },
			"scale": 1.2 }
		}
	},
	"shape": {
		"base": "medieval:block/clay/bigbowl/bigbowl-empty-ground"
	},
	"heldTpIdleAnimation": "holdbothhands",
	"doNotRenderAtLod2": true,
	"blockmaterial": "Ceramic",
	"creativeinventoryStacksByType": {
		"*-medieval":
		[
			{ 
				"tabs": ["general", "decorative", "medieval"],
				"stacks": [
					{ "type": "block", "code": "bigbowl-medieval", "attributes": { "ucontents": [{ "type": "item", "code": "game:waterportion", "makefull": true }] } },
					{ "type": "block", "code": "bigbowl-medieval", "attributes": { "ucontents": [{ "type": "item", "code": "game:honeyportion", "makefull": true }] } },
					{ "type": "block", "code": "bigbowl-medieval" }
				]
			}
		]
	},
	"replaceable": 300,
	"liquidSelectable": 1,
	"resistance": 0.75,
	"maxStackSize": 64,
	"lightAbsorption": 0,
	"texturesByType": {
		"*-honey": {
			"content": { "base": "game:block/liquid/honey" }
		},
		"*-milk": {
			"content": { "base": "game:block/food/dairy/milk" }
		}
	},
	"sounds": {
		"walk": "game:walk/stone"
	},
	"sideopaque": {
		"all": false
	},
	"sidesolid": {
		"all": false
	},
	"collisionbox": { "x1": 0.3125, "y1": 0, "z1": 0.3125, "x2": 0.6875, "y2": 0.125, "z2": 0.6875 },
	"selectionbox": { "x1": 0.3125, "y1": 0, "z1": 0.3125, "x2": 0.6875, "y2": 0.125, "z2": 0.6875 },
	"guiTransform": {
		"translation": { "x": 0, "y": 3, "z": 0 },
		"origin": { "x": 0.5, "y": 0.0625, "z": 0.5 },
		"scale": 3
	},
	"groundTransform": {
		"scale": 4
	},
	"fpHandTransform": {
		"translation": { "x": 0, "y": 0.4, "z": 0 },
		"rotation": { "x": 0, "y": -14, "z": 0 },
		"scale": 2
	},
		"tpHandTransform": {
		"translation": { "x": -0.79, "y": -0.14, "z": -0.54 },
		"rotation": { "x": -50, "y": 15, "z": -103 },
		"origin": { "x": 0.5, "y": 0.1, "z": 0.5 },
		"scale": 0.8
	}
}