{
	code: "medievalcandle",
	class: "BlockTorch",
	behaviorsByType: {
		"*-up": [ {name: "UnstableFalling", properties: { ignorePlaceTest: true, attachmentArea: { x1: 5, y1: 15, z1: 5, x2: 10, y2: 16, z2: 10 } } }, { name: "RightClickPickup"} ],
		"*": [ { name: "RightClickPickup"} ]
	},
	attributes: {
		attachmentAreas: {
			"down": { x1: 5, y1: 0, z1: 5, x2: 10, y2: 0, z2: 10 },
			"north": { x1: 7, y1: 6, z1: 15, x2: 8, y2: 7, z2: 15, rotateY: 180 },
			"east": { x1: 7, y1: 6, z1: 15, x2: 8, y2: 7, z2: 15, rotateY: 270 },
			"south": { x1: 7, y1: 6, z1: 15, x2: 8, y2: 7, z2: 15, rotateY: 0 },
			"west": { x1: 7, y1: 6, z1: 15, x2: 8, y2: 7, z2: 15, rotateY: 90 },
		}
	},
	storageFlags: 257,
	variantgroups: [
		{ code: "orientation", states: ["up"], combine: "add" },
		{ code: "orientation", loadFromProperties: "abstract/horizontalorientation" }
	],
	shapebytype: {
		"*-up": { base: "medieval:block/medieval/medievaloillamp3" },
		"*-north": { base: "medieval:block/medieval/medievaloillamp4", rotateY: 0 },
		"*-east": { base: "medieval:block/medieval/medievaloillamp4", rotateY: 270 },
		"*-south": { base: "medieval:block/medieval/medievaloillamp4", rotateY: 180 },
		"*-west": { base: "medieval:block/medieval/medievaloillamp4", rotateY: 90 }
	},
	doNotRenderAtLod2: true,
	sidesolid: {
		all: false
	},
	sideopaque: {
		all: false
	},
	sounds: {
		place: "game:player/build"
	},
	creativeinventory: { "general": ["*-up"], "decorative": ["*-up"], "medieval": ["*-up"] },
	replaceable: 5001,
	resistance: 0.5,
	maxStackSize: 32,
	lightAbsorption: 0,
	lightHsv: [4, 2, 12],
	textures: {
		"content": { base: "game:block/fire"  }
	},
	particleProperties: [
		{
			hsvaColor: [{ avg: 20, var: 20 }, { avg: 255, var: 50 }, { avg: 255, var: 50 },  { avg: 255, var: 0 }],
			gravityEffect: { avg: 0, var: 0 },
			posOffset: [ { avg: 0, var: 0.1 }, { avg: 0, var: 0 }, { avg: 0, var: 0.1 }],
			velocity: [ { avg: 0, var: 0.025 }, { avg: 0.1, var: 0.1 }, { avg: 0, var: 0.025 }],
			quantity: { avg: 0.015 },
			size: { avg: 0.5, var: 0 },
			sizeEvolve: { transform: "quadratic", factor: -0.7 },
			lifeLength: { avg: 1.5 },
			vertexFlags: 128
		},
		{
			hsvaColor: [{ avg: 0, var: 0 }, { avg: 0, var: 0 }, { avg: 40, var: 30 },  { avg: 220, var: 50 }],
			opacityEvolve: { transform: "quadratic", factor: -16 },
			gravityEffect: { avg: 0, var: 0 },
			posOffset: [ { avg: 0, var: 0.1 }, { avg: 0, var: 0 }, { avg: 0, var: 0.1 }],
			velocity: [ { avg: 0, var: 0.025 }, { avg: 0.05, var: 0.1 }, { avg: 0, var: 0.025 }],
			quantity: { avg: 0.05 },
			size: { avg: 0.3125, var: 0.05 },
			sizeEvolve: { transform: "linear", factor: 0.5 },
			particleModel: "Quad"
		}
	],
	collisionbox: null,
	selectionboxbytype: {
		"*-up": { x1: 0.3125, y1: 0, z1: 0.3125, x2: 0.6875, y2: 0.6875, z2: 0.6875 },
		"*-east": { x1: 0.3125, y1: 0.3125, z1: 0.5625, x2: 0.6875, y2: 0.8125, z2: 1, rotateY: 270 },
		"*-south": { x1: 0.3125, y1: 0.3125, z1: 0.5625, x2: 0.6875, y2: 0.8125, z2: 1, rotateY: 180 },
		"*-west": { x1: 0.3125, y1: 0.3125, z1: 0.5625, x2: 0.6875, y2: 0.8125, z2: 1, rotateY: 90 },
		"*-north": { x1: 0.3125, y1: 0.3125, z1: 0.5625, x2: 0.6875, y2: 0.8125, z2: 1, rotateY: 0 }
	},
	blockmaterial: "Other",
		fpHandTransform: {
		translation: { x: 0.09, y: 0.55, z: 0.6 },
		rotation: { x: 2, y: -66, z: 0 },
		scale: 2
	},
		guiTransform: {
		translation: { x: 0, y: 14, z: 0 },
		rotation: { x: -21, y: 0, z: 0 },
		origin: { x: 0.5, y: 0.0625, z: 0.5 },
		scale: 2.2
	},
	groundTransform: {
		scale: 2.5
	},
		tpHandTransform: {
		translation: { x: -0.68, y: -0.15, z: -0.73 },
		rotation: { x: 0, y: 7, z: -90 },
		origin: { x: 0.5, y: 0.1, z: 0.5 },
		scale: 0.66
	},
		tpOffHandTransform: {
		translation: { x: -0.62, y: -0.1699, z: -0.74 },
		rotation: { x: 110, y: -1, z: -97 },
		origin: { x: 0.5, y: 0.1, z: 0.5 },
		scale: 0.66
	},
	rainPermeable: true,
	materialDensity: 600
}