{
	code: "wormlamp",
	class: "BlockTorch",
	behaviorsByType: {
		"*-up": [ {name: "UnstableFalling", properties: { ignorePlaceTest: true, attachmentArea: { x1: 5, y1: 15, z1: 5, x2: 10, y2: 16, z2: 10 } } }, { name: "RightClickPickup"} ],
		"*": [ { name: "RightClickPickup"} ]
	},
	attributes: {
		attachmentAreas: {
			"down": { x1: 5, y1: 0, z1: 5, x2: 10, y2: 0, z2: 10 },
			"north": { x1: 7, y1: 6, z1: 15, x2: 8, y2: 7, z2: 15, rotateY: 180 },
			"east": { x1: 7, y1: 6, z1: 15, x2: 8, y2: 7, z2: 15, rotateY: 270 },
			"south": { x1: 7, y1: 6, z1: 15, x2: 8, y2: 7, z2: 15, rotateY: 0 },
			"west": { x1: 7, y1: 6, z1: 15, x2: 8, y2: 7, z2: 15, rotateY: 90 },
		}
	},
	storageFlags: 257,
	variantgroups: [
		{ code: "orientation", states: ["up"], combine: "add" },
		{ code: "orientation", loadFromProperties: "abstract/horizontalorientation" }
	],
	shapebytype: {
		"*-up": { base: "game:block/clay/bowl-ground-glowing" },
		"*-north": { base: "game:block/clay/bowl-wall", rotateY: 0 },
		"*-east": { base: "game:block/clay/bowl-wall", rotateY: 270 },
		"*-south": { base: "game:block/clay/bowl-wall", rotateY: 180 },
		"*-west": { base: "game:block/clay/bowl-wall", rotateY: 90 }
	},
	doNotRenderAtLod2: true,
	sidesolid: {
		all: false
	},
	sideopaque: {
		all: false
	},
	sounds: {
		place: "game:player/build"
	},
	creativeinventory: { "general": ["*-up"], "decorative": ["*-up"], "medieval": ["*-up"] },
	replaceable: 5001,
	resistance: 0.5,
	maxStackSize: 32,
	lightAbsorption: 0,
	lightHsv: [34, 7, 10],
	textures: {
		"content": { base: "block/worm"  }
	},
	collisionbox: null,
	selectionboxbytype: {
		"*-up": { x1: 0.3125, y1: 0, z1: 0.3125, x2: 0.6875, y2: 0.125, z2: 0.6875 },
		"*-east": { x1: 0.3125, y1: 0.3125, z1: 0.5625, x2: 0.6875, y2: 0.5, z2: 1, rotateY: 270 },
		"*-south": { x1: 0.3125, y1: 0.3125, z1: 0.5625, x2: 0.6875, y2: 0.5, z2: 1, rotateY: 180 },
		"*-west": { x1: 0.3125, y1: 0.3125, z1: 0.5625, x2: 0.6875, y2: 0.5, z2: 1, rotateY: 90 },
		"*-north": { x1: 0.3125, y1: 0.3125, z1: 0.5625, x2: 0.6875, y2: 0.5, z2: 1, rotateY: 0 }
	},
	blockmaterial: "Other",
	fpHandTransform: {
		translation: { x: 0.29, y: -0.1, z: 0 },
		scale: 2
	},
	guiTransform: {
		translation: { x: 0, y: 4, z: 0 },
		origin: { x: 0.5, y: 0.0625, z: 0.5 },
		scale: 3
	},
	groundTransform: {
		scale: 2.5
	},
	tpHandTransform: {
		translation: { x: -0.83, y: -0.13, z: -0.73 },
		rotation: { x: -43, y: 0, z: -89 },
		origin: { x: 0.5, y: 0.1, z: 0.5 },
		scale: 0.66
	},
	rainPermeable: true,
	materialDensity: 600
}