[
  {
    "file": "game:blocktypes/wood/woodtyped/plankslab.json",
    "side": "server",
    "op": "add",
    "path": "/attributes",
    "value": { "workStationTransforms": 
      {
        "idgChoppingBlockProps": {               
          "idgChoppingBlockTransform": {
            "translation": {
            "x": 0,
            "y": 0.1125,
            "z": 0,
            "scale": 0.95
            },
            "rotation": {
            "x": 0,
            "y": 0,
            "z": 0
            },
            "origin": {
            "x": 0.5,
            "y": 0,
            "z": 0.5
            }
          }
        }
      }
    }
  }
]