{
	"code": "pulpa",
	"maxstacksize": 64,
	"materialDensityByType": {
		"pulpa": 600
	},
	"attributes": {
		"juiceablePropertiesByType": {
			"*": {
				"litresPerItem": 0.3125,
				"liquidStack": { "type": "item", "code": "game:waterportion", "stacksize": 1 },
				"pressedStack": { "type": "item", "code": "medieval:pulpaprensada", "stacksize": 1 }
			}
		}
	},
	"shapebytype": { 
		"pulpa": { "base": "medieval:item/pulpa" }
	},
	"creativeinventory": { "general": ["*"], "items": ["*"], "medieval": ["*"] },
	"guiTransform": {
		"rotation": { "x": 142, "y": -35, "z": 0 },
		"origin": { "x": 0.48, "y": 0.09, "z": 0.5 },
		"scale": 2.2
	},
	"fpHandTransform": {
		"translation": { "x": 0.0468, "y": -0.1, "z": 0 },
		"rotation": { "x": 6, "y": 49, "z": 20 }
	},
	"tpHandTransform": {
		"translation": { "x": -1.9, "y": -1.6, "z": -1.2 },
		"rotation": { "x": -25, "y": 15, "z": -92 }
	},
	"groundTransform": {
		"translation": { "x": 0, "y": 0.17, "z": 0 },
		"rotation": { "x": -1, "y": 0, "z": 0 },
		"origin": { "x": 0.5, "y": 0.17, "z": 0.5 },
		"scale": 5
	}
	}
