{
	code: "metalbar",
	variantgroups: [ { code:"metal", states: ["molybdochalkos", "silver" , "gold", "copper", "brass"] } ],


	shape: { "base": "medieval:item/resource/metalbar" },
	textures: { "metal": { base: "medieval:block/metal/ingot/{metal}" } },

	creativeinventory: { "general": ["*"], "items": ["*"], "medieval": ["*"] },
	maxstacksize: 128,
	materialDensity: 600,

	fpHandTransform: {
		translation: { x: -0.1, y: -0.3, z: 0.3 },
		rotation: { x: -14, y: -3, z: 88 },
		origin: { x: 0.2, y: 0.5, z: 0.5 },
		scale: 2.5
		},
	guiTransform: {
		translation: { x: 0, y: 0, z: 0 },
		rotation: { x: -63, y: -123, z: -180 },
		origin: { x: 0.61, y: 0, z: 0.47 },
		scale: 1.58
		},
	groundTransform: {
		translation: { x: 0, y: 0, z: 0 },
		rotation: { x: 0, y: 0, z: 0 },
		origin: { x: 0.5, y: 0, z: 0.5 },
		scale: 3.6
		},
	tpHandTransform: {
		translation: { x: -0.89, y: -0.5, z: -0.1 },
		rotation: { x: 90, y: 0, z: -10 },
		scale: 0.95
		}
	
}